CREATE TABLE IF NOT EXISTS "admin_interface_theme" ("id" integer NOT NULL PRIMARY KEY AUTOINCREMENT, "name" varchar(50) NOT NULL UNIQUE, "active" bool NOT NULL, "title" varchar(50) NOT NULL, "title_visible" bool NOT NULL, "logo" varchar(100) NOT NULL, "logo_visible" bool NOT NULL, "css_header_background_color" varchar(10) NOT NULL, "css_header_text_color" varchar(10) NOT NULL, "css_header_link_color" varchar(10) NOT NULL, "css_header_link_hover_color" varchar(10) NOT NULL, "css_module_background_color" varchar(10) NOT NULL, "css_module_text_color" varchar(10) NOT NULL, "css_module_link_color" varchar(10) NOT NULL, "css_module_link_hover_color" varchar(10) NOT NULL, "css_module_rounded_corners" bool NOT NULL, "css_generic_link_color" varchar(10) NOT NULL, "css_generic_link_hover_color" varchar(10) NOT NULL, "css_save_button_background_color" varchar(10) NOT NULL, "css_save_button_background_hover_color" varchar(10) NOT NULL, "css_save_button_text_color" varchar(10) NOT NULL, "css_delete_button_background_color" varchar(10) NOT NULL, "css_delete_button_background_hover_color" varchar(10) NOT NULL, "css_delete_button_text_color" varchar(10) NOT NULL, "list_filter_dropdown" bool NOT NULL, "related_modal_active" bool NOT NULL, "related_modal_background_color" varchar(10) NOT NULL, "related_modal_rounded_corners" bool NOT NULL, "logo_color" varchar(10) NOT NULL, "title_color" varchar(10) NOT NULL, "recent_actions_visible" bool NOT NULL, "favicon" varchar(100) NOT NULL, "related_modal_background_opacity" varchar(5) NOT NULL, "env_name" varchar(50) NOT NULL, "env_color" varchar(10) NOT NULL, "env_visible_in_header" bool NOT NULL, "env_visible_in_favicon" bool NOT NULL, "related_modal_close_button_visible" bool NOT NULL, "language_chooser_active" bool NOT NULL, "language_chooser_display" varchar(10) NOT NULL, "list_filter_sticky" bool NOT NULL, "form_pagination_sticky" bool NOT NULL, "form_submit_sticky" bool NOT NULL, "css_module_background_selected_color" varchar(10) NOT NULL, "css_module_link_selected_color" varchar(10) NOT NULL, "logo_max_height" smallint unsigned NOT NULL CHECK ("logo_max_height" >= 0), "logo_max_width" smallint unsigned NOT NULL CHECK ("logo_max_width" >= 0), "foldable_apps" bool NOT NULL);
INSERT INTO "admin_interface_theme" VALUES(1,'App 001',1,'Administración App001',1,'',1,'#0C4B33','#44B78B','#FFFFFF','#C9F0DD','#44B78B','#FFFFFF','#FFFFFF','#C9F0DD',1,'#0C3C26','#156641','#0C4B33','#0C3C26','#FFFFFF','#BA2121','#A41515','#FFFFFF',1,1,'#000000',1,'#FFFFFF','#F5DD5D',1,'','0.3','','#E74C3C',1,1,1,1,'code',1,0,0,'#FFFFCC','#FFFFFF',100,400,1);
CREATE UNIQUE INDEX "auth_group_permissions_group_id_permission_id_0cd325b0_uniq" ON "auth_group_permissions" ("group_id", "permission_id");
CREATE INDEX IF NOT EXISTS "auth_group_permissions_group_id_b120cbf9" ON "auth_group_permissions" ("group_id");
CREATE INDEX IF NOT EXISTS "auth_group_permissions_permission_id_84c5c92e" ON "auth_group_permissions" ("permission_id");
CREATE UNIQUE INDEX "auth_user_groups_user_id_group_id_94350c0c_uniq" ON "auth_user_groups" ("user_id", "group_id");
CREATE INDEX IF NOT EXISTS "auth_user_groups_user_id_6a12ed8b" ON "auth_user_groups" ("user_id");
CREATE INDEX IF NOT EXISTS "auth_user_groups_group_id_97559544" ON "auth_user_groups" ("group_id");
CREATE UNIQUE INDEX "auth_user_user_permissions_user_id_permission_id_14a6b632_uniq" ON "auth_user_user_permissions" ("user_id", "permission_id");
CREATE INDEX IF NOT EXISTS "auth_user_user_permissions_user_id_a95ead1b" ON "auth_user_user_permissions" ("user_id");
CREATE INDEX IF NOT EXISTS "auth_user_user_permissions_permission_id_1fbb5f2c" ON "auth_user_user_permissions" ("permission_id");
CREATE INDEX IF NOT EXISTS "django_admin_log_content_type_id_c4bce8eb" ON "django_admin_log" ("content_type_id");
CREATE INDEX IF NOT EXISTS "django_admin_log_user_id_c564eba6" ON "django_admin_log" ("user_id");
CREATE UNIQUE INDEX "django_content_type_app_label_model_76bd3d3b_uniq" ON "django_content_type" ("app_label", "model");
CREATE UNIQUE INDEX "auth_permission_content_type_id_codename_01ab375a_uniq" ON "auth_permission" ("content_type_id", "codename");
CREATE INDEX IF NOT EXISTS "auth_permission_content_type_id_2f476e4b" ON "auth_permission" ("content_type_id");
CREATE INDEX IF NOT EXISTS "django_session_expire_date_a5c62663" ON "django_session" ("expire_date");
CREATE INDEX IF NOT EXISTS "app001_netbook_escuela_id_04ca6ef1" ON "app001_netbook" ("escuela_id");
CREATE INDEX IF NOT EXISTS "app001_actividad_autor_id_c30a0f48" ON "app001_actividad" ("autor_id");
CREATE INDEX IF NOT EXISTS "app001_informe_autor_id_1b992dce" ON "app001_informe" ("autor_id");
CREATE INDEX IF NOT EXISTS "app001_informe_escuela_id_03023463" ON "app001_informe" ("escuela_id");
CREATE TABLE IF NOT EXISTS "app001_actividad" ("id" integer NOT NULL PRIMARY KEY AUTOINCREMENT, "fecha" datetime NOT NULL, "tipo_actividad" varchar(100) NOT NULL, "entidad" varchar(100) NOT NULL, "autor_id" integer NOT NULL REFERENCES "auth_user" ("id") DEFERRABLE INITIALLY DEFERRED);
INSERT INTO "app001_actividad" VALUES(1,'2022-05-17 01:46:09.287480','creacion','184',1);
INSERT INTO "app001_actividad" VALUES(2,'2022-05-17 01:46:09.339445','creacion','185',1);
INSERT INTO "app001_actividad" VALUES(3,'2022-05-17 01:46:09.389413','creacion','186',1);
INSERT INTO "app001_actividad" VALUES(4,'2022-05-17 01:46:09.434387','creacion','187',1);
INSERT INTO "app001_actividad" VALUES(5,'2022-05-17 01:46:09.478356','creacion','188',1);
INSERT INTO "app001_actividad" VALUES(6,'2022-05-17 01:46:09.523972','creacion','189',1);
INSERT INTO "app001_actividad" VALUES(7,'2022-05-17 01:46:09.570944','creacion','190',1);
INSERT INTO "app001_actividad" VALUES(8,'2022-05-17 01:46:09.619086','creacion','191',1);
INSERT INTO "app001_actividad" VALUES(9,'2022-05-17 01:46:09.666147','creacion','192',1);
INSERT INTO "app001_actividad" VALUES(10,'2022-05-17 01:46:09.712829','creacion','193',1);
INSERT INTO "app001_actividad" VALUES(11,'2022-05-17 01:46:09.760199','creacion','194',1);
INSERT INTO "app001_actividad" VALUES(12,'2022-05-17 01:46:09.801925','creacion','195',1);
INSERT INTO "app001_actividad" VALUES(13,'2022-05-17 01:46:09.848267','creacion','196',1);
INSERT INTO "app001_actividad" VALUES(14,'2022-05-17 01:46:09.895235','creacion','197',1);
INSERT INTO "app001_actividad" VALUES(15,'2022-05-17 01:46:09.937763','creacion','198',1);
INSERT INTO "app001_actividad" VALUES(16,'2022-05-17 01:46:09.984730','creacion','199',1);
INSERT INTO "app001_actividad" VALUES(17,'2022-05-17 01:46:10.031701','creacion','200',1);
INSERT INTO "app001_actividad" VALUES(18,'2022-05-17 01:46:10.077671','creacion','201',1);
INSERT INTO "app001_actividad" VALUES(19,'2022-05-17 01:46:10.132634','creacion','202',1);
INSERT INTO "app001_actividad" VALUES(20,'2022-05-17 01:46:10.180605','creacion','203',1);
INSERT INTO "app001_actividad" VALUES(21,'2022-05-17 01:46:10.226575','creacion','204',1);
INSERT INTO "app001_actividad" VALUES(22,'2022-05-17 01:46:10.272544','creacion','205',1);
INSERT INTO "app001_actividad" VALUES(23,'2022-05-17 01:46:10.320517','creacion','206',1);
INSERT INTO "app001_actividad" VALUES(24,'2022-05-17 01:46:10.368484','creacion','207',1);
INSERT INTO "app001_actividad" VALUES(25,'2022-05-17 01:46:10.416454','creacion','208',1);
INSERT INTO "app001_actividad" VALUES(26,'2022-05-17 01:46:10.467420','creacion','209',1);
INSERT INTO "app001_actividad" VALUES(27,'2022-05-17 01:46:10.517391','creacion','210',1);
INSERT INTO "app001_actividad" VALUES(28,'2022-05-17 01:46:10.574354','creacion','211',1);
INSERT INTO "app001_actividad" VALUES(29,'2022-05-17 01:46:10.629320','creacion','212',1);
INSERT INTO "app001_actividad" VALUES(30,'2022-05-17 01:46:10.683282','creacion','213',1);
INSERT INTO "app001_actividad" VALUES(31,'2022-05-17 01:48:51.890838','creacion','Netbook id: 214',1);
INSERT INTO "app001_actividad" VALUES(32,'2022-05-17 01:48:51.959694','creacion','Netbook id: 215',1);
INSERT INTO "app001_actividad" VALUES(33,'2022-05-17 01:48:52.012645','creacion','Netbook id: 216',1);
INSERT INTO "app001_actividad" VALUES(34,'2022-05-17 01:48:52.067913','creacion','Netbook id: 217',1);
INSERT INTO "app001_actividad" VALUES(35,'2022-05-17 01:48:52.122007','creacion','Netbook id: 218',1);
INSERT INTO "app001_actividad" VALUES(36,'2022-05-17 01:48:52.175137','creacion','Netbook id: 219',1);
INSERT INTO "app001_actividad" VALUES(37,'2022-05-17 01:48:52.228103','creacion','Netbook id: 220',1);
INSERT INTO "app001_actividad" VALUES(38,'2022-05-17 01:48:52.287239','creacion','Netbook id: 221',1);
INSERT INTO "app001_actividad" VALUES(39,'2022-05-17 01:48:52.338209','creacion','Netbook id: 222',1);
INSERT INTO "app001_actividad" VALUES(40,'2022-05-17 01:48:52.393139','creacion','Netbook id: 223',1);
INSERT INTO "app001_actividad" VALUES(41,'2022-05-17 01:48:52.455759','creacion','Netbook id: 224',1);
INSERT INTO "app001_actividad" VALUES(42,'2022-05-17 01:48:52.521716','creacion','Netbook id: 225',1);
INSERT INTO "app001_actividad" VALUES(43,'2022-05-17 01:48:52.606664','creacion','Netbook id: 226',1);
INSERT INTO "app001_actividad" VALUES(44,'2022-05-17 01:48:52.669621','creacion','Netbook id: 227',1);
INSERT INTO "app001_actividad" VALUES(45,'2022-05-17 01:48:52.751568','creacion','Netbook id: 228',1);
INSERT INTO "app001_actividad" VALUES(46,'2022-05-17 01:48:52.813529','creacion','Netbook id: 229',1);
INSERT INTO "app001_actividad" VALUES(47,'2022-05-17 01:48:52.862498','creacion','Netbook id: 230',1);
INSERT INTO "app001_actividad" VALUES(48,'2022-05-17 01:48:52.909467','creacion','Netbook id: 231',1);
INSERT INTO "app001_actividad" VALUES(49,'2022-05-17 01:48:52.955438','creacion','Netbook id: 232',1);
INSERT INTO "app001_actividad" VALUES(50,'2022-05-17 01:48:53.090352','creacion','Netbook id: 233',1);
INSERT INTO "app001_actividad" VALUES(51,'2022-05-17 01:48:53.139321','creacion','Netbook id: 234',1);
INSERT INTO "app001_actividad" VALUES(52,'2022-05-17 01:48:53.257245','creacion','Netbook id: 235',1);
INSERT INTO "app001_actividad" VALUES(53,'2022-05-17 01:48:53.350184','creacion','Netbook id: 236',1);
INSERT INTO "app001_actividad" VALUES(54,'2022-05-17 01:48:53.413145','creacion','Netbook id: 237',1);
INSERT INTO "app001_actividad" VALUES(55,'2022-05-17 01:48:53.467111','creacion','Netbook id: 238',1);
INSERT INTO "app001_actividad" VALUES(56,'2022-05-17 01:48:53.589033','creacion','Netbook id: 239',1);
INSERT INTO "app001_actividad" VALUES(57,'2022-05-17 01:48:53.694966','creacion','Netbook id: 240',1);
INSERT INTO "app001_actividad" VALUES(58,'2022-05-17 01:48:53.791903','creacion','Netbook id: 241',1);
INSERT INTO "app001_actividad" VALUES(59,'2022-05-17 01:48:53.843872','creacion','Netbook id: 242',1);
INSERT INTO "app001_actividad" VALUES(60,'2022-05-17 01:48:53.929815','creacion','Netbook id: 243',1);
INSERT INTO "app001_actividad" VALUES(61,'2022-05-17 03:01:08.175712','creacion','Escuela id: 50',1);
INSERT INTO "app001_actividad" VALUES(62,'2022-05-17 03:01:08.270652','creacion','Netbook id: 244',1);
INSERT INTO "app001_actividad" VALUES(63,'2022-05-17 03:01:08.409561','creacion','Netbook id: 245',1);
INSERT INTO "app001_actividad" VALUES(64,'2022-05-17 03:01:08.630419','creacion','Netbook id: 246',1);
INSERT INTO "app001_actividad" VALUES(65,'2022-05-17 03:01:08.690384','creacion','Netbook id: 247',1);
INSERT INTO "app001_actividad" VALUES(66,'2022-05-17 03:01:08.756340','creacion','Netbook id: 248',1);
INSERT INTO "app001_actividad" VALUES(67,'2022-05-17 03:01:08.807307','creacion','Netbook id: 249',1);
INSERT INTO "app001_actividad" VALUES(68,'2022-05-17 03:01:08.853276','creacion','Netbook id: 250',1);
INSERT INTO "app001_actividad" VALUES(69,'2022-05-17 03:01:08.901248','creacion','Netbook id: 251',1);
INSERT INTO "app001_actividad" VALUES(70,'2022-05-17 03:01:08.950216','creacion','Netbook id: 252',1);
INSERT INTO "app001_actividad" VALUES(71,'2022-05-17 03:01:08.994186','creacion','Netbook id: 253',1);
INSERT INTO "app001_actividad" VALUES(72,'2022-05-17 03:01:09.042157','creacion','Netbook id: 254',1);
INSERT INTO "app001_actividad" VALUES(73,'2022-05-17 03:01:09.090125','creacion','Netbook id: 255',1);
INSERT INTO "app001_actividad" VALUES(74,'2022-05-17 03:01:09.140094','creacion','Netbook id: 256',1);
INSERT INTO "app001_actividad" VALUES(75,'2022-05-17 03:01:09.194060','creacion','Netbook id: 257',1);
INSERT INTO "app001_actividad" VALUES(76,'2022-05-17 03:01:09.242030','creacion','Netbook id: 258',1);
INSERT INTO "app001_actividad" VALUES(77,'2022-05-17 03:01:09.290998','creacion','Netbook id: 259',1);
INSERT INTO "app001_actividad" VALUES(78,'2022-05-17 03:01:09.340965','creacion','Netbook id: 260',1);
INSERT INTO "app001_actividad" VALUES(79,'2022-05-17 03:01:09.387935','creacion','Netbook id: 261',1);
INSERT INTO "app001_actividad" VALUES(80,'2022-05-17 03:01:09.437905','creacion','Netbook id: 262',1);
INSERT INTO "app001_actividad" VALUES(81,'2022-05-17 03:01:09.525848','creacion','Netbook id: 263',1);
INSERT INTO "app001_actividad" VALUES(82,'2022-05-17 03:01:09.574816','creacion','Netbook id: 264',1);
INSERT INTO "app001_actividad" VALUES(83,'2022-05-17 03:01:09.623783','creacion','Netbook id: 265',1);
INSERT INTO "app001_actividad" VALUES(84,'2022-05-17 03:01:09.673752','creacion','Netbook id: 266',1);
INSERT INTO "app001_actividad" VALUES(85,'2022-05-17 03:01:09.724721','creacion','Netbook id: 267',1);
INSERT INTO "app001_actividad" VALUES(86,'2022-05-17 03:01:09.779684','creacion','Netbook id: 268',1);
INSERT INTO "app001_actividad" VALUES(87,'2022-05-17 03:01:09.836648','creacion','Netbook id: 269',1);
INSERT INTO "app001_actividad" VALUES(88,'2022-05-17 03:01:09.935400','creacion','Netbook id: 270',1);
INSERT INTO "app001_actividad" VALUES(89,'2022-05-17 03:01:10.007354','creacion','Netbook id: 271',1);
INSERT INTO "app001_actividad" VALUES(90,'2022-05-17 03:01:10.060323','creacion','Netbook id: 272',1);
INSERT INTO "app001_actividad" VALUES(91,'2022-05-17 03:01:10.108290','creacion','Netbook id: 273',1);
INSERT INTO "app001_actividad" VALUES(92,'2022-05-17 03:01:10.210228','consulta','Escuelas',1);
INSERT INTO "app001_actividad" VALUES(93,'2022-05-17 03:01:16.224204','consulta','Escuelas',1);
INSERT INTO "app001_actividad" VALUES(94,'2022-05-17 03:01:24.884114','consulta','Escuelas',1);
INSERT INTO "app001_actividad" VALUES(95,'2022-05-17 03:04:30.659368','consulta','Escuelas',1);
INSERT INTO "app001_actividad" VALUES(96,'2022-05-17 03:04:41.914593','consulta','Escuelas',1);
INSERT INTO "app001_actividad" VALUES(97,'2022-05-17 03:04:56.957490','consulta','Escuelas',1);
INSERT INTO "app001_actividad" VALUES(98,'2022-05-17 03:43:17.448760','consulta','Escuelas',1);
INSERT INTO "app001_actividad" VALUES(99,'2022-05-17 03:44:00.955692','consulta','Netbooks',1);
INSERT INTO "app001_actividad" VALUES(100,'2022-05-17 03:44:46.677257','consulta','Netbooks',1);
INSERT INTO "app001_actividad" VALUES(101,'2022-05-17 03:44:53.158099','consulta','Escuelas',1);
INSERT INTO "app001_actividad" VALUES(102,'2022-05-17 03:46:02.677729','consulta','Informes',1);
INSERT INTO "app001_actividad" VALUES(103,'2022-05-17 03:46:55.928627','consulta','Netbooks',3);
INSERT INTO "app001_actividad" VALUES(104,'2022-05-17 03:46:58.114388','consulta','Escuelas',3);
INSERT INTO "app001_actividad" VALUES(105,'2022-05-17 16:30:29.034082','consulta','Netbooks',1);
INSERT INTO "app001_actividad" VALUES(106,'2022-05-17 14:56:12.461101','consulta','Escuelas',1);
INSERT INTO "app001_actividad" VALUES(107,'2022-05-17 14:56:13.539507','consulta','Netbooks',1);
INSERT INTO "app001_actividad" VALUES(108,'2022-05-17 16:45:29.654999','consulta','Informes',1);
INSERT INTO "app001_actividad" VALUES(109,'2022-05-17 16:45:58.665777','consulta','Informes',1);
INSERT INTO "app001_actividad" VALUES(110,'2022-05-17 17:18:29.749494','consulta','Informes',1);
INSERT INTO "app001_actividad" VALUES(111,'2022-05-17 17:32:12.434852','consulta','Informes',1);
INSERT INTO "app001_actividad" VALUES(112,'2022-05-17 17:33:09.736322','consulta','Informes',1);
INSERT INTO "app001_actividad" VALUES(113,'2022-05-17 17:33:12.622439','consulta','Informes',1);
INSERT INTO "app001_actividad" VALUES(114,'2022-05-17 17:33:14.845275','consulta','Informes',1);
INSERT INTO "app001_actividad" VALUES(115,'2022-05-17 17:46:21.617058','consulta','Informes',1);
INSERT INTO "app001_actividad" VALUES(116,'2022-05-17 17:46:24.796068','consulta','Informes',1);
INSERT INTO "app001_actividad" VALUES(117,'2022-05-17 17:46:28.110034','consulta','Informes',1);
INSERT INTO "app001_actividad" VALUES(118,'2022-05-17 17:46:30.866728','consulta','Informes',1);
INSERT INTO "app001_actividad" VALUES(119,'2022-05-17 17:46:32.888759','consulta','Informes',1);
INSERT INTO "app001_actividad" VALUES(120,'2022-05-17 17:55:02.007479','consulta','Informes',1);
INSERT INTO "app001_actividad" VALUES(121,'2022-05-17 17:57:32.277662','consulta','Informes',1);
INSERT INTO "app001_actividad" VALUES(122,'2022-05-17 17:57:35.791277','consulta','Informes',1);
INSERT INTO "app001_actividad" VALUES(123,'2022-05-17 17:57:38.424780','consulta','Informes',1);
INSERT INTO "app001_actividad" VALUES(124,'2022-05-17 17:57:41.006143','consulta','Informes',1);
INSERT INTO "app001_actividad" VALUES(125,'2022-05-17 17:57:43.445776','consulta','Informes',1);
INSERT INTO "app001_actividad" VALUES(126,'2022-05-17 17:57:46.153262','consulta','Informes',1);
INSERT INTO "app001_actividad" VALUES(127,'2022-05-17 17:57:48.531312','consulta','Informes',1);
INSERT INTO "app001_actividad" VALUES(128,'2022-05-17 17:57:50.632068','consulta','Informes',1);
INSERT INTO "app001_actividad" VALUES(129,'2022-05-17 17:57:52.755537','consulta','Informes',1);
INSERT INTO "app001_actividad" VALUES(130,'2022-05-17 21:08:14.868045','consulta','Informes',1);
INSERT INTO "app001_actividad" VALUES(131,'2022-05-17 21:08:22.247949','consulta','Informes',1);
INSERT INTO "app001_actividad" VALUES(132,'2022-05-17 21:08:24.710977','consulta','Informes',1);
INSERT INTO "app001_actividad" VALUES(133,'2022-05-17 21:08:27.308714','consulta','Informes',1);
INSERT INTO "app001_actividad" VALUES(134,'2022-05-17 21:08:29.817583','consulta','Informes',1);
INSERT INTO "app001_actividad" VALUES(135,'2022-05-17 21:08:31.901660','consulta','Informes',1);
INSERT INTO "app001_actividad" VALUES(136,'2022-05-17 21:08:34.037638','consulta','Informes',1);
INSERT INTO "app001_actividad" VALUES(137,'2022-05-17 21:08:36.086215','consulta','Informes',1);
INSERT INTO "app001_actividad" VALUES(138,'2022-05-17 21:08:37.981472','consulta','Informes',1);
INSERT INTO "app001_actividad" VALUES(139,'2022-05-17 21:08:39.907808','consulta','Informes',1);
INSERT INTO "app001_actividad" VALUES(140,'2022-05-17 21:08:41.952022','consulta','Informes',1);
INSERT INTO "app001_actividad" VALUES(141,'2022-05-17 21:08:44.333990','consulta','Informes',1);
INSERT INTO "app001_actividad" VALUES(142,'2022-05-17 21:08:46.532210','consulta','Informes',1);
INSERT INTO "app001_actividad" VALUES(143,'2022-05-20 11:46:03.030157','consulta','Netbooks',1);
INSERT INTO "app001_actividad" VALUES(144,'2022-05-20 11:46:14.570576','consulta','Netbooks',1);
INSERT INTO "app001_actividad" VALUES(145,'2022-05-20 11:46:32.974051','consulta','Netbooks',1);
INSERT INTO "app001_actividad" VALUES(146,'2022-05-20 11:47:11.148191','consulta','Netbooks',1);
INSERT INTO "app001_actividad" VALUES(147,'2022-05-20 11:47:18.659971','consulta','Netbooks',1);
INSERT INTO "app001_actividad" VALUES(148,'2022-05-20 11:48:59.442618','consulta','Netbooks',1);
INSERT INTO "app001_actividad" VALUES(149,'2022-05-20 11:49:40.222032','consulta','Netbooks',1);
INSERT INTO "app001_actividad" VALUES(150,'2022-05-20 11:50:42.152726','consulta','Netbooks',1);
INSERT INTO "app001_actividad" VALUES(151,'2022-05-20 11:52:06.059315','consulta','Netbooks',1);
INSERT INTO "app001_actividad" VALUES(152,'2022-05-20 11:52:39.441823','consulta','Netbooks',1);
INSERT INTO "app001_actividad" VALUES(153,'2022-05-20 11:53:33.031419','consulta','Netbooks',1);
INSERT INTO "app001_actividad" VALUES(154,'2022-05-20 11:54:09.530531','consulta','Netbooks',1);
INSERT INTO "app001_actividad" VALUES(155,'2022-05-20 11:54:38.502060','consulta','Netbooks',1);
INSERT INTO "app001_actividad" VALUES(156,'2022-05-20 11:54:57.667870','consulta','Netbooks',1);
INSERT INTO "app001_actividad" VALUES(157,'2022-05-20 11:55:33.021266','consulta','Netbooks',1);
INSERT INTO "app001_actividad" VALUES(158,'2022-05-20 11:56:03.419587','consulta','Netbooks',1);
INSERT INTO "app001_actividad" VALUES(159,'2022-05-20 11:57:42.884879','consulta','Netbooks',1);
INSERT INTO "app001_actividad" VALUES(160,'2022-05-20 11:58:16.394025','consulta','Netbooks',1);
INSERT INTO "app001_actividad" VALUES(161,'2022-05-20 11:58:43.904718','consulta','Netbooks',1);
INSERT INTO "app001_actividad" VALUES(162,'2022-05-20 11:59:34.575865','consulta','Netbooks',1);
INSERT INTO "app001_actividad" VALUES(163,'2022-05-20 12:00:12.508231','consulta','Netbooks',1);
INSERT INTO "app001_actividad" VALUES(164,'2022-05-20 12:00:41.224286','consulta','Netbooks',1);
INSERT INTO "app001_actividad" VALUES(165,'2022-05-20 12:01:08.381315','consulta','Netbooks',1);
INSERT INTO "app001_actividad" VALUES(166,'2022-05-20 12:02:03.467448','consulta','Netbooks',1);
INSERT INTO "app001_actividad" VALUES(167,'2022-05-20 12:02:45.596326','consulta','Netbooks',1);
INSERT INTO "app001_actividad" VALUES(168,'2022-05-20 12:03:16.154154','consulta','Netbooks',1);
INSERT INTO "app001_actividad" VALUES(169,'2022-05-20 12:04:34.058060','consulta','Netbooks',1);
INSERT INTO "app001_actividad" VALUES(170,'2022-05-20 12:05:15.795292','consulta','Netbooks',1);
INSERT INTO "app001_actividad" VALUES(171,'2022-05-20 12:06:23.792347','consulta','Netbooks',1);
INSERT INTO "app001_actividad" VALUES(172,'2022-05-20 12:07:09.666135','consulta','Netbooks',1);
INSERT INTO "app001_actividad" VALUES(173,'2022-05-20 12:07:13.559648','consulta','Escuelas',1);
INSERT INTO "app001_actividad" VALUES(174,'2022-05-20 12:07:17.963548','consulta','Escuela id: 1',1);
INSERT INTO "app001_actividad" VALUES(175,'2022-05-20 12:12:56.955225','consulta','Escuelas',1);
INSERT INTO "app001_actividad" VALUES(176,'2022-05-20 12:13:01.949398','consulta','Escuelas',1);
INSERT INTO "app001_actividad" VALUES(177,'2022-05-20 12:13:04.927550','consulta','Escuelas',1);
INSERT INTO "app001_actividad" VALUES(178,'2022-05-20 12:13:07.391660','consulta','Escuela id: 1',1);
INSERT INTO "app001_actividad" VALUES(179,'2022-05-20 12:14:49.787827','consulta','Escuela id: 1',1);
INSERT INTO "app001_actividad" VALUES(180,'2022-05-20 12:20:42.399979','consulta','Escuelas',1);
INSERT INTO "app001_actividad" VALUES(181,'2022-05-20 12:20:44.931001','consulta','Escuela id: 504',1);
INSERT INTO "app001_actividad" VALUES(182,'2022-05-20 12:21:17.784946','consulta','Escuelas',1);
INSERT INTO "app001_actividad" VALUES(183,'2022-05-20 12:21:18.743833','consulta','Escuela N° 5',1);
INSERT INTO "app001_actividad" VALUES(184,'2022-05-20 12:22:15.495412','consulta','Netbooks',1);
INSERT INTO "app001_actividad" VALUES(185,'2022-05-20 12:24:27.526792','consulta','Netbooks',1);
INSERT INTO "app001_actividad" VALUES(186,'2022-05-20 12:31:55.490927','consulta','Netbooks',1);
INSERT INTO "app001_actividad" VALUES(187,'2022-05-20 12:32:01.073224','consulta','Netbook id:49',1);
INSERT INTO "app001_actividad" VALUES(188,'2022-05-20 12:32:03.545017','consulta','Netbooks',1);
INSERT INTO "app001_actividad" VALUES(189,'2022-05-20 12:36:59.570862','consulta','Escuelas',1);
INSERT INTO "app001_actividad" VALUES(190,'2022-05-20 12:37:01.997456','consulta','Escuela N° 346',1);
INSERT INTO "app001_actividad" VALUES(191,'2022-05-20 12:53:25.598575','consulta','Netbooks',1);
INSERT INTO "app001_actividad" VALUES(192,'2022-05-20 12:53:39.108433','consulta','Netbook id:52',1);
INSERT INTO "app001_actividad" VALUES(193,'2022-05-20 12:55:03.448665','consulta','Netbook id:52',1);
INSERT INTO "app001_actividad" VALUES(194,'2022-05-20 12:55:08.057167','consulta','Netbooks',1);
INSERT INTO "app001_actividad" VALUES(195,'2022-05-20 12:55:19.685418','consulta','Escuelas',1);
INSERT INTO "app001_actividad" VALUES(196,'2022-05-20 12:55:22.224478','consulta','Escuela N° 346',1);
INSERT INTO "app001_actividad" VALUES(197,'2022-05-20 12:57:38.263684','consulta','Escuelas',1);
INSERT INTO "app001_actividad" VALUES(198,'2022-05-20 19:17:18.662075','consulta','Escuelas',1);
INSERT INTO "app001_actividad" VALUES(199,'2022-05-20 19:17:23.164027','consulta','Netbooks',1);
INSERT INTO "app001_actividad" VALUES(200,'2022-05-20 19:17:47.268379','consulta','Informes',1);
INSERT INTO "app001_actividad" VALUES(201,'2022-05-20 19:18:46.102114','consulta','Informes',1);
INSERT INTO "app001_actividad" VALUES(202,'2022-05-20 19:18:53.816187','consulta','Informes',1);
INSERT INTO "app001_actividad" VALUES(203,'2022-05-20 19:19:05.121097','consulta','Informes',1);
INSERT INTO "app001_actividad" VALUES(204,'2022-05-21 01:16:38.349305','consulta','Escuelas',1);
INSERT INTO "app001_actividad" VALUES(205,'2022-05-21 01:16:43.595105','consulta','Netbooks',1);
INSERT INTO "app001_actividad" VALUES(206,'2022-05-21 01:20:56.940486','consulta','Netbook id:51',1);
INSERT INTO "app001_actividad" VALUES(207,'2022-05-21 01:21:00.796258','consulta','Netbooks',1);
INSERT INTO "app001_actividad" VALUES(208,'2022-05-21 01:25:54.917349','creacion','Netbook id: 275',1);
INSERT INTO "app001_actividad" VALUES(209,'2022-05-21 01:25:54.979189','consulta','Netbooks',1);
INSERT INTO "app001_actividad" VALUES(210,'2022-05-21 01:26:06.640323','consulta','Netbooks',1);
INSERT INTO "app001_actividad" VALUES(211,'2022-05-21 01:26:41.598651','consulta','Netbook id:274',1);
INSERT INTO "app001_actividad" VALUES(212,'2022-05-21 01:26:48.388719','consulta','Netbook id:19',1);
INSERT INTO "app001_actividad" VALUES(213,'2022-05-21 01:27:00.071398','consulta','Netbooks',1);
INSERT INTO "app001_actividad" VALUES(214,'2022-05-21 01:27:04.448930','consulta','Escuelas',1);
INSERT INTO "app001_actividad" VALUES(215,'2022-05-21 01:28:35.993265','consulta','Escuelas',1);
INSERT INTO "app001_actividad" VALUES(216,'2022-05-21 01:28:37.254358','consulta','Escuela N° 5',1);
INSERT INTO "app001_actividad" VALUES(217,'2022-05-21 01:31:06.080070','consulta','Netbooks',1);
INSERT INTO "app001_actividad" VALUES(218,'2022-05-21 01:31:09.844599','consulta','Escuelas',1);
INSERT INTO "app001_actividad" VALUES(219,'2022-05-21 01:31:11.961231','consulta','Escuela N° 5',1);
INSERT INTO "app001_actividad" VALUES(220,'2022-05-21 01:31:15.706659','consulta','Netbook id:19',1);
INSERT INTO "app001_actividad" VALUES(221,'2022-05-21 01:31:21.193963','consulta','Netbooks',1);
INSERT INTO "app001_actividad" VALUES(222,'2022-05-21 01:31:30.424186','consulta','Escuelas',1);
INSERT INTO "app001_actividad" VALUES(223,'2022-05-21 01:31:31.927636','consulta','Escuela N° 5',1);
INSERT INTO "app001_actividad" VALUES(224,'2022-05-21 01:31:35.543466','consulta','Netbook id:274',1);
INSERT INTO "app001_actividad" VALUES(225,'2022-05-21 01:31:41.755929','consulta','Netbooks',1);
INSERT INTO "app001_actividad" VALUES(226,'2022-05-21 01:31:44.229716','consulta','Escuelas',1);
INSERT INTO "app001_actividad" VALUES(227,'2022-05-21 01:31:46.130060','consulta','Escuela N° 5',1);
INSERT INTO "app001_actividad" VALUES(228,'2022-05-21 01:31:59.500337','consulta','Netbooks',1);
INSERT INTO "app001_actividad" VALUES(229,'2022-05-21 01:32:07.545762','consulta','Netbook id:78',1);
INSERT INTO "app001_actividad" VALUES(230,'2022-05-21 01:32:13.336674','consulta','Netbooks',1);
INSERT INTO "app001_actividad" VALUES(231,'2022-05-21 01:32:54.900560','creacion','Escuela id: 52',1);
INSERT INTO "app001_actividad" VALUES(232,'2022-05-21 01:32:54.932488','creacion','Netbook id: 276',1);
INSERT INTO "app001_actividad" VALUES(233,'2022-05-21 01:32:54.957418','creacion','Netbook id: 277',1);
INSERT INTO "app001_actividad" VALUES(234,'2022-05-21 01:32:54.979761','creacion','Netbook id: 278',1);
INSERT INTO "app001_actividad" VALUES(235,'2022-05-21 01:32:55.005905','creacion','Netbook id: 279',1);
INSERT INTO "app001_actividad" VALUES(236,'2022-05-21 01:32:55.033645','creacion','Netbook id: 280',1);
INSERT INTO "app001_actividad" VALUES(237,'2022-05-21 01:32:55.056754','creacion','Netbook id: 281',1);
INSERT INTO "app001_actividad" VALUES(238,'2022-05-21 01:32:55.083230','creacion','Netbook id: 282',1);
INSERT INTO "app001_actividad" VALUES(239,'2022-05-21 01:32:55.107743','creacion','Netbook id: 283',1);
INSERT INTO "app001_actividad" VALUES(240,'2022-05-21 01:32:55.130259','creacion','Netbook id: 284',1);
INSERT INTO "app001_actividad" VALUES(241,'2022-05-21 01:32:55.155533','creacion','Netbook id: 285',1);
INSERT INTO "app001_actividad" VALUES(242,'2022-05-21 01:32:55.179474','creacion','Netbook id: 286',1);
INSERT INTO "app001_actividad" VALUES(243,'2022-05-21 01:32:55.202241','creacion','Netbook id: 287',1);
INSERT INTO "app001_actividad" VALUES(244,'2022-05-21 01:32:55.225704','creacion','Netbook id: 288',1);
INSERT INTO "app001_actividad" VALUES(245,'2022-05-21 01:32:55.248795','creacion','Netbook id: 289',1);
INSERT INTO "app001_actividad" VALUES(246,'2022-05-21 01:32:55.271750','creacion','Netbook id: 290',1);
INSERT INTO "app001_actividad" VALUES(247,'2022-05-21 01:32:55.295488','creacion','Netbook id: 291',1);
INSERT INTO "app001_actividad" VALUES(248,'2022-05-21 01:32:55.318075','creacion','Netbook id: 292',1);
INSERT INTO "app001_actividad" VALUES(249,'2022-05-21 01:32:55.340957','creacion','Netbook id: 293',1);
INSERT INTO "app001_actividad" VALUES(250,'2022-05-21 01:32:55.365142','creacion','Netbook id: 294',1);
INSERT INTO "app001_actividad" VALUES(251,'2022-05-21 01:32:55.388852','creacion','Netbook id: 295',1);
INSERT INTO "app001_actividad" VALUES(252,'2022-05-21 01:32:55.412071','creacion','Netbook id: 296',1);
INSERT INTO "app001_actividad" VALUES(253,'2022-05-21 01:32:55.434262','creacion','Netbook id: 297',1);
INSERT INTO "app001_actividad" VALUES(254,'2022-05-21 01:32:55.459036','creacion','Netbook id: 298',1);
INSERT INTO "app001_actividad" VALUES(255,'2022-05-21 01:32:55.481939','creacion','Netbook id: 299',1);
INSERT INTO "app001_actividad" VALUES(256,'2022-05-21 01:32:55.504944','creacion','Netbook id: 300',1);
INSERT INTO "app001_actividad" VALUES(257,'2022-05-21 01:32:55.528252','creacion','Netbook id: 301',1);
INSERT INTO "app001_actividad" VALUES(258,'2022-05-21 01:32:55.552590','creacion','Netbook id: 302',1);
INSERT INTO "app001_actividad" VALUES(259,'2022-05-21 01:32:55.574213','creacion','Netbook id: 303',1);
INSERT INTO "app001_actividad" VALUES(260,'2022-05-21 01:32:55.598010','creacion','Netbook id: 304',1);
INSERT INTO "app001_actividad" VALUES(261,'2022-05-21 01:32:55.622992','creacion','Netbook id: 305',1);
INSERT INTO "app001_actividad" VALUES(262,'2022-05-21 01:32:55.649313','consulta','Escuelas',1);
INSERT INTO "app001_actividad" VALUES(263,'2022-05-21 01:33:03.430809','consulta','Escuela N° 45',1);
INSERT INTO "app001_actividad" VALUES(264,'2022-05-21 01:33:29.564936','consulta','Escuelas',1);
INSERT INTO "app001_actividad" VALUES(265,'2022-05-21 01:33:37.400427','consulta','Escuela N° 45',1);
INSERT INTO "app001_actividad" VALUES(266,'2022-05-21 01:33:50.651493','consulta','Escuelas',1);
INSERT INTO "app001_actividad" VALUES(267,'2022-05-21 01:34:12.745378','consulta','Informes',1);
INSERT INTO "app001_actividad" VALUES(268,'2022-05-21 01:34:16.812596','consulta','Informes',1);
INSERT INTO "app001_actividad" VALUES(269,'2022-05-21 01:34:33.112808','consulta','Informes',1);
INSERT INTO "app001_actividad" VALUES(270,'2022-05-21 01:35:21.708221','consulta','Netbooks',3);
INSERT INTO "app001_actividad" VALUES(271,'2022-05-21 01:36:15.788010','consulta','Escuelas',3);
INSERT INTO "app001_actividad" VALUES(272,'2022-05-21 01:38:25.834242','creacion','Escuela id: 53',2);
INSERT INTO "app001_actividad" VALUES(273,'2022-05-21 01:38:25.868334','creacion','Netbook id: 306',2);
INSERT INTO "app001_actividad" VALUES(274,'2022-05-21 01:38:25.894258','creacion','Netbook id: 307',2);
INSERT INTO "app001_actividad" VALUES(275,'2022-05-21 01:38:25.918776','creacion','Netbook id: 308',2);
INSERT INTO "app001_actividad" VALUES(276,'2022-05-21 01:38:25.946142','creacion','Netbook id: 309',2);
INSERT INTO "app001_actividad" VALUES(277,'2022-05-21 01:38:25.970321','creacion','Netbook id: 310',2);
INSERT INTO "app001_actividad" VALUES(278,'2022-05-21 01:38:25.992797','creacion','Netbook id: 311',2);
INSERT INTO "app001_actividad" VALUES(279,'2022-05-21 01:38:26.016606','creacion','Netbook id: 312',2);
INSERT INTO "app001_actividad" VALUES(280,'2022-05-21 01:38:26.038576','creacion','Netbook id: 313',2);
INSERT INTO "app001_actividad" VALUES(281,'2022-05-21 01:38:26.061487','creacion','Netbook id: 314',2);
INSERT INTO "app001_actividad" VALUES(282,'2022-05-21 01:38:26.082429','creacion','Netbook id: 315',2);
INSERT INTO "app001_actividad" VALUES(283,'2022-05-21 01:38:26.105367','creacion','Netbook id: 316',2);
INSERT INTO "app001_actividad" VALUES(284,'2022-05-21 01:38:26.129333','creacion','Netbook id: 317',2);
INSERT INTO "app001_actividad" VALUES(285,'2022-05-21 01:38:26.154237','creacion','Netbook id: 318',2);
INSERT INTO "app001_actividad" VALUES(286,'2022-05-21 01:38:26.181167','creacion','Netbook id: 319',2);
INSERT INTO "app001_actividad" VALUES(287,'2022-05-21 01:38:26.203028','creacion','Netbook id: 320',2);
INSERT INTO "app001_actividad" VALUES(288,'2022-05-21 01:38:26.227051','creacion','Netbook id: 321',2);
INSERT INTO "app001_actividad" VALUES(289,'2022-05-21 01:38:26.252820','creacion','Netbook id: 322',2);
INSERT INTO "app001_actividad" VALUES(290,'2022-05-21 01:38:26.275525','creacion','Netbook id: 323',2);
INSERT INTO "app001_actividad" VALUES(291,'2022-05-21 01:38:26.298475','creacion','Netbook id: 324',2);
INSERT INTO "app001_actividad" VALUES(292,'2022-05-21 01:38:26.321906','creacion','Netbook id: 325',2);
INSERT INTO "app001_actividad" VALUES(293,'2022-05-21 01:38:26.344968','creacion','Netbook id: 326',2);
INSERT INTO "app001_actividad" VALUES(294,'2022-05-21 01:38:26.369446','creacion','Netbook id: 327',2);
INSERT INTO "app001_actividad" VALUES(295,'2022-05-21 01:38:26.393721','creacion','Netbook id: 328',2);
INSERT INTO "app001_actividad" VALUES(296,'2022-05-21 01:38:26.416738','creacion','Netbook id: 329',2);
INSERT INTO "app001_actividad" VALUES(297,'2022-05-21 01:38:26.442795','creacion','Netbook id: 330',2);
INSERT INTO "app001_actividad" VALUES(298,'2022-05-21 01:38:26.465349','creacion','Netbook id: 331',2);
INSERT INTO "app001_actividad" VALUES(299,'2022-05-21 01:38:26.492155','creacion','Netbook id: 332',2);
INSERT INTO "app001_actividad" VALUES(300,'2022-05-21 01:38:26.514996','creacion','Netbook id: 333',2);
INSERT INTO "app001_actividad" VALUES(301,'2022-05-21 01:38:26.541151','creacion','Netbook id: 334',2);
INSERT INTO "app001_actividad" VALUES(302,'2022-05-21 01:38:26.566985','creacion','Netbook id: 335',2);
INSERT INTO "app001_actividad" VALUES(303,'2022-05-21 01:38:37.946178','consulta','Escuelas',1);
INSERT INTO "app001_actividad" VALUES(304,'2022-05-21 01:38:57.150431','consulta','Escuelas',1);
INSERT INTO "app001_actividad" VALUES(305,'2022-05-21 01:39:00.195664','consulta','Escuela N° 1',1);
INSERT INTO "app001_actividad" VALUES(306,'2022-05-22 21:02:18.228862','consulta','Escuelas',1);
INSERT INTO "app001_actividad" VALUES(307,'2022-05-22 21:02:23.249617','consulta','Escuela N° 346',1);
INSERT INTO "app001_actividad" VALUES(308,'2022-05-22 21:02:32.964395','consulta','Escuelas',1);
INSERT INTO "app001_actividad" VALUES(309,'2022-05-22 21:02:35.369606','consulta','Escuela N° 504',1);
INSERT INTO "app001_actividad" VALUES(310,'2022-05-22 21:02:58.126317','consulta','Escuelas',1);
INSERT INTO "app001_actividad" VALUES(311,'2022-05-22 21:03:05.171589','consulta','Escuelas',1);
INSERT INTO "app001_actividad" VALUES(312,'2022-05-22 21:03:32.598924','consulta','Netbooks',1);
INSERT INTO "app001_actividad" VALUES(313,'2022-05-22 21:06:17.042553','consulta','Netbooks',1);
INSERT INTO "app001_actividad" VALUES(314,'2022-05-22 21:06:32.057925','consulta','Escuelas',1);
INSERT INTO "app001_actividad" VALUES(315,'2022-05-22 21:06:34.188615','consulta','Escuela N° 45',1);
INSERT INTO "app001_actividad" VALUES(316,'2022-05-22 21:06:49.629880','consulta','Escuelas',1);
INSERT INTO "app001_actividad" VALUES(317,'2022-05-22 21:09:04.976066','consulta','Escuelas',1);
INSERT INTO "app001_actividad" VALUES(318,'2022-05-22 21:10:25.804801','consulta','Escuelas',1);
INSERT INTO "app001_actividad" VALUES(319,'2022-05-22 21:10:28.553419','consulta','Escuelas',1);
INSERT INTO "app001_actividad" VALUES(320,'2022-05-22 21:10:45.464811','consulta','Netbooks',1);
INSERT INTO "app001_actividad" VALUES(321,'2022-05-22 21:11:15.428154','consulta','Informes',1);
INSERT INTO "app001_actividad" VALUES(322,'2022-05-22 21:11:20.509436','consulta','Informes',1);
INSERT INTO "app001_actividad" VALUES(323,'2022-05-22 21:11:24.391737','consulta','Informes',1);
INSERT INTO "app001_actividad" VALUES(324,'2022-05-22 21:12:00.418794','consulta','Informes',1);
INSERT INTO "app001_actividad" VALUES(325,'2022-05-22 21:12:03.433567','consulta','Informes',1);
INSERT INTO "app001_actividad" VALUES(326,'2022-05-22 21:12:33.019272','consulta','Informes',1);
INSERT INTO "app001_actividad" VALUES(327,'2022-05-22 21:15:38.005587','consulta','Informes',1);
INSERT INTO "app001_actividad" VALUES(328,'2022-05-22 21:15:38.930337','consulta','Informe id: 29',1);
INSERT INTO "app001_actividad" VALUES(329,'2022-05-22 21:15:40.344047','consulta','Informes',1);
INSERT INTO "app001_actividad" VALUES(330,'2022-05-22 21:21:38.007753','consulta','Informes',1);
INSERT INTO "app001_actividad" VALUES(331,'2022-05-22 21:21:54.898219','consulta','Informes',1);
INSERT INTO "app001_actividad" VALUES(332,'2022-05-22 21:22:03.079103','consulta','Informes',1);
INSERT INTO "app001_actividad" VALUES(333,'2022-05-22 21:22:05.196812','eliminacion','Informe id: None',1);
INSERT INTO "app001_actividad" VALUES(334,'2022-05-22 21:22:05.224766','consulta','Informes',1);
INSERT INTO "app001_actividad" VALUES(335,'2022-05-22 21:32:13.348268','creacion','Informe id: 1',1);
INSERT INTO "app001_actividad" VALUES(336,'2022-05-22 21:32:13.380186','consulta','Informes',1);
INSERT INTO "app001_actividad" VALUES(337,'2022-05-22 21:32:15.646875','consulta','Informes',1);
INSERT INTO "app001_actividad" VALUES(338,'2022-05-22 21:32:18.089152','consulta','Informes',1);
INSERT INTO "app001_actividad" VALUES(339,'2022-05-22 21:32:18.988879','consulta','Informes',1);
INSERT INTO "app001_actividad" VALUES(340,'2022-05-22 21:35:39.514743','consulta','Informes',1);
INSERT INTO "app001_actividad" VALUES(341,'2022-05-22 21:35:45.843209','creacion','Informe id: 2',1);
INSERT INTO "app001_actividad" VALUES(342,'2022-05-22 21:35:45.874133','consulta','Informes',1);
INSERT INTO "app001_actividad" VALUES(343,'2022-05-22 21:35:49.192761','consulta','Informes',1);
INSERT INTO "app001_actividad" VALUES(344,'2022-05-22 21:37:23.705856','creacion','Informe id: 3',1);
INSERT INTO "app001_actividad" VALUES(345,'2022-05-22 21:37:23.742757','consulta','Informes',1);
INSERT INTO "app001_actividad" VALUES(346,'2022-05-22 21:37:26.388021','consulta','Informe id: 3',1);
INSERT INTO "app001_actividad" VALUES(347,'2022-05-22 21:37:29.488566','consulta','Informes',1);
INSERT INTO "app001_actividad" VALUES(348,'2022-05-22 21:38:17.215996','consulta','Informes',1);
INSERT INTO "app001_actividad" VALUES(349,'2022-05-22 21:38:28.853236','consulta','Informes',1);
INSERT INTO "app001_actividad" VALUES(350,'2022-05-22 21:38:31.851079','consulta','Informes',1);
INSERT INTO "app001_actividad" VALUES(351,'2022-05-22 21:47:57.314236','consulta','Informes',1);
INSERT INTO "app001_actividad" VALUES(352,'2022-05-22 21:48:01.762297','consulta','Informes',1);
INSERT INTO "app001_actividad" VALUES(353,'2022-05-22 21:49:54.134232','consulta','Informes',1);
INSERT INTO "app001_actividad" VALUES(354,'2022-05-22 21:50:39.148932','consulta','Informes',1);
INSERT INTO "app001_actividad" VALUES(355,'2022-05-22 21:51:24.339594','consulta','Informes',1);
INSERT INTO "app001_actividad" VALUES(356,'2022-05-22 22:12:37.030776','consulta','Informes',1);
INSERT INTO "app001_actividad" VALUES(357,'2022-05-22 22:21:51.126924','consulta','Informes',1);
INSERT INTO "app001_actividad" VALUES(358,'2022-05-22 22:25:53.255018','consulta','Informes',1);
INSERT INTO "app001_actividad" VALUES(359,'2022-05-22 22:32:28.378635','consulta','Netbooks',1);
INSERT INTO "app001_actividad" VALUES(360,'2022-05-22 22:32:31.125777','consulta','Informes',1);
INSERT INTO "app001_actividad" VALUES(361,'2022-05-22 22:32:38.993636','consulta','Informe id: 3',1);
INSERT INTO "app001_actividad" VALUES(362,'2022-05-22 22:32:40.403712','consulta','Informes',1);
INSERT INTO "app001_actividad" VALUES(363,'2022-05-22 22:33:18.932964','consulta','Informes',1);
INSERT INTO "app001_actividad" VALUES(364,'2022-05-22 22:33:46.944384','consulta','Informes',1);
INSERT INTO "app001_actividad" VALUES(365,'2022-05-22 22:33:48.571394','consulta','Escuelas',1);
INSERT INTO "app001_actividad" VALUES(366,'2022-05-22 22:33:56.476702','consulta','Informes',1);
INSERT INTO "app001_actividad" VALUES(367,'2022-05-22 22:35:04.785589','consulta','Informes',1);
INSERT INTO "app001_actividad" VALUES(368,'2022-05-22 22:35:29.918116','consulta','Informes',1);
INSERT INTO "app001_actividad" VALUES(369,'2022-05-22 22:35:56.910989','consulta','Informes',1);
INSERT INTO "app001_actividad" VALUES(370,'2022-05-22 22:36:00.060528','consulta','Informes',1);
INSERT INTO "app001_actividad" VALUES(371,'2022-05-22 22:36:13.491088','consulta','Informes',2);
INSERT INTO "app001_actividad" VALUES(372,'2022-05-22 22:43:28.756440','consulta','Informes',2);
INSERT INTO "app001_actividad" VALUES(373,'2022-05-22 22:53:40.119537','consulta','Netbooks',2);
INSERT INTO "app001_actividad" VALUES(374,'2022-05-22 22:53:45.928478','consulta','Netbooks',2);
INSERT INTO "app001_actividad" VALUES(375,'2022-05-22 22:54:08.718564','consulta','Informes',2);
INSERT INTO "app001_actividad" VALUES(376,'2022-05-22 22:58:59.537949','consulta','Informes',2);
INSERT INTO "app001_actividad" VALUES(377,'2022-05-22 22:59:09.972635','consulta','Escuelas',2);
INSERT INTO "app001_actividad" VALUES(378,'2022-05-22 22:59:15.492792','consulta','Netbooks',2);
INSERT INTO "app001_actividad" VALUES(379,'2022-05-22 23:01:35.014346','consulta','Escuelas',2);
INSERT INTO "app001_actividad" VALUES(380,'2022-05-22 23:01:52.640726','consulta','Escuelas',3);
INSERT INTO "app001_actividad" VALUES(381,'2022-05-22 23:01:54.875188','consulta','Netbooks',3);
INSERT INTO "app001_actividad" VALUES(382,'2022-05-22 23:02:00.238839','consulta','Informes',3);
INSERT INTO "app001_actividad" VALUES(383,'2022-05-22 20:04:02.620822','consulta','Informes',3);
INSERT INTO "app001_actividad" VALUES(384,'2022-05-24 11:06:15.783564','consulta','Informes',1);
INSERT INTO "app001_actividad" VALUES(385,'2022-05-24 11:06:28.799287','consulta','Netbooks',1);
INSERT INTO "app001_actividad" VALUES(386,'2022-05-24 11:08:27.975651','modificacion','Netbook id:',1);
INSERT INTO "app001_actividad" VALUES(387,'2022-05-24 11:08:28.042862','consulta','Netbooks',1);
INSERT INTO "app001_actividad" VALUES(388,'2022-05-24 11:08:37.009496','consulta','Netbook id:4',1);
INSERT INTO "app001_actividad" VALUES(389,'2022-05-24 11:09:05.472605','consulta','Netbooks',1);
INSERT INTO "app001_actividad" VALUES(390,'2022-05-24 11:10:38.439282','consulta','Netbooks',1);
INSERT INTO "app001_actividad" VALUES(391,'2022-05-24 11:10:42.813053','consulta','Netbook id:4',1);
INSERT INTO "app001_actividad" VALUES(392,'2022-05-24 11:11:11.916243','consulta','Netbook id:4',1);
INSERT INTO "app001_actividad" VALUES(393,'2022-05-24 11:11:58.332356','consulta','Netbook id:4',1);
INSERT INTO "app001_actividad" VALUES(394,'2022-05-24 11:12:24.774118','consulta','Netbook id:4',1);
INSERT INTO "app001_actividad" VALUES(395,'2022-05-24 11:13:12.772060','consulta','Netbook id:4',1);
INSERT INTO "app001_actividad" VALUES(396,'2022-05-24 11:19:26.079979','consulta','Netbooks',1);
INSERT INTO "app001_actividad" VALUES(397,'2022-05-24 11:28:16.076969','consulta','Netbook id:4',1);
INSERT INTO "app001_actividad" VALUES(398,'2022-05-24 11:30:20.539077','modificacion','Netbook id:',1);
INSERT INTO "app001_actividad" VALUES(399,'2022-05-24 11:30:20.579435','consulta','Netbooks',1);
INSERT INTO "app001_actividad" VALUES(400,'2022-05-24 11:30:26.746705','consulta','Netbook id:80',1);
INSERT INTO "app001_actividad" VALUES(401,'2022-05-24 11:33:02.128628','consulta','Netbooks',1);
INSERT INTO "app001_actividad" VALUES(402,'2022-05-24 11:33:34.672433','modificacion','Netbook id:',1);
INSERT INTO "app001_actividad" VALUES(403,'2022-05-24 11:33:34.708299','consulta','Netbooks',1);
INSERT INTO "app001_actividad" VALUES(404,'2022-05-24 11:34:01.179762','consulta','Informes',1);
INSERT INTO "app001_actividad" VALUES(405,'2022-05-24 11:34:02.827592','consulta','Escuelas',1);
INSERT INTO "app001_actividad" VALUES(406,'2022-05-24 11:34:06.245740','consulta','Escuela N° 504',1);
INSERT INTO "app001_actividad" VALUES(407,'2022-05-24 11:34:27.556474','modificacion','Netbook id:',1);
INSERT INTO "app001_actividad" VALUES(408,'2022-05-24 11:34:27.582617','consulta','Netbooks',1);
INSERT INTO "app001_actividad" VALUES(409,'2022-05-24 11:34:32.426387','consulta','Escuelas',1);
INSERT INTO "app001_actividad" VALUES(410,'2022-05-24 11:34:33.933632','consulta','Escuela N° 504',1);
INSERT INTO "app001_actividad" VALUES(411,'2022-05-24 11:46:12.041942','modificacion','Netbook id:',1);
INSERT INTO "app001_actividad" VALUES(412,'2022-05-24 11:46:12.070357','consulta','Netbooks',1);
INSERT INTO "app001_actividad" VALUES(413,'2022-05-24 11:50:29.711460','consulta','Netbooks',1);
INSERT INTO "app001_actividad" VALUES(414,'2022-05-24 11:56:44.472577','consulta','Netbooks',1);
INSERT INTO "app001_actividad" VALUES(415,'2022-05-24 12:27:59.380876','consulta','Netbooks',1);
INSERT INTO "app001_actividad" VALUES(416,'2022-05-24 12:28:03.164925','consulta','Escuelas',1);
INSERT INTO "app001_actividad" VALUES(417,'2022-05-24 12:28:05.481561','consulta','Informes',1);
INSERT INTO "app001_actividad" VALUES(418,'2022-05-24 12:55:36.066983','consulta','Netbooks',1);
INSERT INTO "app001_actividad" VALUES(419,'2022-05-24 12:56:33.764804','modificacion','Netbook id:',1);
INSERT INTO "app001_actividad" VALUES(420,'2022-05-24 12:56:33.795119','consulta','Netbooks',1);
INSERT INTO "app001_actividad" VALUES(421,'2022-05-24 12:58:07.359393','modificacion','Netbook id:',1);
INSERT INTO "app001_actividad" VALUES(422,'2022-05-24 12:58:07.389221','consulta','Netbooks',1);
INSERT INTO "app001_actividad" VALUES(423,'2022-05-24 12:59:02.265889','modificacion','Netbook id:',1);
INSERT INTO "app001_actividad" VALUES(424,'2022-05-24 12:59:02.295193','consulta','Netbooks',1);
INSERT INTO "app001_actividad" VALUES(425,'2022-05-24 12:59:08.356190','consulta','Netbooks',1);
INSERT INTO "app001_actividad" VALUES(426,'2022-05-24 13:07:45.183890','consulta','Netbooks',1);
INSERT INTO "app001_actividad" VALUES(427,'2022-05-24 13:08:06.752679','modificacion','Netbook id:',1);
INSERT INTO "app001_actividad" VALUES(428,'2022-05-24 13:08:06.780170','consulta','Netbooks',1);
INSERT INTO "app001_actividad" VALUES(429,'2022-05-26 10:54:06.088872','consulta','Netbooks',1);
INSERT INTO "app001_actividad" VALUES(430,'2022-05-26 10:54:12.430914','consulta','Informes',1);
INSERT INTO "app001_actividad" VALUES(431,'2022-05-26 10:55:39.399980','consulta','Netbooks',1);
INSERT INTO "app001_actividad" VALUES(432,'2022-05-26 10:56:11.012895','modificacion','Netbook id:',1);
INSERT INTO "app001_actividad" VALUES(433,'2022-05-26 10:56:11.168726','consulta','Netbooks',1);
INSERT INTO "app001_actividad" VALUES(434,'2022-05-26 10:56:35.477655','consulta','Netbooks',1);
INSERT INTO "app001_actividad" VALUES(435,'2022-05-26 10:56:40.206683','consulta','Netbook id:88',1);
INSERT INTO "app001_actividad" VALUES(436,'2022-05-26 10:56:48.329326','consulta','Netbooks',1);
INSERT INTO "app001_actividad" VALUES(437,'2022-05-26 10:57:06.479146','modificacion','Netbook id:',1);
INSERT INTO "app001_actividad" VALUES(438,'2022-05-26 10:57:06.630688','consulta','Netbooks',1);
INSERT INTO "app001_actividad" VALUES(439,'2022-05-26 11:01:48.265564','modificacion','Netbook id:',1);
INSERT INTO "app001_actividad" VALUES(440,'2022-05-26 11:01:48.422768','consulta','Netbooks',1);
INSERT INTO "app001_actividad" VALUES(441,'2022-05-26 11:03:52.831770','modificacion','Netbook id:',1);
INSERT INTO "app001_actividad" VALUES(442,'2022-05-26 11:03:53.103485','consulta','Netbooks',1);
INSERT INTO "app001_actividad" VALUES(443,'2022-05-26 11:04:10.255725','consulta','Netbooks',1);
INSERT INTO "app001_actividad" VALUES(444,'2022-05-26 11:04:13.579334','consulta','Netbook id:88',1);
INSERT INTO "app001_actividad" VALUES(445,'2022-05-26 11:04:35.690704','consulta','Netbooks',1);
INSERT INTO "app001_actividad" VALUES(446,'2022-05-26 11:24:18.733115','modificacion','Netbook id:',1);
INSERT INTO "app001_actividad" VALUES(447,'2022-05-26 11:24:18.772114','consulta','Netbooks',1);
INSERT INTO "app001_actividad" VALUES(448,'2022-05-26 11:24:31.142408','consulta','Netbooks',1);
INSERT INTO "app001_actividad" VALUES(449,'2022-05-26 11:25:01.921316','consulta','Netbooks',1);
INSERT INTO "app001_actividad" VALUES(450,'2022-05-26 11:33:23.450588','consulta','Netbooks',1);
INSERT INTO "app001_actividad" VALUES(451,'2022-05-26 11:33:36.047576','modificacion','Netbook id:',1);
INSERT INTO "app001_actividad" VALUES(452,'2022-05-26 11:33:36.078577','consulta','Netbooks',1);
INSERT INTO "app001_actividad" VALUES(453,'2022-05-26 11:38:58.440817','modificacion','Netbook id:',1);
INSERT INTO "app001_actividad" VALUES(454,'2022-05-26 11:38:58.472846','consulta','Netbooks',1);
INSERT INTO "app001_actividad" VALUES(455,'2022-05-26 11:39:21.297235','consulta','Netbooks',1);
INSERT INTO "app001_actividad" VALUES(456,'2022-05-26 11:40:03.783346','modificacion','Netbook id:',1);
INSERT INTO "app001_actividad" VALUES(457,'2022-05-26 11:40:03.856682','consulta','Netbooks',1);
INSERT INTO "app001_actividad" VALUES(458,'2022-05-26 11:40:28.582582','consulta','Netbook id:93',1);
INSERT INTO "app001_actividad" VALUES(459,'2022-05-26 11:40:39.693570','consulta','Netbooks',1);
INSERT INTO "app001_actividad" VALUES(460,'2022-05-26 12:11:12.787468','modificacion','Netbook id:',1);
INSERT INTO "app001_actividad" VALUES(461,'2022-05-26 12:11:12.818464','consulta','Netbooks',1);
INSERT INTO "app001_actividad" VALUES(462,'2022-05-26 12:11:16.884387','consulta','Escuelas',1);
INSERT INTO "app001_actividad" VALUES(463,'2022-05-26 12:11:19.531691','consulta','Escuela N° 504',1);
INSERT INTO "app001_actividad" VALUES(464,'2022-05-26 12:11:37.164434','consulta','Netbook id:80',1);
INSERT INTO "app001_actividad" VALUES(465,'2022-05-26 12:11:40.816410','consulta','Netbooks',1);
INSERT INTO "app001_actividad" VALUES(466,'2022-05-26 12:11:49.956624','consulta','Escuelas',1);
INSERT INTO "app001_actividad" VALUES(467,'2022-05-26 12:11:52.016139','consulta','Escuela N° 504',1);
INSERT INTO "app001_actividad" VALUES(468,'2022-05-26 12:13:32.001502','consulta','Netbook id:88',1);
INSERT INTO "app001_actividad" VALUES(469,'2022-05-26 12:13:37.845598','consulta','Netbooks',1);
INSERT INTO "app001_actividad" VALUES(470,'2022-05-26 12:13:46.738545','consulta','Escuelas',1);
INSERT INTO "app001_actividad" VALUES(471,'2022-05-26 12:13:48.275748','consulta','Escuela N° 504',1);
INSERT INTO "app001_actividad" VALUES(472,'2022-05-26 13:16:09.150380','modificacion','Netbook id:',1);
INSERT INTO "app001_actividad" VALUES(473,'2022-05-26 13:16:09.179381','consulta','Netbooks',1);
INSERT INTO "app001_actividad" VALUES(474,'2022-05-26 13:16:14.537545','consulta','Escuelas',1);
INSERT INTO "app001_actividad" VALUES(475,'2022-05-26 13:16:16.457320','consulta','Escuela N° 504',1);
INSERT INTO "app001_actividad" VALUES(476,'2022-05-31 02:22:07.041931','consulta','Informes',1);
INSERT INTO "app001_actividad" VALUES(477,'2022-05-31 02:22:14.045043','consulta','Escuelas',1);
INSERT INTO "app001_actividad" VALUES(478,'2022-05-31 02:22:17.369714','consulta','Escuela N° 5',1);
INSERT INTO "app001_actividad" VALUES(479,'2022-05-31 02:22:21.530346','consulta','Escuelas',1);
INSERT INTO "app001_actividad" VALUES(480,'2022-05-31 02:22:27.454873','consulta','Escuelas',1);
INSERT INTO "app001_actividad" VALUES(481,'2022-05-31 02:22:35.849159','consulta','Netbooks',1);
INSERT INTO "app001_actividad" VALUES(482,'2022-05-31 03:18:21.745894','creacion','Netbook id: 336',1);
INSERT INTO "app001_actividad" VALUES(483,'2022-05-31 03:18:21.839833','consulta','Netbooks',1);
INSERT INTO "app001_actividad" VALUES(484,'2022-05-31 03:18:35.287443','eliminacion','Netbook id: 336',1);
INSERT INTO "app001_actividad" VALUES(485,'2022-05-31 03:18:35.374383','consulta','Netbooks',1);
INSERT INTO "app001_actividad" VALUES(486,'2022-05-31 03:24:15.846756','consulta','Informes',1);
INSERT INTO "app001_actividad" VALUES(487,'2022-05-31 03:24:21.318013','consulta','Escuelas',1);
INSERT INTO "app001_actividad" VALUES(488,'2022-05-31 03:24:24.879002','consulta','Informes',1);
INSERT INTO "app001_actividad" VALUES(489,'2022-05-31 03:24:30.655688','consulta','Netbooks',1);
INSERT INTO "app001_actividad" VALUES(490,'2022-05-31 03:24:33.788371','consulta','Netbook id:49',1);
INSERT INTO "app001_actividad" VALUES(491,'2022-05-31 03:24:38.371348','consulta','Netbooks',1);
INSERT INTO "app001_actividad" VALUES(492,'2022-05-31 03:26:46.012151','consulta','Escuelas',1);
INSERT INTO "app001_actividad" VALUES(493,'2022-05-31 03:26:48.851967','consulta','Escuela N° 5',1);
INSERT INTO "app001_actividad" VALUES(494,'2022-05-31 03:26:51.784646','consulta','Escuelas',1);
INSERT INTO "app001_actividad" VALUES(495,'2022-05-31 03:37:05.118051','creacion','Informe id: 4',1);
INSERT INTO "app001_actividad" VALUES(496,'2022-05-31 03:37:05.201997','consulta','Informes',1);
INSERT INTO "app001_actividad" VALUES(497,'2022-05-31 03:37:25.605073','consulta','Netbooks',1);
INSERT INTO "app001_actividad" VALUES(498,'2022-05-31 03:37:34.621847','consulta','Netbooks',1);
INSERT INTO "app001_actividad" VALUES(499,'2022-05-31 03:38:50.782295','creacion','Informe id: 5',1);
INSERT INTO "app001_actividad" VALUES(500,'2022-05-31 03:38:50.871243','consulta','Informes',1);
INSERT INTO "app001_actividad" VALUES(501,'2022-05-31 03:40:57.668317','consulta','Netbooks',1);
INSERT INTO "app001_actividad" VALUES(502,'2022-05-31 03:41:00.763869','consulta','Escuelas',1);
INSERT INTO "app001_actividad" VALUES(503,'2022-05-31 03:41:03.401405','consulta','Informes',1);
INSERT INTO "app001_actividad" VALUES(504,'2022-05-31 03:44:52.279773','creacion','Informe id: 6',1);
INSERT INTO "app001_actividad" VALUES(505,'2022-05-31 03:44:52.376713','consulta','Informes',1);
INSERT INTO "app001_actividad" VALUES(506,'2022-05-31 13:18:17.101091','creacion','Escuela id: 54',1);
INSERT INTO "app001_actividad" VALUES(507,'2022-05-31 13:18:17.517224','consulta','Escuelas',1);
INSERT INTO "app001_actividad" VALUES(508,'2022-05-31 13:18:25.666335','consulta','Escuela N° 113',1);
INSERT INTO "app001_actividad" VALUES(509,'2022-05-31 13:18:32.964925','consulta','Escuelas',1);
INSERT INTO "app001_actividad" VALUES(510,'2022-05-31 13:18:35.533573','consulta','Escuela N° 113',1);
INSERT INTO "app001_actividad" VALUES(511,'2022-05-31 13:18:37.891674','consulta','Escuelas',1);
INSERT INTO "app001_actividad" VALUES(512,'2022-05-31 13:18:39.736627','consulta','Netbooks',1);
INSERT INTO "app001_actividad" VALUES(513,'2022-05-31 13:18:56.548379','consulta','Escuelas',1);
INSERT INTO "app001_actividad" VALUES(514,'2022-05-31 13:18:58.790689','consulta','Escuela N° 113',1);
INSERT INTO "app001_actividad" VALUES(515,'2022-05-31 13:19:01.666937','consulta','Escuelas',1);
INSERT INTO "app001_actividad" VALUES(516,'2022-05-31 13:22:20.838769','consulta','Escuela N° 113',1);
INSERT INTO "app001_actividad" VALUES(517,'2022-05-31 13:23:35.448463','consulta','Escuelas',1);
INSERT INTO "app001_actividad" VALUES(518,'2022-06-07 11:44:42.705970','consulta','Escuelas',1);
INSERT INTO "app001_actividad" VALUES(519,'2022-06-07 11:44:46.687662','consulta','Escuela N° 504',1);
INSERT INTO "app001_actividad" VALUES(520,'2022-06-07 11:45:12.510326','consulta','Netbooks',1);
INSERT INTO "app001_actividad" VALUES(521,'2022-06-07 11:45:14.518008','consulta','Escuelas',1);
INSERT INTO "app001_actividad" VALUES(522,'2022-06-07 11:45:17.185146','consulta','Escuela N° 504',1);
INSERT INTO "app001_actividad" VALUES(523,'2022-06-07 11:45:20.550641','consulta','Netbook id:4',1);
INSERT INTO "app001_actividad" VALUES(524,'2022-06-07 11:45:33.783191','consulta','Netbooks',1);
INSERT INTO "app001_actividad" VALUES(525,'2022-06-07 11:45:43.148203','consulta','Escuelas',1);
INSERT INTO "app001_actividad" VALUES(526,'2022-06-07 11:45:46.840844','consulta','Escuela N° 504',1);
INSERT INTO "app001_actividad" VALUES(527,'2022-06-07 11:45:55.835777','consulta','Netbook id:4',1);
INSERT INTO "app001_actividad" VALUES(528,'2022-06-07 11:46:07.677933','consulta','Netbook id:5',1);
INSERT INTO "app001_actividad" VALUES(529,'2022-06-07 11:46:13.445460','consulta','Netbooks',1);
INSERT INTO "app001_actividad" VALUES(530,'2022-06-07 11:46:21.520717','consulta','Netbook id:5',1);
INSERT INTO "app001_actividad" VALUES(531,'2022-06-07 11:46:24.481553','consulta','Netbooks',1);
INSERT INTO "app001_actividad" VALUES(532,'2022-06-07 11:46:29.784777','consulta','Netbook id:6',1);
INSERT INTO "app001_actividad" VALUES(533,'2022-06-07 11:46:33.331847','consulta','Netbooks',1);
INSERT INTO "app001_actividad" VALUES(534,'2022-06-07 11:48:53.818640','modificacion','Netbook id: netbook.4',1);
INSERT INTO "app001_actividad" VALUES(535,'2022-06-07 11:48:53.875223','consulta','Netbooks',1);
INSERT INTO "app001_actividad" VALUES(536,'2022-06-07 11:50:11.550704','modificacion','Netbook id: netbook.6',1);
INSERT INTO "app001_actividad" VALUES(537,'2022-06-07 11:50:11.641648','consulta','Netbooks',1);
INSERT INTO "app001_actividad" VALUES(538,'2022-06-07 11:52:27.031954','modificacion','Netbook id: netbook.5',1);
INSERT INTO "app001_actividad" VALUES(539,'2022-06-07 11:52:27.084922','consulta','Netbooks',1);
INSERT INTO "app001_actividad" VALUES(540,'2022-06-07 11:53:54.590569','consulta','Netbooks',1);
INSERT INTO "app001_actividad" VALUES(541,'2022-06-07 11:58:21.428697','modificacion','Netbook id: netbook.18',1);
INSERT INTO "app001_actividad" VALUES(542,'2022-06-07 11:58:21.480690','consulta','Netbooks',1);
INSERT INTO "app001_actividad" VALUES(543,'2022-06-07 12:32:33.666143','modificacion','Netbook id: netbook.9',1);
INSERT INTO "app001_actividad" VALUES(544,'2022-06-07 12:32:33.721881','consulta','Netbooks',1);
INSERT INTO "app001_actividad" VALUES(545,'2022-06-07 12:58:58.571036','modificacion','Netbook id: netbook.6',1);
INSERT INTO "app001_actividad" VALUES(546,'2022-06-07 12:58:58.624726','consulta','Netbooks',1);
INSERT INTO "app001_actividad" VALUES(547,'2022-06-07 12:59:04.102687','consulta','Escuelas',1);
INSERT INTO "app001_actividad" VALUES(548,'2022-06-07 12:59:06.414436','consulta','Escuela N° 504',1);
INSERT INTO "app001_actividad" VALUES(549,'2022-06-07 13:03:10.257388','modificacion','Netbook id: netbook.4',1);
INSERT INTO "app001_actividad" VALUES(550,'2022-06-07 13:03:10.323346','consulta','Netbooks',1);
INSERT INTO "app001_actividad" VALUES(551,'2022-06-07 13:03:15.174987','consulta','Escuelas',1);
INSERT INTO "app001_actividad" VALUES(552,'2022-06-07 13:03:17.562262','consulta','Escuela N° 504',1);
INSERT INTO "app001_actividad" VALUES(553,'2022-06-07 13:03:29.966249','consulta','Escuelas',1);
INSERT INTO "app001_actividad" VALUES(554,'2022-06-07 13:03:35.049054','consulta','Escuela N° 504',1);
INSERT INTO "app001_actividad" VALUES(555,'2022-06-07 15:48:20.900301','consulta','Escuelas',1);
INSERT INTO "app001_actividad" VALUES(556,'2022-06-07 15:48:24.228174','consulta','Escuela N° 504',1);
INSERT INTO "app001_actividad" VALUES(557,'2022-06-07 15:49:07.882494','modificacion','Netbook id: netbook.80',1);
INSERT INTO "app001_actividad" VALUES(558,'2022-06-07 15:49:08.538471','consulta','Netbooks',1);
INSERT INTO "app001_actividad" VALUES(559,'2022-06-07 15:49:15.538203','consulta','Escuelas',1);
INSERT INTO "app001_actividad" VALUES(560,'2022-06-07 15:49:19.154062','consulta','Escuela N° 504',1);
INSERT INTO "app001_actividad" VALUES(561,'2022-06-07 15:49:54.528431','modificacion','Netbook id: netbook.84',1);
INSERT INTO "app001_actividad" VALUES(562,'2022-06-07 15:49:54.616426','consulta','Netbooks',1);
INSERT INTO "app001_actividad" VALUES(563,'2022-06-07 15:50:00.584200','consulta','Escuelas',1);
INSERT INTO "app001_actividad" VALUES(564,'2022-06-07 15:50:03.000106','consulta','Escuela N° 504',1);
INSERT INTO "app001_actividad" VALUES(565,'2022-06-07 15:50:46.614429','consulta','Escuelas',1);
INSERT INTO "app001_actividad" VALUES(566,'2022-06-07 15:53:19.171931','creacion','Informe id: 7',1);
INSERT INTO "app001_actividad" VALUES(567,'2022-06-07 15:53:19.227931','consulta','Informes',1);
INSERT INTO "app001_actividad" VALUES(568,'2022-06-07 15:53:25.610428','consulta','Informe id: 7',1);
INSERT INTO "app001_actividad" VALUES(569,'2022-06-07 15:53:28.892043','consulta','Informes',1);
INSERT INTO "app001_actividad" VALUES(570,'2022-06-07 15:53:45.458076','consulta','Escuelas',1);
INSERT INTO "app001_actividad" VALUES(571,'2022-06-07 15:53:47.682499','consulta','Escuela N° 113',1);
INSERT INTO "app001_actividad" VALUES(572,'2022-06-07 15:53:53.090768','consulta','Escuelas',1);
INSERT INTO "app001_actividad" VALUES(573,'2022-06-07 17:56:36.574997','consulta','Informes',1);
INSERT INTO "app001_actividad" VALUES(574,'2022-06-07 17:56:38.460594','consulta','Informe id: 7',1);
INSERT INTO "app001_actividad" VALUES(575,'2022-06-07 17:56:40.513608','consulta','Informes',1);
CREATE UNIQUE INDEX "auth_group_permissions_group_id_permission_id_0cd325b0_uniq" ON "auth_group_permissions" ("group_id", "permission_id");
CREATE INDEX IF NOT EXISTS "auth_group_permissions_group_id_b120cbf9" ON "auth_group_permissions" ("group_id");
CREATE INDEX IF NOT EXISTS "auth_group_permissions_permission_id_84c5c92e" ON "auth_group_permissions" ("permission_id");
CREATE UNIQUE INDEX "auth_user_groups_user_id_group_id_94350c0c_uniq" ON "auth_user_groups" ("user_id", "group_id");
CREATE INDEX IF NOT EXISTS "auth_user_groups_user_id_6a12ed8b" ON "auth_user_groups" ("user_id");
CREATE INDEX IF NOT EXISTS "auth_user_groups_group_id_97559544" ON "auth_user_groups" ("group_id");
CREATE UNIQUE INDEX "auth_user_user_permissions_user_id_permission_id_14a6b632_uniq" ON "auth_user_user_permissions" ("user_id", "permission_id");
CREATE INDEX IF NOT EXISTS "auth_user_user_permissions_user_id_a95ead1b" ON "auth_user_user_permissions" ("user_id");
CREATE INDEX IF NOT EXISTS "auth_user_user_permissions_permission_id_1fbb5f2c" ON "auth_user_user_permissions" ("permission_id");
CREATE INDEX IF NOT EXISTS "django_admin_log_content_type_id_c4bce8eb" ON "django_admin_log" ("content_type_id");
CREATE INDEX IF NOT EXISTS "django_admin_log_user_id_c564eba6" ON "django_admin_log" ("user_id");
CREATE UNIQUE INDEX "django_content_type_app_label_model_76bd3d3b_uniq" ON "django_content_type" ("app_label", "model");
CREATE UNIQUE INDEX "auth_permission_content_type_id_codename_01ab375a_uniq" ON "auth_permission" ("content_type_id", "codename");
CREATE INDEX IF NOT EXISTS "auth_permission_content_type_id_2f476e4b" ON "auth_permission" ("content_type_id");
CREATE INDEX IF NOT EXISTS "django_session_expire_date_a5c62663" ON "django_session" ("expire_date");
CREATE INDEX IF NOT EXISTS "app001_netbook_escuela_id_04ca6ef1" ON "app001_netbook" ("escuela_id");
CREATE INDEX IF NOT EXISTS "app001_actividad_autor_id_c30a0f48" ON "app001_actividad" ("autor_id");
CREATE INDEX IF NOT EXISTS "app001_informe_autor_id_1b992dce" ON "app001_informe" ("autor_id");
CREATE INDEX IF NOT EXISTS "app001_informe_escuela_id_03023463" ON "app001_informe" ("escuela_id");
CREATE TABLE IF NOT EXISTS "app001_escuela" ("id" integer NOT NULL PRIMARY KEY AUTOINCREMENT, "nombre" varchar(200) NOT NULL, "cue" integer NOT NULL, "direccion" varchar(200) NOT NULL, "directivo" varchar(200) NOT NULL, "telefono" integer NULL, "email" varchar(254) NOT NULL, "detalle" text NOT NULL, "dependencia" varchar(200) NOT NULL, "localidad" varchar(200) NOT NULL, "cuise" integer NOT NULL);
INSERT INTO "app001_escuela" VALUES(1,'San Isidro Labrador',540058800,'Avda. Alicia Moreau de Justo (Ruta Prov. Nº 213) - Paraje San Isidro','Stella V',3764297864,'','Quedan pendientes a la fecha, desbloquear 6 equipos.','','',346);
INSERT INTO "app001_escuela" VALUES(2,'Primera Junta',540052700,'Av. Comandante Rosales N° 2389','Rios Angela Susana',NULL,'','Carrito con 3 equipos robados, SN del carrito 0775162A00033 EDU6001972','','',504);
INSERT INTO "app001_escuela" VALUES(6,'General Jose de San Martin',540104800,'Las Bromelias S/N entre Los Cardinales y Las Golondrinas - Barrio Itaembé Guazú','',3764463515,'','','posadas','Posadas',5);
INSERT INTO "app001_escuela" VALUES(54,'Maximiliano Ibarrola',540018300,'Acceso a Mártires - Lote 47 Mz 9 - A 2 km. de Ruta Provincial Nº 103','Balaich Alicia',3764580089,'','','Candelaria','Martires',113);
CREATE UNIQUE INDEX "auth_group_permissions_group_id_permission_id_0cd325b0_uniq" ON "auth_group_permissions" ("group_id", "permission_id");
CREATE INDEX IF NOT EXISTS "auth_group_permissions_group_id_b120cbf9" ON "auth_group_permissions" ("group_id");
CREATE INDEX IF NOT EXISTS "auth_group_permissions_permission_id_84c5c92e" ON "auth_group_permissions" ("permission_id");
CREATE UNIQUE INDEX "auth_user_groups_user_id_group_id_94350c0c_uniq" ON "auth_user_groups" ("user_id", "group_id");
CREATE INDEX IF NOT EXISTS "auth_user_groups_user_id_6a12ed8b" ON "auth_user_groups" ("user_id");
CREATE INDEX IF NOT EXISTS "auth_user_groups_group_id_97559544" ON "auth_user_groups" ("group_id");
CREATE UNIQUE INDEX "auth_user_user_permissions_user_id_permission_id_14a6b632_uniq" ON "auth_user_user_permissions" ("user_id", "permission_id");
CREATE INDEX IF NOT EXISTS "auth_user_user_permissions_user_id_a95ead1b" ON "auth_user_user_permissions" ("user_id");
CREATE INDEX IF NOT EXISTS "auth_user_user_permissions_permission_id_1fbb5f2c" ON "auth_user_user_permissions" ("permission_id");
CREATE INDEX IF NOT EXISTS "django_admin_log_content_type_id_c4bce8eb" ON "django_admin_log" ("content_type_id");
CREATE INDEX IF NOT EXISTS "django_admin_log_user_id_c564eba6" ON "django_admin_log" ("user_id");
CREATE UNIQUE INDEX "django_content_type_app_label_model_76bd3d3b_uniq" ON "django_content_type" ("app_label", "model");
CREATE UNIQUE INDEX "auth_permission_content_type_id_codename_01ab375a_uniq" ON "auth_permission" ("content_type_id", "codename");
CREATE INDEX IF NOT EXISTS "auth_permission_content_type_id_2f476e4b" ON "auth_permission" ("content_type_id");
CREATE INDEX IF NOT EXISTS "django_session_expire_date_a5c62663" ON "django_session" ("expire_date");
CREATE INDEX IF NOT EXISTS "app001_netbook_escuela_id_04ca6ef1" ON "app001_netbook" ("escuela_id");
CREATE INDEX IF NOT EXISTS "app001_actividad_autor_id_c30a0f48" ON "app001_actividad" ("autor_id");
CREATE INDEX IF NOT EXISTS "app001_informe_autor_id_1b992dce" ON "app001_informe" ("autor_id");
CREATE INDEX IF NOT EXISTS "app001_informe_escuela_id_03023463" ON "app001_informe" ("escuela_id");
CREATE TABLE IF NOT EXISTS "app001_informe" ("id" integer NOT NULL PRIMARY KEY AUTOINCREMENT, "fecha" datetime NOT NULL, "detalle" text NOT NULL, "autor_id" integer NOT NULL REFERENCES "auth_user" ("id") DEFERRABLE INITIALLY DEFERRED, "escuela_id" bigint NOT NULL REFERENCES "app001_escuela" ("id") DEFERRABLE INITIALLY DEFERRED);
INSERT INTO "app001_informe" VALUES(1,'2022-05-22 21:32:13.334336','cdfsdfjsn.,vbfbv.sfbdvlv.',1,6);
INSERT INTO "app001_informe" VALUES(2,'2022-05-22 21:35:45.828177','fgggggggggggggggggggggggggggggg',1,6);
INSERT INTO "app001_informe" VALUES(4,'2022-05-31 03:37:05.098064','fdefefefefe',1,1);
INSERT INTO "app001_informe" VALUES(5,'2022-05-31 03:38:50.744325','ssssssssssssssss',1,6);
INSERT INTO "app001_informe" VALUES(6,'2022-05-31 03:44:52.249792','ffffffffffffffff',1,1);
INSERT INTO "app001_informe" VALUES(7,'2022-06-07 15:53:19.155932','Hoy fue a la 504 la pedagógica de rulos, y la directora le expresó que Dahiana no va nunca. Ya fueron cambiadas todas las pilas de los equipos, y traje 2 discos para flashear imágenes de Windows, para los equipos 1 y 3. 
queda pendiente la instalación del moodle en el servidor, y capacitar a los docentes en el uso.',1,2);
CREATE UNIQUE INDEX "auth_group_permissions_group_id_permission_id_0cd325b0_uniq" ON "auth_group_permissions" ("group_id", "permission_id");
CREATE INDEX IF NOT EXISTS "auth_group_permissions_group_id_b120cbf9" ON "auth_group_permissions" ("group_id");
CREATE INDEX IF NOT EXISTS "auth_group_permissions_permission_id_84c5c92e" ON "auth_group_permissions" ("permission_id");
CREATE UNIQUE INDEX "auth_user_groups_user_id_group_id_94350c0c_uniq" ON "auth_user_groups" ("user_id", "group_id");
CREATE INDEX IF NOT EXISTS "auth_user_groups_user_id_6a12ed8b" ON "auth_user_groups" ("user_id");
CREATE INDEX IF NOT EXISTS "auth_user_groups_group_id_97559544" ON "auth_user_groups" ("group_id");
CREATE UNIQUE INDEX "auth_user_user_permissions_user_id_permission_id_14a6b632_uniq" ON "auth_user_user_permissions" ("user_id", "permission_id");
CREATE INDEX IF NOT EXISTS "auth_user_user_permissions_user_id_a95ead1b" ON "auth_user_user_permissions" ("user_id");
CREATE INDEX IF NOT EXISTS "auth_user_user_permissions_permission_id_1fbb5f2c" ON "auth_user_user_permissions" ("permission_id");
CREATE INDEX IF NOT EXISTS "django_admin_log_content_type_id_c4bce8eb" ON "django_admin_log" ("content_type_id");
CREATE INDEX IF NOT EXISTS "django_admin_log_user_id_c564eba6" ON "django_admin_log" ("user_id");
CREATE UNIQUE INDEX "django_content_type_app_label_model_76bd3d3b_uniq" ON "django_content_type" ("app_label", "model");
CREATE UNIQUE INDEX "auth_permission_content_type_id_codename_01ab375a_uniq" ON "auth_permission" ("content_type_id", "codename");
CREATE INDEX IF NOT EXISTS "auth_permission_content_type_id_2f476e4b" ON "auth_permission" ("content_type_id");
CREATE INDEX IF NOT EXISTS "django_session_expire_date_a5c62663" ON "django_session" ("expire_date");
CREATE INDEX IF NOT EXISTS "app001_netbook_escuela_id_04ca6ef1" ON "app001_netbook" ("escuela_id");
CREATE INDEX IF NOT EXISTS "app001_actividad_autor_id_c30a0f48" ON "app001_actividad" ("autor_id");
CREATE INDEX IF NOT EXISTS "app001_informe_autor_id_1b992dce" ON "app001_informe" ("autor_id");
CREATE INDEX IF NOT EXISTS "app001_informe_escuela_id_03023463" ON "app001_informe" ("escuela_id");
CREATE TABLE IF NOT EXISTS "app001_netbook" ("id" integer NOT NULL PRIMARY KEY AUTOINCREMENT, "serie" varchar(50) NOT NULL, "marca" varchar(50) NOT NULL, "imagen_win" varchar(50) NOT NULL, "modelo" varchar(50) NOT NULL, "estado_pila" varchar(20) NOT NULL, "arranques" integer NULL, "fecha_expiracion" date NULL, "sn" varchar(30) NOT NULL, "hid" varchar(20) NOT NULL, "boottick" varchar(10) NOT NULL, "estado_disco" varchar(20) NOT NULL, "estado" varchar(30) NOT NULL, "imagen1" varchar(100) NULL, "escuela_id" bigint NULL REFERENCES "app001_escuela" ("id") DEFERRABLE INITIALLY DEFERRED, "detalle" text NOT NULL, "identificador" integer NOT NULL);
INSERT INTO "app001_netbook" VALUES(4,'EDU8048820','cdr','','CDR Class','cambiada',1996,'2022-06-07','3268D2303181647CE7FD','6C71D9145C73','13','llevado','ok','netbooks/16533904466134446937670341413170_V9hUBMn.jpg',2,'',1);
INSERT INTO "app001_netbook" VALUES(5,'EDU8049671','cdr','11-05','CDR Class','cambiada',99999,'2022-06-07','','','','flasheado','ok','',2,'Funciona solamente enchufada',2);
INSERT INTO "app001_netbook" VALUES(6,'EDU8048806','cdr','02-05','CDR Class','cambiada',99999,'2022-06-07','3268D2303181647CE7FD','6C71D91469FE','D','llevado','ok','',2,'flashear disco',3);
INSERT INTO "app001_netbook" VALUES(8,'EDU8048821','cdr','02-05','CDR Class','cambiada',99999,NULL,'','','','flasheado','ok','',2,'',4);
INSERT INTO "app001_netbook" VALUES(9,'EDU8048812','cdr','11-05','CDR Class','agotada',99999,'2022-06-07','','','','flasheado','ok','',2,'funciona únicamente enchufada.',25);
INSERT INTO "app001_netbook" VALUES(10,'','cdr','','CDR Class','agotada',99999,NULL,'','','','sin flashear','robada','',2,'',26);
INSERT INTO "app001_netbook" VALUES(11,'EDU8048829','cdr','02-05','CDR Class','cambiada',NULL,'2022-10-16','8D0E3CF8B25ECED0E300','6C71D91465CA','19','flasheado','ok','',2,'',5);
INSERT INTO "app001_netbook" VALUES(12,'EDU8048807','cdr','11-05','CDR Class','cambiada',1997,'2022-10-16','8D0E3CF8B25ECED0E300','6C71D914699C','19','flasheado','bloqueada','',2,'',27);
INSERT INTO "app001_netbook" VALUES(13,'EDU8048836','cdr','02-05','CDR Class','cambiada',99999,NULL,'','','','flasheado','ok','',2,'',6);
INSERT INTO "app001_netbook" VALUES(14,'EDU8048814','cdr','11-05','CDR Class','agotada',99999,NULL,'','','','flasheado','ok','',2,'',28);
INSERT INTO "app001_netbook" VALUES(15,'EDU8048835','cdr','02-05','CDR Class','cambiada',99999,NULL,'','','','flasheado','ok','',2,'',7);
INSERT INTO "app001_netbook" VALUES(16,'EDU8049658','cdr','02-05','CDR Class','cambiada',99999,NULL,'','','','flasheado','ok','',2,'',8);
INSERT INTO "app001_netbook" VALUES(17,'EDU8048826','cdr','06-05','CDR Class','cambiada',99999,NULL,'','','','flasheado','ok','',2,'',9);
INSERT INTO "app001_netbook" VALUES(18,'10-504','cdr','06-05','CDR Class','cambiada',99999,'2022-06-07','','','','flasheado','ok','',2,'funciona únicamente enchufada. certificado permanente',10);
INSERT INTO "app001_netbook" VALUES(19,'1-5','','27-04','','ok',1843,'2022-06-15','','','','flasheado','ok','',6,'',1);
INSERT INTO "app001_netbook" VALUES(20,'2-5','','','','ok',99999,NULL,'','','','flasheado','ok','',6,'',2);
INSERT INTO "app001_netbook" VALUES(21,'3-5','','27-04','','ok',1788,'2022-06-15','','','','flasheado','ok','',6,'',3);
INSERT INTO "app001_netbook" VALUES(22,'4-5','','27-04','','ok',1955,'2022-06-15','','','','flasheado','ok','',6,'',4);
INSERT INTO "app001_netbook" VALUES(23,'5-5','','','','agotada',99999,NULL,'','','','sin flashear','no funciona','',6,'',5);
INSERT INTO "app001_netbook" VALUES(24,'6-5','','27-04','','ok',99999,NULL,'8D0E3CF8B25ECED0E300','7427EA991F99','A','flasheado','bloqueada','',6,'',6);
INSERT INTO "app001_netbook" VALUES(25,'7-5','','28-04','','ok',1995,'2022-06-15','','','','flasheado','ok','',6,'',7);
INSERT INTO "app001_netbook" VALUES(26,'8-5','','','','agotada',99999,NULL,'','','','sin flashear','robada','',6,'',8);
INSERT INTO "app001_netbook" VALUES(27,'9-5','','','','agotada',99999,NULL,'','','','sin flashear','robada','',6,'',9);
INSERT INTO "app001_netbook" VALUES(28,'10-5','','27-04','','ok',1901,'2022-06-15','','','','flasheado','ok','',6,'',10);
INSERT INTO "app001_netbook" VALUES(29,'11-5','','','','agotada',99999,NULL,'','','','sin flashear','robada','',6,'',11);
INSERT INTO "app001_netbook" VALUES(30,'12-5','','','','agotada',99999,NULL,'','','','sin flashear','robada','',6,'',12);
INSERT INTO "app001_netbook" VALUES(31,'13-5','','27-04','','ok',1832,'2022-06-15','','','','flasheado','ok','',6,'',13);
INSERT INTO "app001_netbook" VALUES(32,'14-5','','27-04','','agotada',0,NULL,'CEAFC8CD28661BBA33FE','7427EA988B0E','9','flasheado','bloqueada','',6,'',14);
INSERT INTO "app001_netbook" VALUES(33,'15-5','','28-04','','ok',1893,'2022-06-15','','','','flasheado','ok','',6,'',15);
INSERT INTO "app001_netbook" VALUES(34,'16-5','','','','agotada',99999,NULL,'','','','flasheado','no funciona','',6,'',16);
INSERT INTO "app001_netbook" VALUES(35,'17-5','','','','agotada',99999,NULL,'','','','sin flashear','robada','',6,'',17);
INSERT INTO "app001_netbook" VALUES(36,'18-5','','28-04','','agotada',1942,'2022-06-15','','','','flasheado','ok','',6,'',18);
INSERT INTO "app001_netbook" VALUES(37,'19-5','','','','agotada',99999,NULL,'','','','sin flashear','robada','',6,'',19);
INSERT INTO "app001_netbook" VALUES(38,'20-5','','','','agotada',0,NULL,'CEAFC8CD28661BBA33FE','7427EA9893FD','C','flasheado','bloqueada','',6,'',20);
INSERT INTO "app001_netbook" VALUES(39,'21-5','','28-04','','ok',1800,'2022-06-15','','','','flasheado','no funciona','',6,'',21);
INSERT INTO "app001_netbook" VALUES(40,'22-5','','','','agotada',99999,NULL,'','','','sin flashear','robada','',6,'',22);
INSERT INTO "app001_netbook" VALUES(41,'23-5','','28-04','','ok',1924,NULL,'','','','flasheado','ok','',6,'',23);
INSERT INTO "app001_netbook" VALUES(42,'24-5','','','','agotada',99999,NULL,'','','','flasheado','no funciona','',6,'',24);
INSERT INTO "app001_netbook" VALUES(43,'25-5','','28-04','','agotada',0,NULL,'CEAFC8CD28661BBA33FE','7427EA9881D7','7','flasheado','pendiente migración','',6,'',25);
INSERT INTO "app001_netbook" VALUES(44,'26-5','','28-04','','ok',99999,NULL,'','','','flasheado','ok','',6,'',26);
INSERT INTO "app001_netbook" VALUES(45,'27-5','','','','agotada',0,NULL,'8D0E3CF8B25ECED0E300','7427EA9886FE','A','flasheado','bloqueada','',6,'',27);
INSERT INTO "app001_netbook" VALUES(46,'28-5','','','','agotada',99999,NULL,'','','','sin flashear','robada','',6,'',28);
INSERT INTO "app001_netbook" VALUES(47,'29-5','','','','agotada',99999,NULL,'8D0E3CF8B25ECED0E300','7427EA98867F','B','flasheado','bloqueada','',6,'',29);
INSERT INTO "app001_netbook" VALUES(48,'30-5','','','','ok',99999,NULL,'','','','flasheado','ok','',6,'',30);
INSERT INTO "app001_netbook" VALUES(49,'1-346','','','','agotada',99999,NULL,'','','','sin flashear','robada','',1,'',1);
INSERT INTO "app001_netbook" VALUES(50,'EDU8005353','cdr','19-04','CDR Class','cambiada',1964,NULL,'','','','flasheado','ok','',1,'',2);
INSERT INTO "app001_netbook" VALUES(51,'EDU8005344','cdr','19-04','CDR Class','ok',0,NULL,'','','','flasheado','ok','',1,'',3);
INSERT INTO "app001_netbook" VALUES(52,'EDU8005337','cdr','22-04','CDR Class','cambiada',1997,'2023-07-16','8D0E3CF8B25ECED0E300','0008CA4BAE3B','B','flasheado','ok','',1,'',4);
INSERT INTO "app001_netbook" VALUES(53,'EDU8005359','cdr','20-04','CDR Class','cambiada',1969,NULL,'','','','flasheado','bloqueada','',1,'',5);
INSERT INTO "app001_netbook" VALUES(54,'EDU8005366','cdr','22-04','CDR Class','cambiada',0,NULL,'2915CA7AD1ACBF218EC1','0008CA4BA184','D','flasheado','pendiente migración','',1,'',6);
INSERT INTO "app001_netbook" VALUES(55,'EDU8005358','cdr','19-04','CDR Class','ok',0,NULL,'','','','llevado','no funciona','',1,'',7);
INSERT INTO "app001_netbook" VALUES(56,'8-346','','','','agotada',99999,NULL,'','','','sin flashear','robada','',1,'',8);
INSERT INTO "app001_netbook" VALUES(57,'9-346','','','','agotada',99999,NULL,'','','','sin flashear','robada','',1,'',9);
INSERT INTO "app001_netbook" VALUES(58,'EDU8005339','cdr','22-04','CDR Class','cambiada',99999,NULL,'2915CA7AD1ACBF218EC1','0008CA4BAC58','3E','flasheado','pendiente migración','',1,'',10);
INSERT INTO "app001_netbook" VALUES(59,'11-346','cdr','21-04','CDR Class','cambiada',1977,NULL,'','','','flasheado','ok','',1,'',11);
INSERT INTO "app001_netbook" VALUES(60,'EDU8005351','cdr','20-04','CDR Class','cambiada',1922,NULL,'','','','flasheado','ok','',1,'',12);
INSERT INTO "app001_netbook" VALUES(61,'EDU8005336','cdr','20-04','CDR Class','ok',1976,NULL,'','','','flasheado','ok','',1,'',13);
INSERT INTO "app001_netbook" VALUES(62,'14-346','','','','agotada',99999,NULL,'','','','sin flashear','robada','',1,'',14);
INSERT INTO "app001_netbook" VALUES(63,'15-346','','','','agotada',99999,NULL,'','','','sin flashear','robada','',1,'',15);
INSERT INTO "app001_netbook" VALUES(64,'16-346','','','','agotada',99999,NULL,'','','','sin flashear','robada','',1,'',16);
INSERT INTO "app001_netbook" VALUES(65,'EDU8005365','cdr','20-04','CDR Class','cambiada',1967,NULL,'','','','flasheado','ok','',1,'',17);
INSERT INTO "app001_netbook" VALUES(66,'18-346','cdr','19-04','CDR Class','cambiada',99999,NULL,'','','','flasheado','ok','',1,'',18);
INSERT INTO "app001_netbook" VALUES(67,'EDU8005367','cdr','20-04','CDR Class','cambiada',99999,NULL,'2915CA7AD1ACBF218EC1','0008CA4BABC6','6','flasheado','pendiente migración','',1,'',19);
INSERT INTO "app001_netbook" VALUES(68,'EDU8005338','cdr','20-04','CDR Class','cambiada',1972,NULL,'','','','flasheado','ok','',1,'',20);
INSERT INTO "app001_netbook" VALUES(69,'EDU8005354','cdr','20-04','CDR Class','cambiada',1988,NULL,'','','','flasheado','ok','',1,'',21);
INSERT INTO "app001_netbook" VALUES(70,'22-346','','','','agotada',99999,NULL,'','','','sin flashear','robada','',1,'',22);
INSERT INTO "app001_netbook" VALUES(71,'EDU8005340','cdr','','CDR Class','agotada',99999,NULL,'','','','flasheado','no funciona','',1,'',23);
INSERT INTO "app001_netbook" VALUES(72,'EDU8005347','cdr','20-04','CDR Class','cambiada',1989,NULL,'','','','flasheado','ok','',1,'',24);
INSERT INTO "app001_netbook" VALUES(73,'EDU8005364','cdr','21-04','CDR Class','ok',0,NULL,'','','','flasheado','ok','',1,'',25);
INSERT INTO "app001_netbook" VALUES(74,'EDU8005329','cdr','21-04','CDR Class','ok',0,NULL,'','','','flasheado','ok','',1,'',26);
INSERT INTO "app001_netbook" VALUES(75,'27-346','','','','agotada',99999,NULL,'','','','sin flashear','robada','',1,'',27);
INSERT INTO "app001_netbook" VALUES(76,'EDU8005372','cdr','21-04','CDR Class','cambiada',1983,NULL,'','','','flasheado','ok','',1,'',28);
INSERT INTO "app001_netbook" VALUES(77,'EDU8005346','cdr','21-04','CDR Class','cambiada',1983,NULL,'','','','flasheado','ok','',1,'',29);
INSERT INTO "app001_netbook" VALUES(78,'EDU8005343','cdr','22-04','CDR Class','cambiada',1982,NULL,'','','','flasheado','ok','',1,'',30);
INSERT INTO "app001_netbook" VALUES(79,'EDU8049672','cdr','','CDR Class','cambiada',99999,NULL,'','','','flasheado','no funciona','',2,'',11);
INSERT INTO "app001_netbook" VALUES(80,'EDU8048843','cdr','09-05','CDR Class','agotada',0,'2023-06-17','8D0E3CF8B25ECED0E300','6C71D914662F','E','flasheado','ok','',2,'',12);
INSERT INTO "app001_netbook" VALUES(81,'EDU8048828','cdr','09-05','CDR Class','ok',99999,NULL,'','','','flasheado','ok','',2,'',13);
INSERT INTO "app001_netbook" VALUES(82,'','','','','agotada',99999,NULL,'','','','sin flashear','robada','',2,'',14);
INSERT INTO "app001_netbook" VALUES(83,'','','','','agotada',99999,NULL,'','','','sin flashear','robada','',2,'',15);
INSERT INTO "app001_netbook" VALUES(84,'16-504','cdr','09-05','CDR Class','cambiada',0,'2023-06-17','8D0E3CF8B25ECED0E300','6C71D914733C','17','flasheado','ok','',2,'',16);
INSERT INTO "app001_netbook" VALUES(85,'EDU8049686','cdr','09-05','CDR Class','agotada',99999,NULL,'','','','flasheado','ok','',2,'',17);
INSERT INTO "app001_netbook" VALUES(86,'EDU8048813','cdr','09-05','CDR Class','agotada',99999,NULL,'','','','flasheado','ok','',2,'',18);
INSERT INTO "app001_netbook" VALUES(87,'EDU8049685','cdr','09-05','CDR Class','agotada',99999,NULL,'','','','flasheado','ok','',2,'',19);
INSERT INTO "app001_netbook" VALUES(88,'EDU8048805','cdr','09-05','CDR Class','cambiada',1994,'2023-08-17','3268D2303181647CE7FD','6C71D9146B8A','12','flasheado','ok','netbooks/16535630199264958956416440073076.jpg',2,'Funciona solamente enchufada.',20);
INSERT INTO "app001_netbook" VALUES(89,'EDU8049665','cdr','09-05','CDR Class','cambiada',1990,'2023-08-17','3268D2303181647CE7FD','6C71D9146BA0','1B','flasheado','ok','',2,'',21);
INSERT INTO "app001_netbook" VALUES(90,'EDU8048834','cdr','09-05','CDR Class','agotada',99999,NULL,'','','','flasheado','ok','',2,'',22);
INSERT INTO "app001_netbook" VALUES(91,'EDU8049678','cdr','09-05','','agotada',99999,NULL,'','','','flasheado','ok','',2,'',23);
INSERT INTO "app001_netbook" VALUES(92,'EDU8048833','cdr','09-05','CDR Class','agotada',99999,NULL,'','','','flasheado','ok','',2,'',24);
INSERT INTO "app001_netbook" VALUES(93,'EDU8048819','cdr','09-05','CDR Class','cambiada',1997,'2023-08-17','3268D2303181647CE7FD','6C71D9146CCE','17','flasheado','ok','netbooks/16535651954886597728975607968076.jpg',2,'',29);
INSERT INTO "app001_netbook" VALUES(94,'EDU8048842','cdr','09-05','CDR Class','agotada',0,NULL,'8D0E3CF8B25ECED0E300','6C71D9145D13','16','flasheado','bloqueada','',2,'',30);
CREATE UNIQUE INDEX "auth_group_permissions_group_id_permission_id_0cd325b0_uniq" ON "auth_group_permissions" ("group_id", "permission_id");
CREATE INDEX IF NOT EXISTS "auth_group_permissions_group_id_b120cbf9" ON "auth_group_permissions" ("group_id");
CREATE INDEX IF NOT EXISTS "auth_group_permissions_permission_id_84c5c92e" ON "auth_group_permissions" ("permission_id");
CREATE UNIQUE INDEX "auth_user_groups_user_id_group_id_94350c0c_uniq" ON "auth_user_groups" ("user_id", "group_id");
CREATE INDEX IF NOT EXISTS "auth_user_groups_user_id_6a12ed8b" ON "auth_user_groups" ("user_id");
CREATE INDEX IF NOT EXISTS "auth_user_groups_group_id_97559544" ON "auth_user_groups" ("group_id");
CREATE UNIQUE INDEX "auth_user_user_permissions_user_id_permission_id_14a6b632_uniq" ON "auth_user_user_permissions" ("user_id", "permission_id");
CREATE INDEX IF NOT EXISTS "auth_user_user_permissions_user_id_a95ead1b" ON "auth_user_user_permissions" ("user_id");
CREATE INDEX IF NOT EXISTS "auth_user_user_permissions_permission_id_1fbb5f2c" ON "auth_user_user_permissions" ("permission_id");
CREATE INDEX IF NOT EXISTS "django_admin_log_content_type_id_c4bce8eb" ON "django_admin_log" ("content_type_id");
CREATE INDEX IF NOT EXISTS "django_admin_log_user_id_c564eba6" ON "django_admin_log" ("user_id");
CREATE UNIQUE INDEX "django_content_type_app_label_model_76bd3d3b_uniq" ON "django_content_type" ("app_label", "model");
CREATE UNIQUE INDEX "auth_permission_content_type_id_codename_01ab375a_uniq" ON "auth_permission" ("content_type_id", "codename");
CREATE INDEX IF NOT EXISTS "auth_permission_content_type_id_2f476e4b" ON "auth_permission" ("content_type_id");
CREATE INDEX IF NOT EXISTS "django_session_expire_date_a5c62663" ON "django_session" ("expire_date");
CREATE INDEX IF NOT EXISTS "app001_netbook_escuela_id_04ca6ef1" ON "app001_netbook" ("escuela_id");
CREATE INDEX IF NOT EXISTS "app001_actividad_autor_id_c30a0f48" ON "app001_actividad" ("autor_id");
CREATE INDEX IF NOT EXISTS "app001_informe_autor_id_1b992dce" ON "app001_informe" ("autor_id");
CREATE INDEX IF NOT EXISTS "app001_informe_escuela_id_03023463" ON "app001_informe" ("escuela_id");
CREATE TABLE IF NOT EXISTS "auth_group" ("id" integer NOT NULL PRIMARY KEY AUTOINCREMENT, "name" varchar(150) NOT NULL UNIQUE);
INSERT INTO "auth_group" VALUES(1,'rte');
INSERT INTO "auth_group" VALUES(2,'admin');
CREATE UNIQUE INDEX "auth_group_permissions_group_id_permission_id_0cd325b0_uniq" ON "auth_group_permissions" ("group_id", "permission_id");
CREATE INDEX IF NOT EXISTS "auth_group_permissions_group_id_b120cbf9" ON "auth_group_permissions" ("group_id");
CREATE INDEX IF NOT EXISTS "auth_group_permissions_permission_id_84c5c92e" ON "auth_group_permissions" ("permission_id");
CREATE UNIQUE INDEX "auth_user_groups_user_id_group_id_94350c0c_uniq" ON "auth_user_groups" ("user_id", "group_id");
CREATE INDEX IF NOT EXISTS "auth_user_groups_user_id_6a12ed8b" ON "auth_user_groups" ("user_id");
CREATE INDEX IF NOT EXISTS "auth_user_groups_group_id_97559544" ON "auth_user_groups" ("group_id");
CREATE UNIQUE INDEX "auth_user_user_permissions_user_id_permission_id_14a6b632_uniq" ON "auth_user_user_permissions" ("user_id", "permission_id");
CREATE INDEX IF NOT EXISTS "auth_user_user_permissions_user_id_a95ead1b" ON "auth_user_user_permissions" ("user_id");
CREATE INDEX IF NOT EXISTS "auth_user_user_permissions_permission_id_1fbb5f2c" ON "auth_user_user_permissions" ("permission_id");
CREATE INDEX IF NOT EXISTS "django_admin_log_content_type_id_c4bce8eb" ON "django_admin_log" ("content_type_id");
CREATE INDEX IF NOT EXISTS "django_admin_log_user_id_c564eba6" ON "django_admin_log" ("user_id");
CREATE UNIQUE INDEX "django_content_type_app_label_model_76bd3d3b_uniq" ON "django_content_type" ("app_label", "model");
CREATE UNIQUE INDEX "auth_permission_content_type_id_codename_01ab375a_uniq" ON "auth_permission" ("content_type_id", "codename");
CREATE INDEX IF NOT EXISTS "auth_permission_content_type_id_2f476e4b" ON "auth_permission" ("content_type_id");
CREATE INDEX IF NOT EXISTS "django_session_expire_date_a5c62663" ON "django_session" ("expire_date");
CREATE INDEX IF NOT EXISTS "app001_netbook_escuela_id_04ca6ef1" ON "app001_netbook" ("escuela_id");
CREATE INDEX IF NOT EXISTS "app001_actividad_autor_id_c30a0f48" ON "app001_actividad" ("autor_id");
CREATE INDEX IF NOT EXISTS "app001_informe_autor_id_1b992dce" ON "app001_informe" ("autor_id");
CREATE INDEX IF NOT EXISTS "app001_informe_escuela_id_03023463" ON "app001_informe" ("escuela_id");
CREATE TABLE IF NOT EXISTS "auth_group_permissions" ("id" integer NOT NULL PRIMARY KEY AUTOINCREMENT, "group_id" integer NOT NULL REFERENCES "auth_group" ("id") DEFERRABLE INITIALLY DEFERRED, "permission_id" integer NOT NULL REFERENCES "auth_permission" ("id") DEFERRABLE INITIALLY DEFERRED);
INSERT INTO "auth_group_permissions" VALUES(1,1,36);
INSERT INTO "auth_group_permissions" VALUES(2,1,37);
INSERT INTO "auth_group_permissions" VALUES(3,1,40);
INSERT INTO "auth_group_permissions" VALUES(4,1,41);
INSERT INTO "auth_group_permissions" VALUES(5,1,44);
INSERT INTO "auth_group_permissions" VALUES(6,1,26);
INSERT INTO "auth_group_permissions" VALUES(7,1,28);
INSERT INTO "auth_group_permissions" VALUES(8,2,33);
INSERT INTO "auth_group_permissions" VALUES(9,2,34);
INSERT INTO "auth_group_permissions" VALUES(10,2,35);
INSERT INTO "auth_group_permissions" VALUES(11,2,36);
INSERT INTO "auth_group_permissions" VALUES(12,2,37);
INSERT INTO "auth_group_permissions" VALUES(13,2,40);
INSERT INTO "auth_group_permissions" VALUES(14,2,41);
INSERT INTO "auth_group_permissions" VALUES(15,2,44);
INSERT INTO "auth_group_permissions" VALUES(16,2,25);
INSERT INTO "auth_group_permissions" VALUES(17,2,26);
INSERT INTO "auth_group_permissions" VALUES(18,2,27);
INSERT INTO "auth_group_permissions" VALUES(19,2,28);
CREATE UNIQUE INDEX "auth_group_permissions_group_id_permission_id_0cd325b0_uniq" ON "auth_group_permissions" ("group_id", "permission_id");
CREATE INDEX IF NOT EXISTS "auth_group_permissions_group_id_b120cbf9" ON "auth_group_permissions" ("group_id");
CREATE INDEX IF NOT EXISTS "auth_group_permissions_permission_id_84c5c92e" ON "auth_group_permissions" ("permission_id");
CREATE UNIQUE INDEX "auth_user_groups_user_id_group_id_94350c0c_uniq" ON "auth_user_groups" ("user_id", "group_id");
CREATE INDEX IF NOT EXISTS "auth_user_groups_user_id_6a12ed8b" ON "auth_user_groups" ("user_id");
CREATE INDEX IF NOT EXISTS "auth_user_groups_group_id_97559544" ON "auth_user_groups" ("group_id");
CREATE UNIQUE INDEX "auth_user_user_permissions_user_id_permission_id_14a6b632_uniq" ON "auth_user_user_permissions" ("user_id", "permission_id");
CREATE INDEX IF NOT EXISTS "auth_user_user_permissions_user_id_a95ead1b" ON "auth_user_user_permissions" ("user_id");
CREATE INDEX IF NOT EXISTS "auth_user_user_permissions_permission_id_1fbb5f2c" ON "auth_user_user_permissions" ("permission_id");
CREATE INDEX IF NOT EXISTS "django_admin_log_content_type_id_c4bce8eb" ON "django_admin_log" ("content_type_id");
CREATE INDEX IF NOT EXISTS "django_admin_log_user_id_c564eba6" ON "django_admin_log" ("user_id");
CREATE UNIQUE INDEX "django_content_type_app_label_model_76bd3d3b_uniq" ON "django_content_type" ("app_label", "model");
CREATE UNIQUE INDEX "auth_permission_content_type_id_codename_01ab375a_uniq" ON "auth_permission" ("content_type_id", "codename");
CREATE INDEX IF NOT EXISTS "auth_permission_content_type_id_2f476e4b" ON "auth_permission" ("content_type_id");
CREATE INDEX IF NOT EXISTS "django_session_expire_date_a5c62663" ON "django_session" ("expire_date");
CREATE INDEX IF NOT EXISTS "app001_netbook_escuela_id_04ca6ef1" ON "app001_netbook" ("escuela_id");
CREATE INDEX IF NOT EXISTS "app001_actividad_autor_id_c30a0f48" ON "app001_actividad" ("autor_id");
CREATE INDEX IF NOT EXISTS "app001_informe_autor_id_1b992dce" ON "app001_informe" ("autor_id");
CREATE INDEX IF NOT EXISTS "app001_informe_escuela_id_03023463" ON "app001_informe" ("escuela_id");
CREATE TABLE IF NOT EXISTS "auth_permission" ("id" integer NOT NULL PRIMARY KEY AUTOINCREMENT, "content_type_id" integer NOT NULL REFERENCES "django_content_type" ("id") DEFERRABLE INITIALLY DEFERRED, "codename" varchar(100) NOT NULL, "name" varchar(255) NOT NULL);
INSERT INTO "auth_permission" VALUES(1,1,'add_logentry','Can add log entry');
INSERT INTO "auth_permission" VALUES(2,1,'change_logentry','Can change log entry');
INSERT INTO "auth_permission" VALUES(3,1,'delete_logentry','Can delete log entry');
INSERT INTO "auth_permission" VALUES(4,1,'view_logentry','Can view log entry');
INSERT INTO "auth_permission" VALUES(5,2,'add_permission','Can add permission');
INSERT INTO "auth_permission" VALUES(6,2,'change_permission','Can change permission');
INSERT INTO "auth_permission" VALUES(7,2,'delete_permission','Can delete permission');
INSERT INTO "auth_permission" VALUES(8,2,'view_permission','Can view permission');
INSERT INTO "auth_permission" VALUES(9,3,'add_group','Can add group');
INSERT INTO "auth_permission" VALUES(10,3,'change_group','Can change group');
INSERT INTO "auth_permission" VALUES(11,3,'delete_group','Can delete group');
INSERT INTO "auth_permission" VALUES(12,3,'view_group','Can view group');
INSERT INTO "auth_permission" VALUES(13,4,'add_user','Can add user');
INSERT INTO "auth_permission" VALUES(14,4,'change_user','Can change user');
INSERT INTO "auth_permission" VALUES(15,4,'delete_user','Can delete user');
INSERT INTO "auth_permission" VALUES(16,4,'view_user','Can view user');
INSERT INTO "auth_permission" VALUES(17,5,'add_contenttype','Can add content type');
INSERT INTO "auth_permission" VALUES(18,5,'change_contenttype','Can change content type');
INSERT INTO "auth_permission" VALUES(19,5,'delete_contenttype','Can delete content type');
INSERT INTO "auth_permission" VALUES(20,5,'view_contenttype','Can view content type');
INSERT INTO "auth_permission" VALUES(21,6,'add_session','Can add session');
INSERT INTO "auth_permission" VALUES(22,6,'change_session','Can change session');
INSERT INTO "auth_permission" VALUES(23,6,'delete_session','Can delete session');
INSERT INTO "auth_permission" VALUES(24,6,'view_session','Can view session');
INSERT INTO "auth_permission" VALUES(25,7,'add_netbook','Can add netbook');
INSERT INTO "auth_permission" VALUES(26,7,'change_netbook','Can change netbook');
INSERT INTO "auth_permission" VALUES(27,7,'delete_netbook','Can delete netbook');
INSERT INTO "auth_permission" VALUES(28,7,'view_netbook','Can view netbook');
INSERT INTO "auth_permission" VALUES(29,8,'add_theme','Can add Theme');
INSERT INTO "auth_permission" VALUES(30,8,'change_theme','Can change Theme');
INSERT INTO "auth_permission" VALUES(31,8,'delete_theme','Can delete Theme');
INSERT INTO "auth_permission" VALUES(32,8,'view_theme','Can view Theme');
INSERT INTO "auth_permission" VALUES(33,9,'add_escuela','Can add escuela');
INSERT INTO "auth_permission" VALUES(34,9,'change_escuela','Can change escuela');
INSERT INTO "auth_permission" VALUES(35,9,'delete_escuela','Can delete escuela');
INSERT INTO "auth_permission" VALUES(36,9,'view_escuela','Can view escuela');
INSERT INTO "auth_permission" VALUES(37,10,'add_informe','Can add informe');
INSERT INTO "auth_permission" VALUES(38,10,'change_informe','Can change informe');
INSERT INTO "auth_permission" VALUES(39,10,'delete_informe','Can delete informe');
INSERT INTO "auth_permission" VALUES(40,10,'view_informe','Can view informe');
INSERT INTO "auth_permission" VALUES(41,11,'add_actividad','Can add actividad');
INSERT INTO "auth_permission" VALUES(42,11,'change_actividad','Can change actividad');
INSERT INTO "auth_permission" VALUES(43,11,'delete_actividad','Can delete actividad');
INSERT INTO "auth_permission" VALUES(44,11,'view_actividad','Can view actividad');
INSERT INTO "auth_permission" VALUES(45,12,'add_informes_eliminados','Can add informes_eliminados');
INSERT INTO "auth_permission" VALUES(46,12,'change_informes_eliminados','Can change informes_eliminados');
INSERT INTO "auth_permission" VALUES(47,12,'delete_informes_eliminados','Can delete informes_eliminados');
INSERT INTO "auth_permission" VALUES(48,12,'view_informes_eliminados','Can view informes_eliminados');
CREATE UNIQUE INDEX "auth_group_permissions_group_id_permission_id_0cd325b0_uniq" ON "auth_group_permissions" ("group_id", "permission_id");
CREATE INDEX IF NOT EXISTS "auth_group_permissions_group_id_b120cbf9" ON "auth_group_permissions" ("group_id");
CREATE INDEX IF NOT EXISTS "auth_group_permissions_permission_id_84c5c92e" ON "auth_group_permissions" ("permission_id");
CREATE UNIQUE INDEX "auth_user_groups_user_id_group_id_94350c0c_uniq" ON "auth_user_groups" ("user_id", "group_id");
CREATE INDEX IF NOT EXISTS "auth_user_groups_user_id_6a12ed8b" ON "auth_user_groups" ("user_id");
CREATE INDEX IF NOT EXISTS "auth_user_groups_group_id_97559544" ON "auth_user_groups" ("group_id");
CREATE UNIQUE INDEX "auth_user_user_permissions_user_id_permission_id_14a6b632_uniq" ON "auth_user_user_permissions" ("user_id", "permission_id");
CREATE INDEX IF NOT EXISTS "auth_user_user_permissions_user_id_a95ead1b" ON "auth_user_user_permissions" ("user_id");
CREATE INDEX IF NOT EXISTS "auth_user_user_permissions_permission_id_1fbb5f2c" ON "auth_user_user_permissions" ("permission_id");
CREATE INDEX IF NOT EXISTS "django_admin_log_content_type_id_c4bce8eb" ON "django_admin_log" ("content_type_id");
CREATE INDEX IF NOT EXISTS "django_admin_log_user_id_c564eba6" ON "django_admin_log" ("user_id");
CREATE UNIQUE INDEX "django_content_type_app_label_model_76bd3d3b_uniq" ON "django_content_type" ("app_label", "model");
CREATE UNIQUE INDEX "auth_permission_content_type_id_codename_01ab375a_uniq" ON "auth_permission" ("content_type_id", "codename");
CREATE INDEX IF NOT EXISTS "auth_permission_content_type_id_2f476e4b" ON "auth_permission" ("content_type_id");
CREATE INDEX IF NOT EXISTS "django_session_expire_date_a5c62663" ON "django_session" ("expire_date");
CREATE INDEX IF NOT EXISTS "app001_netbook_escuela_id_04ca6ef1" ON "app001_netbook" ("escuela_id");
CREATE INDEX IF NOT EXISTS "app001_actividad_autor_id_c30a0f48" ON "app001_actividad" ("autor_id");
CREATE INDEX IF NOT EXISTS "app001_informe_autor_id_1b992dce" ON "app001_informe" ("autor_id");
CREATE INDEX IF NOT EXISTS "app001_informe_escuela_id_03023463" ON "app001_informe" ("escuela_id");
CREATE TABLE IF NOT EXISTS "auth_user" ("id" integer NOT NULL PRIMARY KEY AUTOINCREMENT, "password" varchar(128) NOT NULL, "last_login" datetime NULL, "is_superuser" bool NOT NULL, "username" varchar(150) NOT NULL UNIQUE, "last_name" varchar(150) NOT NULL, "email" varchar(254) NOT NULL, "is_staff" bool NOT NULL, "is_active" bool NOT NULL, "date_joined" datetime NOT NULL, "first_name" varchar(150) NOT NULL);
INSERT INTO "auth_user" VALUES(1,'pbkdf2_sha256$260000$R975wzUiGmi75BmXXyMNdy$/RjaSmv8HiwW3qE6wZHiKvNcM++gjnmrBsJh1ci0z8s=','2022-06-07 17:56:33.632069',1,'marcelo','','bruzzone1804@gmail.com',1,1,'2022-05-10 21:33:01.648599','');
INSERT INTO "auth_user" VALUES(2,'pbkdf2_sha256$320000$3LqeeJG4kIoG311DS9HqAS$rlt5NMqXQhLJLNQXAw+kAmKvVoyekjmJO8tpjzd20ao=','2022-05-22 22:53:17.236596',0,'alonso','','',0,1,'2022-05-11 16:05:46','');
INSERT INTO "auth_user" VALUES(3,'pbkdf2_sha256$320000$eTNYwCsBuQ8fY1y1KrgIiJ$BL4PYnP/rVuR0uMq/xpqIkYSehBAKtc6TIImF43QaOo=','2022-05-22 23:01:49.671725',0,'alunso','','',0,1,'2022-05-11 16:09:45','');
CREATE UNIQUE INDEX "auth_group_permissions_group_id_permission_id_0cd325b0_uniq" ON "auth_group_permissions" ("group_id", "permission_id");
CREATE INDEX IF NOT EXISTS "auth_group_permissions_group_id_b120cbf9" ON "auth_group_permissions" ("group_id");
CREATE INDEX IF NOT EXISTS "auth_group_permissions_permission_id_84c5c92e" ON "auth_group_permissions" ("permission_id");
CREATE UNIQUE INDEX "auth_user_groups_user_id_group_id_94350c0c_uniq" ON "auth_user_groups" ("user_id", "group_id");
CREATE INDEX IF NOT EXISTS "auth_user_groups_user_id_6a12ed8b" ON "auth_user_groups" ("user_id");
CREATE INDEX IF NOT EXISTS "auth_user_groups_group_id_97559544" ON "auth_user_groups" ("group_id");
CREATE UNIQUE INDEX "auth_user_user_permissions_user_id_permission_id_14a6b632_uniq" ON "auth_user_user_permissions" ("user_id", "permission_id");
CREATE INDEX IF NOT EXISTS "auth_user_user_permissions_user_id_a95ead1b" ON "auth_user_user_permissions" ("user_id");
CREATE INDEX IF NOT EXISTS "auth_user_user_permissions_permission_id_1fbb5f2c" ON "auth_user_user_permissions" ("permission_id");
CREATE INDEX IF NOT EXISTS "django_admin_log_content_type_id_c4bce8eb" ON "django_admin_log" ("content_type_id");
CREATE INDEX IF NOT EXISTS "django_admin_log_user_id_c564eba6" ON "django_admin_log" ("user_id");
CREATE UNIQUE INDEX "django_content_type_app_label_model_76bd3d3b_uniq" ON "django_content_type" ("app_label", "model");
CREATE UNIQUE INDEX "auth_permission_content_type_id_codename_01ab375a_uniq" ON "auth_permission" ("content_type_id", "codename");
CREATE INDEX IF NOT EXISTS "auth_permission_content_type_id_2f476e4b" ON "auth_permission" ("content_type_id");
CREATE INDEX IF NOT EXISTS "django_session_expire_date_a5c62663" ON "django_session" ("expire_date");
CREATE INDEX IF NOT EXISTS "app001_netbook_escuela_id_04ca6ef1" ON "app001_netbook" ("escuela_id");
CREATE INDEX IF NOT EXISTS "app001_actividad_autor_id_c30a0f48" ON "app001_actividad" ("autor_id");
CREATE INDEX IF NOT EXISTS "app001_informe_autor_id_1b992dce" ON "app001_informe" ("autor_id");
CREATE INDEX IF NOT EXISTS "app001_informe_escuela_id_03023463" ON "app001_informe" ("escuela_id");
CREATE TABLE IF NOT EXISTS "auth_user_groups" ("id" integer NOT NULL PRIMARY KEY AUTOINCREMENT, "user_id" integer NOT NULL REFERENCES "auth_user" ("id") DEFERRABLE INITIALLY DEFERRED, "group_id" integer NOT NULL REFERENCES "auth_group" ("id") DEFERRABLE INITIALLY DEFERRED);
INSERT INTO "auth_user_groups" VALUES(1,2,1);
INSERT INTO "auth_user_groups" VALUES(2,3,2);
CREATE UNIQUE INDEX "auth_group_permissions_group_id_permission_id_0cd325b0_uniq" ON "auth_group_permissions" ("group_id", "permission_id");
CREATE INDEX IF NOT EXISTS "auth_group_permissions_group_id_b120cbf9" ON "auth_group_permissions" ("group_id");
CREATE INDEX IF NOT EXISTS "auth_group_permissions_permission_id_84c5c92e" ON "auth_group_permissions" ("permission_id");
CREATE UNIQUE INDEX "auth_user_groups_user_id_group_id_94350c0c_uniq" ON "auth_user_groups" ("user_id", "group_id");
CREATE INDEX IF NOT EXISTS "auth_user_groups_user_id_6a12ed8b" ON "auth_user_groups" ("user_id");
CREATE INDEX IF NOT EXISTS "auth_user_groups_group_id_97559544" ON "auth_user_groups" ("group_id");
CREATE UNIQUE INDEX "auth_user_user_permissions_user_id_permission_id_14a6b632_uniq" ON "auth_user_user_permissions" ("user_id", "permission_id");
CREATE INDEX IF NOT EXISTS "auth_user_user_permissions_user_id_a95ead1b" ON "auth_user_user_permissions" ("user_id");
CREATE INDEX IF NOT EXISTS "auth_user_user_permissions_permission_id_1fbb5f2c" ON "auth_user_user_permissions" ("permission_id");
CREATE INDEX IF NOT EXISTS "django_admin_log_content_type_id_c4bce8eb" ON "django_admin_log" ("content_type_id");
CREATE INDEX IF NOT EXISTS "django_admin_log_user_id_c564eba6" ON "django_admin_log" ("user_id");
CREATE UNIQUE INDEX "django_content_type_app_label_model_76bd3d3b_uniq" ON "django_content_type" ("app_label", "model");
CREATE UNIQUE INDEX "auth_permission_content_type_id_codename_01ab375a_uniq" ON "auth_permission" ("content_type_id", "codename");
CREATE INDEX IF NOT EXISTS "auth_permission_content_type_id_2f476e4b" ON "auth_permission" ("content_type_id");
CREATE INDEX IF NOT EXISTS "django_session_expire_date_a5c62663" ON "django_session" ("expire_date");
CREATE INDEX IF NOT EXISTS "app001_netbook_escuela_id_04ca6ef1" ON "app001_netbook" ("escuela_id");
CREATE INDEX IF NOT EXISTS "app001_actividad_autor_id_c30a0f48" ON "app001_actividad" ("autor_id");
CREATE INDEX IF NOT EXISTS "app001_informe_autor_id_1b992dce" ON "app001_informe" ("autor_id");
CREATE INDEX IF NOT EXISTS "app001_informe_escuela_id_03023463" ON "app001_informe" ("escuela_id");
CREATE TABLE IF NOT EXISTS "auth_user_user_permissions" ("id" integer NOT NULL PRIMARY KEY AUTOINCREMENT, "user_id" integer NOT NULL REFERENCES "auth_user" ("id") DEFERRABLE INITIALLY DEFERRED, "permission_id" integer NOT NULL REFERENCES "auth_permission" ("id") DEFERRABLE INITIALLY DEFERRED);
CREATE UNIQUE INDEX "auth_group_permissions_group_id_permission_id_0cd325b0_uniq" ON "auth_group_permissions" ("group_id", "permission_id");
CREATE INDEX IF NOT EXISTS "auth_group_permissions_group_id_b120cbf9" ON "auth_group_permissions" ("group_id");
CREATE INDEX IF NOT EXISTS "auth_group_permissions_permission_id_84c5c92e" ON "auth_group_permissions" ("permission_id");
CREATE UNIQUE INDEX "auth_user_groups_user_id_group_id_94350c0c_uniq" ON "auth_user_groups" ("user_id", "group_id");
CREATE INDEX IF NOT EXISTS "auth_user_groups_user_id_6a12ed8b" ON "auth_user_groups" ("user_id");
CREATE INDEX IF NOT EXISTS "auth_user_groups_group_id_97559544" ON "auth_user_groups" ("group_id");
CREATE UNIQUE INDEX "auth_user_user_permissions_user_id_permission_id_14a6b632_uniq" ON "auth_user_user_permissions" ("user_id", "permission_id");
CREATE INDEX IF NOT EXISTS "auth_user_user_permissions_user_id_a95ead1b" ON "auth_user_user_permissions" ("user_id");
CREATE INDEX IF NOT EXISTS "auth_user_user_permissions_permission_id_1fbb5f2c" ON "auth_user_user_permissions" ("permission_id");
CREATE INDEX IF NOT EXISTS "django_admin_log_content_type_id_c4bce8eb" ON "django_admin_log" ("content_type_id");
CREATE INDEX IF NOT EXISTS "django_admin_log_user_id_c564eba6" ON "django_admin_log" ("user_id");
CREATE UNIQUE INDEX "django_content_type_app_label_model_76bd3d3b_uniq" ON "django_content_type" ("app_label", "model");
CREATE UNIQUE INDEX "auth_permission_content_type_id_codename_01ab375a_uniq" ON "auth_permission" ("content_type_id", "codename");
CREATE INDEX IF NOT EXISTS "auth_permission_content_type_id_2f476e4b" ON "auth_permission" ("content_type_id");
CREATE INDEX IF NOT EXISTS "django_session_expire_date_a5c62663" ON "django_session" ("expire_date");
CREATE INDEX IF NOT EXISTS "app001_netbook_escuela_id_04ca6ef1" ON "app001_netbook" ("escuela_id");
CREATE INDEX IF NOT EXISTS "app001_actividad_autor_id_c30a0f48" ON "app001_actividad" ("autor_id");
CREATE INDEX IF NOT EXISTS "app001_informe_autor_id_1b992dce" ON "app001_informe" ("autor_id");
CREATE INDEX IF NOT EXISTS "app001_informe_escuela_id_03023463" ON "app001_informe" ("escuela_id");
CREATE TABLE IF NOT EXISTS "django_admin_log" ("id" integer NOT NULL PRIMARY KEY AUTOINCREMENT, "action_time" datetime NOT NULL, "object_id" text NULL, "object_repr" varchar(200) NOT NULL, "change_message" text NOT NULL, "content_type_id" integer NULL REFERENCES "django_content_type" ("id") DEFERRABLE INITIALLY DEFERRED, "user_id" integer NOT NULL REFERENCES "auth_user" ("id") DEFERRABLE INITIALLY DEFERRED, "action_flag" smallint unsigned NOT NULL CHECK ("action_flag" >= 0));
INSERT INTO "django_admin_log" VALUES(1,'2022-05-10 21:35:01.535532','1','Netbook object (1)','[{"added": {}}]',7,1,1);
INSERT INTO "django_admin_log" VALUES(2,'2022-05-10 21:36:27.072165','1','Netbook object (1)','',7,1,3);
INSERT INTO "django_admin_log" VALUES(3,'2022-05-10 22:37:37.964660','1','Netbook object (1)','[{"added": {}}]',7,1,1);
INSERT INTO "django_admin_log" VALUES(4,'2022-05-10 22:49:52.872863','1','346 - San Isidro Labrador','[{"added": {}}]',9,1,1);
INSERT INTO "django_admin_log" VALUES(5,'2022-05-10 22:50:03.064010','1','Noblex - 5031061422','[{"changed": {"fields": ["Escuela"]}}]',7,1,2);
INSERT INTO "django_admin_log" VALUES(6,'2022-05-11 11:18:20.877446','2','504 - Primera Junta','[{"added": {}}]',9,1,1);
INSERT INTO "django_admin_log" VALUES(7,'2022-05-11 13:07:43.869989','3','504 - casita de belen','[{"added": {}}]',9,1,1);
INSERT INTO "django_admin_log" VALUES(8,'2022-05-11 13:09:07.860730','3','504 - casita de belen','',9,1,3);
INSERT INTO "django_admin_log" VALUES(9,'2022-05-11 13:09:20.653728','4','3 - casita de belen','[{"added": {}}]',9,1,1);
INSERT INTO "django_admin_log" VALUES(10,'2022-05-11 13:09:28.080221','4','3 - casita de belen','',9,1,3);
INSERT INTO "django_admin_log" VALUES(11,'2022-05-11 14:49:19.342590','1','App 001','[{"changed": {"fields": ["Name", "Title"]}}]',8,1,2);
INSERT INTO "django_admin_log" VALUES(12,'2022-05-11 16:43:25.859140','3','alunso','[{"changed": {"fields": ["User permissions"]}}]',4,1,2);
INSERT INTO "django_admin_log" VALUES(13,'2022-05-11 16:43:41.078123','2','alonso','[{"changed": {"fields": ["User permissions"]}}]',4,1,2);
INSERT INTO "django_admin_log" VALUES(14,'2022-05-16 11:44:53.400931','1','marcelo - 2022-05-16 08:44:22-03:00','[{"added": {}}]',10,1,1);
INSERT INTO "django_admin_log" VALUES(15,'2022-05-16 11:47:07.441488','79','cdr - EDU8049672','[{"added": {}}]',7,1,1);
INSERT INTO "django_admin_log" VALUES(16,'2022-05-16 12:21:47.832598','7','cdr - EDU8048833','',7,1,3);
INSERT INTO "django_admin_log" VALUES(17,'2022-05-16 12:25:35.430269','83',' - ','[{"changed": {"fields": ["Serie"]}}]',7,1,2);
INSERT INTO "django_admin_log" VALUES(18,'2022-05-16 12:26:00.651711','18','cdr - 10-504','[{"changed": {"fields": ["Serie"]}}]',7,1,2);
INSERT INTO "django_admin_log" VALUES(19,'2022-05-16 12:26:24.366938','13','cdr - EDU8048836','[{"changed": {"fields": ["Serie"]}}]',7,1,2);
INSERT INTO "django_admin_log" VALUES(20,'2022-05-16 12:27:18.379708','4','cdr - EDU8048820','[{"changed": {"fields": ["Estado"]}}]',7,1,2);
INSERT INTO "django_admin_log" VALUES(21,'2022-05-16 12:27:25.029859','6','cdr - EDU8048806','[{"changed": {"fields": ["Estado"]}}]',7,1,2);
INSERT INTO "django_admin_log" VALUES(22,'2022-05-16 12:30:10.521276','80','cdr - EDU8048843','[{"changed": {"fields": ["Estado"]}}]',7,1,2);
INSERT INTO "django_admin_log" VALUES(23,'2022-05-16 12:30:10.541026','84','cdr - 16-504','[{"changed": {"fields": ["Estado"]}}]',7,1,2);
INSERT INTO "django_admin_log" VALUES(24,'2022-05-16 12:30:10.556939','88','cdr - EDU8048805','[{"changed": {"fields": ["Estado"]}}]',7,1,2);
INSERT INTO "django_admin_log" VALUES(25,'2022-05-16 12:30:10.575704','89','cdr - EDU8049665','[{"changed": {"fields": ["Estado"]}}]',7,1,2);
INSERT INTO "django_admin_log" VALUES(26,'2022-05-16 12:30:10.592284','93','cdr - EDU8048819','[{"changed": {"fields": ["Estado"]}}]',7,1,2);
INSERT INTO "django_admin_log" VALUES(27,'2022-05-16 12:38:32.071353','12','cdr - EDU8048807','[{"changed": {"fields": ["Estado"]}}]',7,1,2);
INSERT INTO "django_admin_log" VALUES(28,'2022-05-16 12:44:12.081525','16','cdr - EDU8049658','[{"changed": {"fields": ["Estado"]}}]',7,1,2);
INSERT INTO "django_admin_log" VALUES(29,'2022-05-16 12:47:02.408431','12','cdr - EDU8048807','[{"changed": {"fields": ["Fecha expiracion"]}}]',7,1,2);
INSERT INTO "django_admin_log" VALUES(30,'2022-05-16 12:52:02.781677','2','marcelo - 2022-05-16 09:51:35-03:00','[{"added": {}}]',10,1,1);
INSERT INTO "django_admin_log" VALUES(31,'2022-05-16 12:54:13.465913','4','cdr - EDU8048820','[{"changed": {"fields": ["Estado disco"]}}]',7,1,2);
INSERT INTO "django_admin_log" VALUES(32,'2022-05-16 13:00:32.221865','4','cdr - EDU8048820','[{"changed": {"fields": ["Estado"]}}]',7,1,2);
INSERT INTO "django_admin_log" VALUES(33,'2022-05-16 13:01:20.184004','6','cdr - EDU8048806','[{"changed": {"fields": ["Estado"]}}]',7,1,2);
INSERT INTO "django_admin_log" VALUES(34,'2022-05-16 13:03:45.474070','84','cdr - 16-504','[{"changed": {"fields": ["Estado"]}}]',7,1,2);
INSERT INTO "django_admin_log" VALUES(35,'2022-05-16 13:06:39.000916','88','cdr - EDU8048805','[{"changed": {"fields": ["Estado"]}}]',7,1,2);
INSERT INTO "django_admin_log" VALUES(36,'2022-05-16 13:08:54.141156','89','cdr - EDU8049665','[{"changed": {"fields": ["Estado"]}}]',7,1,2);
INSERT INTO "django_admin_log" VALUES(37,'2022-05-16 13:09:31.871658','93','cdr - EDU8048819','[{"changed": {"fields": ["Estado"]}}]',7,1,2);
INSERT INTO "django_admin_log" VALUES(38,'2022-05-17 01:19:03.544110','124',' - ','',7,1,3);
INSERT INTO "django_admin_log" VALUES(39,'2022-05-17 01:19:03.561099','123',' - ','',7,1,3);
INSERT INTO "django_admin_log" VALUES(40,'2022-05-17 01:19:03.577089','122',' - ','',7,1,3);
INSERT INTO "django_admin_log" VALUES(41,'2022-05-17 01:19:03.598074','121',' - ','',7,1,3);
INSERT INTO "django_admin_log" VALUES(42,'2022-05-17 01:19:03.609071','120',' - ','',7,1,3);
INSERT INTO "django_admin_log" VALUES(43,'2022-05-17 01:19:03.618062','119',' - ','',7,1,3);
INSERT INTO "django_admin_log" VALUES(44,'2022-05-17 01:19:03.628056','118',' - ','',7,1,3);
INSERT INTO "django_admin_log" VALUES(45,'2022-05-17 01:19:03.638051','117',' - ','',7,1,3);
INSERT INTO "django_admin_log" VALUES(46,'2022-05-17 01:19:03.649042','116',' - ','',7,1,3);
INSERT INTO "django_admin_log" VALUES(47,'2022-05-17 01:19:03.661034','115',' - ','',7,1,3);
INSERT INTO "django_admin_log" VALUES(48,'2022-05-17 01:19:03.670028','114',' - ','',7,1,3);
INSERT INTO "django_admin_log" VALUES(49,'2022-05-17 01:19:03.680022','113',' - ','',7,1,3);
INSERT INTO "django_admin_log" VALUES(50,'2022-05-17 01:19:03.690017','112',' - ','',7,1,3);
INSERT INTO "django_admin_log" VALUES(51,'2022-05-17 01:19:03.699010','111',' - ','',7,1,3);
INSERT INTO "django_admin_log" VALUES(52,'2022-05-17 01:19:03.710003','110',' - ','',7,1,3);
INSERT INTO "django_admin_log" VALUES(53,'2022-05-17 01:19:03.719000','109',' - ','',7,1,3);
INSERT INTO "django_admin_log" VALUES(54,'2022-05-17 01:19:03.730992','108',' - ','',7,1,3);
INSERT INTO "django_admin_log" VALUES(55,'2022-05-17 01:19:03.741986','107',' - ','',7,1,3);
INSERT INTO "django_admin_log" VALUES(56,'2022-05-17 01:19:03.751977','106',' - ','',7,1,3);
INSERT INTO "django_admin_log" VALUES(57,'2022-05-17 01:19:03.762971','105',' - ','',7,1,3);
INSERT INTO "django_admin_log" VALUES(58,'2022-05-17 01:19:03.776961','104',' - ','',7,1,3);
INSERT INTO "django_admin_log" VALUES(59,'2022-05-17 01:19:03.785955','103',' - ','',7,1,3);
INSERT INTO "django_admin_log" VALUES(60,'2022-05-17 01:19:03.798950','102',' - ','',7,1,3);
INSERT INTO "django_admin_log" VALUES(61,'2022-05-17 01:19:03.809938','101',' - ','',7,1,3);
INSERT INTO "django_admin_log" VALUES(62,'2022-05-17 01:19:03.818932','100',' - ','',7,1,3);
INSERT INTO "django_admin_log" VALUES(63,'2022-05-17 01:19:03.828931','99',' - ','',7,1,3);
INSERT INTO "django_admin_log" VALUES(64,'2022-05-17 01:19:03.836923','98',' - ','',7,1,3);
INSERT INTO "django_admin_log" VALUES(65,'2022-05-17 01:19:03.847915','97',' - ','',7,1,3);
INSERT INTO "django_admin_log" VALUES(66,'2022-05-17 01:19:03.860906','96',' - ','',7,1,3);
INSERT INTO "django_admin_log" VALUES(67,'2022-05-17 01:19:03.868901','95',' - ','',7,1,3);
INSERT INTO "django_admin_log" VALUES(68,'2022-05-17 01:19:16.543914','44','45 - casita de belen','',9,1,3);
INSERT INTO "django_admin_log" VALUES(69,'2022-05-17 01:38:12.583171','153',' - 29-46','',7,1,3);
INSERT INTO "django_admin_log" VALUES(70,'2022-05-17 01:38:12.595162','152',' - 28-46','',7,1,3);
INSERT INTO "django_admin_log" VALUES(71,'2022-05-17 01:38:12.619149','151',' - 27-46','',7,1,3);
INSERT INTO "django_admin_log" VALUES(72,'2022-05-17 01:38:12.636137','150',' - 26-46','',7,1,3);
INSERT INTO "django_admin_log" VALUES(73,'2022-05-17 01:38:12.648127','149',' - 25-46','',7,1,3);
INSERT INTO "django_admin_log" VALUES(74,'2022-05-17 01:38:12.660120','148',' - 24-46','',7,1,3);
INSERT INTO "django_admin_log" VALUES(75,'2022-05-17 01:38:12.672116','147',' - 23-46','',7,1,3);
INSERT INTO "django_admin_log" VALUES(76,'2022-05-17 01:38:12.687105','146',' - 22-46','',7,1,3);
INSERT INTO "django_admin_log" VALUES(77,'2022-05-17 01:38:12.701094','145',' - 21-46','',7,1,3);
INSERT INTO "django_admin_log" VALUES(78,'2022-05-17 01:38:12.716088','144',' - 20-46','',7,1,3);
INSERT INTO "django_admin_log" VALUES(79,'2022-05-17 01:38:12.726078','143',' - 19-46','',7,1,3);
INSERT INTO "django_admin_log" VALUES(80,'2022-05-17 01:38:12.738071','142',' - 18-46','',7,1,3);
INSERT INTO "django_admin_log" VALUES(81,'2022-05-17 01:38:12.753063','141',' - 17-46','',7,1,3);
INSERT INTO "django_admin_log" VALUES(82,'2022-05-17 01:38:12.768050','140',' - 16-46','',7,1,3);
INSERT INTO "django_admin_log" VALUES(83,'2022-05-17 01:38:12.781044','139',' - 15-46','',7,1,3);
INSERT INTO "django_admin_log" VALUES(84,'2022-05-17 01:38:12.791036','138',' - 14-46','',7,1,3);
INSERT INTO "django_admin_log" VALUES(85,'2022-05-17 01:38:12.803029','137',' - 13-46','',7,1,3);
INSERT INTO "django_admin_log" VALUES(86,'2022-05-17 01:38:12.819019','136',' - 12-46','',7,1,3);
INSERT INTO "django_admin_log" VALUES(87,'2022-05-17 01:38:12.829012','135',' - 11-46','',7,1,3);
INSERT INTO "django_admin_log" VALUES(88,'2022-05-17 01:38:12.844004','134',' - 10-46','',7,1,3);
INSERT INTO "django_admin_log" VALUES(89,'2022-05-17 01:38:12.855995','133',' - 9-46','',7,1,3);
INSERT INTO "django_admin_log" VALUES(90,'2022-05-17 01:38:12.868987','132',' - 8-46','',7,1,3);
INSERT INTO "django_admin_log" VALUES(91,'2022-05-17 01:38:12.885975','131',' - 7-46','',7,1,3);
INSERT INTO "django_admin_log" VALUES(92,'2022-05-17 01:38:12.907961','130',' - 6-46','',7,1,3);
INSERT INTO "django_admin_log" VALUES(93,'2022-05-17 01:38:12.917955','129',' - 5-46','',7,1,3);
INSERT INTO "django_admin_log" VALUES(94,'2022-05-17 01:38:12.926949','128',' - 4-46','',7,1,3);
INSERT INTO "django_admin_log" VALUES(95,'2022-05-17 01:38:12.936944','127',' - 3-46','',7,1,3);
INSERT INTO "django_admin_log" VALUES(96,'2022-05-17 01:38:12.945939','126',' - 2-46','',7,1,3);
INSERT INTO "django_admin_log" VALUES(97,'2022-05-17 01:38:12.956932','125',' - 1-46','',7,1,3);
INSERT INTO "django_admin_log" VALUES(98,'2022-05-17 01:41:37.662598','183',' - 30-47','',7,1,3);
INSERT INTO "django_admin_log" VALUES(99,'2022-05-17 01:41:37.694578','182',' - 29-47','',7,1,3);
INSERT INTO "django_admin_log" VALUES(100,'2022-05-17 01:41:37.708571','181',' - 28-47','',7,1,3);
INSERT INTO "django_admin_log" VALUES(101,'2022-05-17 01:41:37.726555','180',' - 27-47','',7,1,3);
INSERT INTO "django_admin_log" VALUES(102,'2022-05-17 01:41:37.746544','179',' - 26-47','',7,1,3);
INSERT INTO "django_admin_log" VALUES(103,'2022-05-17 01:41:37.760538','178',' - 25-47','',7,1,3);
INSERT INTO "django_admin_log" VALUES(104,'2022-05-17 01:41:37.772528','177',' - 24-47','',7,1,3);
INSERT INTO "django_admin_log" VALUES(105,'2022-05-17 01:41:37.782521','176',' - 23-47','',7,1,3);
INSERT INTO "django_admin_log" VALUES(106,'2022-05-17 01:41:37.799511','175',' - 22-47','',7,1,3);
INSERT INTO "django_admin_log" VALUES(107,'2022-05-17 01:41:37.814500','174',' - 21-47','',7,1,3);
INSERT INTO "django_admin_log" VALUES(108,'2022-05-17 01:41:37.827493','173',' - 20-47','',7,1,3);
INSERT INTO "django_admin_log" VALUES(109,'2022-05-17 01:41:37.839483','172',' - 19-47','',7,1,3);
INSERT INTO "django_admin_log" VALUES(110,'2022-05-17 01:41:37.851477','171',' - 18-47','',7,1,3);
INSERT INTO "django_admin_log" VALUES(111,'2022-05-17 01:41:37.867466','170',' - 17-47','',7,1,3);
INSERT INTO "django_admin_log" VALUES(112,'2022-05-17 01:41:37.883456','169',' - 16-47','',7,1,3);
INSERT INTO "django_admin_log" VALUES(113,'2022-05-17 01:41:37.894449','168',' - 15-47','',7,1,3);
INSERT INTO "django_admin_log" VALUES(114,'2022-05-17 01:41:37.907440','167',' - 14-47','',7,1,3);
INSERT INTO "django_admin_log" VALUES(115,'2022-05-17 01:41:37.918434','166',' - 13-47','',7,1,3);
INSERT INTO "django_admin_log" VALUES(116,'2022-05-17 01:41:37.941418','165',' - 12-47','',7,1,3);
INSERT INTO "django_admin_log" VALUES(117,'2022-05-17 01:41:37.954409','164',' - 11-47','',7,1,3);
INSERT INTO "django_admin_log" VALUES(118,'2022-05-17 01:41:37.965405','163',' - 10-47','',7,1,3);
INSERT INTO "django_admin_log" VALUES(119,'2022-05-17 01:41:37.978396','162',' - 9-47','',7,1,3);
INSERT INTO "django_admin_log" VALUES(120,'2022-05-17 01:41:37.993387','161',' - 8-47','',7,1,3);
INSERT INTO "django_admin_log" VALUES(121,'2022-05-17 01:41:38.008376','160',' - 7-47','',7,1,3);
INSERT INTO "django_admin_log" VALUES(122,'2022-05-17 01:41:38.020367','159',' - 6-47','',7,1,3);
INSERT INTO "django_admin_log" VALUES(123,'2022-05-17 01:41:38.033363','158',' - 5-47','',7,1,3);
INSERT INTO "django_admin_log" VALUES(124,'2022-05-17 01:41:38.045351','157',' - 4-47','',7,1,3);
INSERT INTO "django_admin_log" VALUES(125,'2022-05-17 01:41:38.061342','156',' - 3-47','',7,1,3);
INSERT INTO "django_admin_log" VALUES(126,'2022-05-17 01:41:38.076331','155',' - 2-47','',7,1,3);
INSERT INTO "django_admin_log" VALUES(127,'2022-05-17 01:41:38.089324','154',' - 1-47','',7,1,3);
INSERT INTO "django_admin_log" VALUES(128,'2022-05-17 01:45:27.298082','47','43 - Reino de España','',9,1,3);
INSERT INTO "django_admin_log" VALUES(129,'2022-05-17 03:01:57.240118','273',' - 30-6','',7,1,3);
INSERT INTO "django_admin_log" VALUES(130,'2022-05-17 03:01:57.265073','272',' - 29-6','',7,1,3);
INSERT INTO "django_admin_log" VALUES(131,'2022-05-17 03:01:57.279066','271',' - 28-6','',7,1,3);
INSERT INTO "django_admin_log" VALUES(132,'2022-05-17 03:01:57.290059','270',' - 27-6','',7,1,3);
INSERT INTO "django_admin_log" VALUES(133,'2022-05-17 03:01:57.305048','269',' - 26-6','',7,1,3);
INSERT INTO "django_admin_log" VALUES(134,'2022-05-17 03:01:57.323251','268',' - 25-6','',7,1,3);
INSERT INTO "django_admin_log" VALUES(135,'2022-05-17 03:01:57.336244','267',' - 24-6','',7,1,3);
INSERT INTO "django_admin_log" VALUES(136,'2022-05-17 03:01:57.348237','266',' - 23-6','',7,1,3);
INSERT INTO "django_admin_log" VALUES(137,'2022-05-17 03:01:57.360228','265',' - 22-6','',7,1,3);
INSERT INTO "django_admin_log" VALUES(138,'2022-05-17 03:01:57.382093','264',' - 21-6','',7,1,3);
INSERT INTO "django_admin_log" VALUES(139,'2022-05-17 03:01:57.396087','263',' - 20-6','',7,1,3);
INSERT INTO "django_admin_log" VALUES(140,'2022-05-17 03:01:57.409077','262',' - 19-6','',7,1,3);
INSERT INTO "django_admin_log" VALUES(141,'2022-05-17 03:01:57.423069','261',' - 18-6','',7,1,3);
INSERT INTO "django_admin_log" VALUES(142,'2022-05-17 03:01:57.438058','260',' - 17-6','',7,1,3);
INSERT INTO "django_admin_log" VALUES(143,'2022-05-17 03:01:57.452049','259',' - 16-6','',7,1,3);
INSERT INTO "django_admin_log" VALUES(144,'2022-05-17 03:01:57.467039','258',' - 15-6','',7,1,3);
INSERT INTO "django_admin_log" VALUES(145,'2022-05-17 03:01:57.476034','257',' - 14-6','',7,1,3);
INSERT INTO "django_admin_log" VALUES(146,'2022-05-17 03:01:57.486028','256',' - 13-6','',7,1,3);
INSERT INTO "django_admin_log" VALUES(147,'2022-05-17 03:01:57.500018','255',' - 12-6','',7,1,3);
INSERT INTO "django_admin_log" VALUES(148,'2022-05-17 03:01:57.509014','254',' - 11-6','',7,1,3);
INSERT INTO "django_admin_log" VALUES(149,'2022-05-17 03:01:57.522007','253',' - 10-6','',7,1,3);
INSERT INTO "django_admin_log" VALUES(150,'2022-05-17 03:01:57.532997','252',' - 9-6','',7,1,3);
INSERT INTO "django_admin_log" VALUES(151,'2022-05-17 03:01:57.550989','251',' - 8-6','',7,1,3);
INSERT INTO "django_admin_log" VALUES(152,'2022-05-17 03:01:57.565976','250',' - 7-6','',7,1,3);
INSERT INTO "django_admin_log" VALUES(153,'2022-05-17 03:01:57.574971','249',' - 6-6','',7,1,3);
INSERT INTO "django_admin_log" VALUES(154,'2022-05-17 03:01:57.587961','248',' - 5-6','',7,1,3);
INSERT INTO "django_admin_log" VALUES(155,'2022-05-17 03:01:57.598957','247',' - 4-6','',7,1,3);
INSERT INTO "django_admin_log" VALUES(156,'2022-05-17 03:01:57.607953','246',' - 3-6','',7,1,3);
INSERT INTO "django_admin_log" VALUES(157,'2022-05-17 03:01:57.616942','245',' - 2-6','',7,1,3);
INSERT INTO "django_admin_log" VALUES(158,'2022-05-17 03:01:57.625936','244',' - 1-6','',7,1,3);
INSERT INTO "django_admin_log" VALUES(159,'2022-05-17 03:02:08.517272','243',' - 30-6','',7,1,3);
INSERT INTO "django_admin_log" VALUES(160,'2022-05-17 03:02:08.536361','242',' - 29-6','',7,1,3);
INSERT INTO "django_admin_log" VALUES(161,'2022-05-17 03:02:08.548353','241',' - 28-6','',7,1,3);
INSERT INTO "django_admin_log" VALUES(162,'2022-05-17 03:02:08.569338','240',' - 27-6','',7,1,3);
INSERT INTO "django_admin_log" VALUES(163,'2022-05-17 03:02:08.584330','239',' - 26-6','',7,1,3);
INSERT INTO "django_admin_log" VALUES(164,'2022-05-17 03:02:08.596321','238',' - 25-6','',7,1,3);
INSERT INTO "django_admin_log" VALUES(165,'2022-05-17 03:02:08.606318','237',' - 24-6','',7,1,3);
INSERT INTO "django_admin_log" VALUES(166,'2022-05-17 03:02:08.619307','236',' - 23-6','',7,1,3);
INSERT INTO "django_admin_log" VALUES(167,'2022-05-17 03:02:08.629301','235',' - 22-6','',7,1,3);
INSERT INTO "django_admin_log" VALUES(168,'2022-05-17 03:02:08.637295','234',' - 21-6','',7,1,3);
INSERT INTO "django_admin_log" VALUES(169,'2022-05-17 03:02:08.648288','233',' - 20-6','',7,1,3);
INSERT INTO "django_admin_log" VALUES(170,'2022-05-17 03:02:08.658285','232',' - 19-6','',7,1,3);
INSERT INTO "django_admin_log" VALUES(171,'2022-05-17 03:02:08.670276','231',' - 18-6','',7,1,3);
INSERT INTO "django_admin_log" VALUES(172,'2022-05-17 03:02:08.680269','230',' - 17-6','',7,1,3);
INSERT INTO "django_admin_log" VALUES(173,'2022-05-17 03:02:08.689263','229',' - 16-6','',7,1,3);
INSERT INTO "django_admin_log" VALUES(174,'2022-05-17 03:02:08.699257','228',' - 15-6','',7,1,3);
INSERT INTO "django_admin_log" VALUES(175,'2022-05-17 03:02:08.707250','227',' - 14-6','',7,1,3);
INSERT INTO "django_admin_log" VALUES(176,'2022-05-17 03:02:08.722040','226',' - 13-6','',7,1,3);
INSERT INTO "django_admin_log" VALUES(177,'2022-05-17 03:02:08.739034','225',' - 12-6','',7,1,3);
INSERT INTO "django_admin_log" VALUES(178,'2022-05-17 03:02:08.752023','224',' - 11-6','',7,1,3);
INSERT INTO "django_admin_log" VALUES(179,'2022-05-17 03:02:08.765018','223',' - 10-6','',7,1,3);
INSERT INTO "django_admin_log" VALUES(180,'2022-05-17 03:02:08.783007','222',' - 9-6','',7,1,3);
INSERT INTO "django_admin_log" VALUES(181,'2022-05-17 03:02:08.799993','221',' - 8-6','',7,1,3);
INSERT INTO "django_admin_log" VALUES(182,'2022-05-17 03:02:08.808988','220',' - 7-6','',7,1,3);
INSERT INTO "django_admin_log" VALUES(183,'2022-05-17 03:02:08.818982','219',' - 6-6','',7,1,3);
INSERT INTO "django_admin_log" VALUES(184,'2022-05-17 03:02:08.827973','218',' - 5-6','',7,1,3);
INSERT INTO "django_admin_log" VALUES(185,'2022-05-17 03:02:08.837332','217',' - 4-6','',7,1,3);
INSERT INTO "django_admin_log" VALUES(186,'2022-05-17 03:02:08.848324','216',' - 3-6','',7,1,3);
INSERT INTO "django_admin_log" VALUES(187,'2022-05-17 03:02:08.857321','215',' - 2-6','',7,1,3);
INSERT INTO "django_admin_log" VALUES(188,'2022-05-17 03:02:08.869310','214',' - 1-6','',7,1,3);
INSERT INTO "django_admin_log" VALUES(189,'2022-05-17 03:04:03.550495','51','6 - Comercio','[{"added": {}}]',9,1,1);
INSERT INTO "django_admin_log" VALUES(190,'2022-05-20 12:24:19.199972','213',' - 30-43','',7,1,3);
INSERT INTO "django_admin_log" VALUES(191,'2022-05-20 12:24:19.229817','212',' - 29-43','',7,1,3);
INSERT INTO "django_admin_log" VALUES(192,'2022-05-20 12:24:19.238747','211',' - 28-43','',7,1,3);
INSERT INTO "django_admin_log" VALUES(193,'2022-05-20 12:24:19.246185','210',' - 27-43','',7,1,3);
INSERT INTO "django_admin_log" VALUES(194,'2022-05-20 12:24:19.253077','209',' - 26-43','',7,1,3);
INSERT INTO "django_admin_log" VALUES(195,'2022-05-20 12:24:19.262049','208',' - 25-43','',7,1,3);
INSERT INTO "django_admin_log" VALUES(196,'2022-05-20 12:24:19.269031','207',' - 24-43','',7,1,3);
INSERT INTO "django_admin_log" VALUES(197,'2022-05-20 12:24:19.279703','206',' - 23-43','',7,1,3);
INSERT INTO "django_admin_log" VALUES(198,'2022-05-20 12:24:19.288094','205',' - 22-43','',7,1,3);
INSERT INTO "django_admin_log" VALUES(199,'2022-05-20 12:24:19.298105','204',' - 21-43','',7,1,3);
INSERT INTO "django_admin_log" VALUES(200,'2022-05-20 12:24:19.304790','203',' - 20-43','',7,1,3);
INSERT INTO "django_admin_log" VALUES(201,'2022-05-20 12:24:19.313766','202',' - 19-43','',7,1,3);
INSERT INTO "django_admin_log" VALUES(202,'2022-05-20 12:24:19.320748','201',' - 18-43','',7,1,3);
INSERT INTO "django_admin_log" VALUES(203,'2022-05-20 12:24:19.328725','200',' - 17-43','',7,1,3);
INSERT INTO "django_admin_log" VALUES(204,'2022-05-20 12:24:19.336337','199',' - 16-43','',7,1,3);
INSERT INTO "django_admin_log" VALUES(205,'2022-05-20 12:24:19.344197','198',' - 15-43','',7,1,3);
INSERT INTO "django_admin_log" VALUES(206,'2022-05-20 12:24:19.352254','197',' - 14-43','',7,1,3);
INSERT INTO "django_admin_log" VALUES(207,'2022-05-20 12:24:19.361262','196',' - 13-43','',7,1,3);
INSERT INTO "django_admin_log" VALUES(208,'2022-05-20 12:24:19.369087','195',' - 12-43','',7,1,3);
INSERT INTO "django_admin_log" VALUES(209,'2022-05-20 12:24:19.377230','194',' - 11-43','',7,1,3);
INSERT INTO "django_admin_log" VALUES(210,'2022-05-20 12:24:19.387205','193',' - 10-43','',7,1,3);
INSERT INTO "django_admin_log" VALUES(211,'2022-05-20 12:24:19.396180','192',' - 9-43','',7,1,3);
INSERT INTO "django_admin_log" VALUES(212,'2022-05-20 12:24:19.404159','191',' - 8-43','',7,1,3);
INSERT INTO "django_admin_log" VALUES(213,'2022-05-20 12:24:19.412891','190',' - 7-43','',7,1,3);
INSERT INTO "django_admin_log" VALUES(214,'2022-05-20 12:24:19.422331','189',' - 6-43','',7,1,3);
INSERT INTO "django_admin_log" VALUES(215,'2022-05-20 12:24:19.430307','188',' - 5-43','',7,1,3);
INSERT INTO "django_admin_log" VALUES(216,'2022-05-20 12:24:19.437907','187',' - 4-43','',7,1,3);
INSERT INTO "django_admin_log" VALUES(217,'2022-05-20 12:24:19.446394','186',' - 3-43','',7,1,3);
INSERT INTO "django_admin_log" VALUES(218,'2022-05-20 12:24:19.454158','185',' - 2-43','',7,1,3);
INSERT INTO "django_admin_log" VALUES(219,'2022-05-20 12:24:19.462374','184',' - 1-43','',7,1,3);
INSERT INTO "django_admin_log" VALUES(220,'2022-05-22 21:04:07.580552','335',' - 30-1','',7,1,3);
INSERT INTO "django_admin_log" VALUES(221,'2022-05-22 21:04:07.590600','334',' - 29-1','',7,1,3);
INSERT INTO "django_admin_log" VALUES(222,'2022-05-22 21:04:07.598499','333',' - 28-1','',7,1,3);
INSERT INTO "django_admin_log" VALUES(223,'2022-05-22 21:04:07.607020','332',' - 27-1','',7,1,3);
INSERT INTO "django_admin_log" VALUES(224,'2022-05-22 21:04:07.615464','331',' - 26-1','',7,1,3);
INSERT INTO "django_admin_log" VALUES(225,'2022-05-22 21:04:07.624451','330',' - 25-1','',7,1,3);
INSERT INTO "django_admin_log" VALUES(226,'2022-05-22 21:04:07.632431','329',' - 24-1','',7,1,3);
INSERT INTO "django_admin_log" VALUES(227,'2022-05-22 21:04:07.639414','328',' - 23-1','',7,1,3);
INSERT INTO "django_admin_log" VALUES(228,'2022-05-22 21:04:07.647390','327',' - 22-1','',7,1,3);
INSERT INTO "django_admin_log" VALUES(229,'2022-05-22 21:04:07.658364','326',' - 21-1','',7,1,3);
INSERT INTO "django_admin_log" VALUES(230,'2022-05-22 21:04:07.667377','325',' - 20-1','',7,1,3);
INSERT INTO "django_admin_log" VALUES(231,'2022-05-22 21:04:07.677380','324',' - 19-1','',7,1,3);
INSERT INTO "django_admin_log" VALUES(232,'2022-05-22 21:04:07.686589','323',' - 18-1','',7,1,3);
INSERT INTO "django_admin_log" VALUES(233,'2022-05-22 21:04:07.694543','322',' - 17-1','',7,1,3);
INSERT INTO "django_admin_log" VALUES(234,'2022-05-22 21:04:07.702476','321',' - 16-1','',7,1,3);
INSERT INTO "django_admin_log" VALUES(235,'2022-05-22 21:04:07.712446','320',' - 15-1','',7,1,3);
INSERT INTO "django_admin_log" VALUES(236,'2022-05-22 21:04:07.722421','319',' - 14-1','',7,1,3);
INSERT INTO "django_admin_log" VALUES(237,'2022-05-22 21:04:07.730399','318',' - 13-1','',7,1,3);
INSERT INTO "django_admin_log" VALUES(238,'2022-05-22 21:04:07.739376','317',' - 12-1','',7,1,3);
INSERT INTO "django_admin_log" VALUES(239,'2022-05-22 21:04:07.746446','316',' - 11-1','',7,1,3);
INSERT INTO "django_admin_log" VALUES(240,'2022-05-22 21:04:07.755152','315',' - 10-1','',7,1,3);
INSERT INTO "django_admin_log" VALUES(241,'2022-05-22 21:04:07.761618','314',' - 9-1','',7,1,3);
INSERT INTO "django_admin_log" VALUES(242,'2022-05-22 21:04:07.768990','313',' - 8-1','',7,1,3);
INSERT INTO "django_admin_log" VALUES(243,'2022-05-22 21:04:07.777998','312',' - 7-1','',7,1,3);
INSERT INTO "django_admin_log" VALUES(244,'2022-05-22 21:04:07.786981','311',' - 6-1','',7,1,3);
INSERT INTO "django_admin_log" VALUES(245,'2022-05-22 21:04:07.794958','310',' - 5-1','',7,1,3);
INSERT INTO "django_admin_log" VALUES(246,'2022-05-22 21:04:07.802938','309',' - 4-1','',7,1,3);
INSERT INTO "django_admin_log" VALUES(247,'2022-05-22 21:04:07.809918','308',' - 3-1','',7,1,3);
INSERT INTO "django_admin_log" VALUES(248,'2022-05-22 21:04:07.816927','307',' - 2-1','',7,1,3);
INSERT INTO "django_admin_log" VALUES(249,'2022-05-22 21:04:07.824825','306',' - 1-1','',7,1,3);
INSERT INTO "django_admin_log" VALUES(250,'2022-05-22 21:04:18.970852','305',' - 30-45','',7,1,3);
INSERT INTO "django_admin_log" VALUES(251,'2022-05-22 21:04:18.981093','304',' - 29-45','',7,1,3);
INSERT INTO "django_admin_log" VALUES(252,'2022-05-22 21:04:18.989145','303',' - 28-45','',7,1,3);
INSERT INTO "django_admin_log" VALUES(253,'2022-05-22 21:04:18.997796','302',' - 27-45','',7,1,3);
INSERT INTO "django_admin_log" VALUES(254,'2022-05-22 21:04:19.007458','301',' - 26-45','',7,1,3);
INSERT INTO "django_admin_log" VALUES(255,'2022-05-22 21:04:19.016862','300',' - 25-45','',7,1,3);
INSERT INTO "django_admin_log" VALUES(256,'2022-05-22 21:04:19.025115','299',' - 24-45','',7,1,3);
INSERT INTO "django_admin_log" VALUES(257,'2022-05-22 21:04:19.033111','298',' - 23-45','',7,1,3);
INSERT INTO "django_admin_log" VALUES(258,'2022-05-22 21:04:19.040858','297',' - 22-45','',7,1,3);
INSERT INTO "django_admin_log" VALUES(259,'2022-05-22 21:04:19.049835','296',' - 21-45','',7,1,3);
INSERT INTO "django_admin_log" VALUES(260,'2022-05-22 21:04:19.058960','295',' - 20-45','',7,1,3);
INSERT INTO "django_admin_log" VALUES(261,'2022-05-22 21:04:19.067785','294',' - 19-45','',7,1,3);
INSERT INTO "django_admin_log" VALUES(262,'2022-05-22 21:04:19.075762','293',' - 18-45','',7,1,3);
INSERT INTO "django_admin_log" VALUES(263,'2022-05-22 21:04:19.084431','292',' - 17-45','',7,1,3);
INSERT INTO "django_admin_log" VALUES(264,'2022-05-22 21:04:19.093655','291',' - 16-45','',7,1,3);
INSERT INTO "django_admin_log" VALUES(265,'2022-05-22 21:04:19.102050','290',' - 15-45','',7,1,3);
INSERT INTO "django_admin_log" VALUES(266,'2022-05-22 21:04:19.110088','289',' - 14-45','',7,1,3);
INSERT INTO "django_admin_log" VALUES(267,'2022-05-22 21:04:19.119068','288',' - 13-45','',7,1,3);
INSERT INTO "django_admin_log" VALUES(268,'2022-05-22 21:04:19.126043','287',' - 12-45','',7,1,3);
INSERT INTO "django_admin_log" VALUES(269,'2022-05-22 21:04:19.134086','286',' - 11-45','',7,1,3);
INSERT INTO "django_admin_log" VALUES(270,'2022-05-22 21:04:19.143512','285',' - 10-45','',7,1,3);
INSERT INTO "django_admin_log" VALUES(271,'2022-05-22 21:04:19.151581','284',' - 9-45','',7,1,3);
INSERT INTO "django_admin_log" VALUES(272,'2022-05-22 21:04:19.159983','283',' - 8-45','',7,1,3);
INSERT INTO "django_admin_log" VALUES(273,'2022-05-22 21:04:19.167790','282',' - 7-45','',7,1,3);
INSERT INTO "django_admin_log" VALUES(274,'2022-05-22 21:04:19.175896','281',' - 6-45','',7,1,3);
INSERT INTO "django_admin_log" VALUES(275,'2022-05-22 21:04:19.185786','280',' - 5-45','',7,1,3);
INSERT INTO "django_admin_log" VALUES(276,'2022-05-22 21:04:19.192768','279',' - 4-45','',7,1,3);
INSERT INTO "django_admin_log" VALUES(277,'2022-05-22 21:04:19.201744','278',' - 3-45','',7,1,3);
INSERT INTO "django_admin_log" VALUES(278,'2022-05-22 21:04:19.209655','277',' - 2-45','',7,1,3);
INSERT INTO "django_admin_log" VALUES(279,'2022-05-22 21:04:19.218387','276',' - 1-45','',7,1,3);
INSERT INTO "django_admin_log" VALUES(280,'2022-05-22 21:04:33.045778','275','Noblex - EDU00000000','',7,1,3);
INSERT INTO "django_admin_log" VALUES(281,'2022-05-22 21:04:33.054772','274','Noblex - EDU00000000','',7,1,3);
INSERT INTO "django_admin_log" VALUES(282,'2022-05-22 21:05:08.509672','52','45 - casita de belén','',9,1,3);
INSERT INTO "django_admin_log" VALUES(283,'2022-05-22 22:32:23.069039','2','alonso','[{"changed": {"fields": ["User permissions"]}}]',4,1,2);
INSERT INTO "django_admin_log" VALUES(284,'2022-05-22 22:45:38.798152','1','rte','[{"added": {}}]',3,1,1);
INSERT INTO "django_admin_log" VALUES(285,'2022-05-22 22:51:10.033975','2','admin','[{"added": {}}]',3,1,1);
INSERT INTO "django_admin_log" VALUES(286,'2022-05-22 22:52:09.292889','2','alonso','[{"changed": {"fields": ["User permissions"]}}]',4,1,2);
INSERT INTO "django_admin_log" VALUES(287,'2022-05-22 22:52:17.372161','2','alonso','[{"changed": {"fields": ["Groups"]}}]',4,1,2);
INSERT INTO "django_admin_log" VALUES(288,'2022-05-22 22:52:39.069073','3','alunso','[{"changed": {"fields": ["Groups", "User permissions"]}}]',4,1,2);
CREATE UNIQUE INDEX "auth_group_permissions_group_id_permission_id_0cd325b0_uniq" ON "auth_group_permissions" ("group_id", "permission_id");
CREATE INDEX IF NOT EXISTS "auth_group_permissions_group_id_b120cbf9" ON "auth_group_permissions" ("group_id");
CREATE INDEX IF NOT EXISTS "auth_group_permissions_permission_id_84c5c92e" ON "auth_group_permissions" ("permission_id");
CREATE UNIQUE INDEX "auth_user_groups_user_id_group_id_94350c0c_uniq" ON "auth_user_groups" ("user_id", "group_id");
CREATE INDEX IF NOT EXISTS "auth_user_groups_user_id_6a12ed8b" ON "auth_user_groups" ("user_id");
CREATE INDEX IF NOT EXISTS "auth_user_groups_group_id_97559544" ON "auth_user_groups" ("group_id");
CREATE UNIQUE INDEX "auth_user_user_permissions_user_id_permission_id_14a6b632_uniq" ON "auth_user_user_permissions" ("user_id", "permission_id");
CREATE INDEX IF NOT EXISTS "auth_user_user_permissions_user_id_a95ead1b" ON "auth_user_user_permissions" ("user_id");
CREATE INDEX IF NOT EXISTS "auth_user_user_permissions_permission_id_1fbb5f2c" ON "auth_user_user_permissions" ("permission_id");
CREATE INDEX IF NOT EXISTS "django_admin_log_content_type_id_c4bce8eb" ON "django_admin_log" ("content_type_id");
CREATE INDEX IF NOT EXISTS "django_admin_log_user_id_c564eba6" ON "django_admin_log" ("user_id");
CREATE UNIQUE INDEX "django_content_type_app_label_model_76bd3d3b_uniq" ON "django_content_type" ("app_label", "model");
CREATE UNIQUE INDEX "auth_permission_content_type_id_codename_01ab375a_uniq" ON "auth_permission" ("content_type_id", "codename");
CREATE INDEX IF NOT EXISTS "auth_permission_content_type_id_2f476e4b" ON "auth_permission" ("content_type_id");
CREATE INDEX IF NOT EXISTS "django_session_expire_date_a5c62663" ON "django_session" ("expire_date");
CREATE INDEX IF NOT EXISTS "app001_netbook_escuela_id_04ca6ef1" ON "app001_netbook" ("escuela_id");
CREATE INDEX IF NOT EXISTS "app001_actividad_autor_id_c30a0f48" ON "app001_actividad" ("autor_id");
CREATE INDEX IF NOT EXISTS "app001_informe_autor_id_1b992dce" ON "app001_informe" ("autor_id");
CREATE INDEX IF NOT EXISTS "app001_informe_escuela_id_03023463" ON "app001_informe" ("escuela_id");
CREATE TABLE IF NOT EXISTS "django_content_type" ("id" integer NOT NULL PRIMARY KEY AUTOINCREMENT, "app_label" varchar(100) NOT NULL, "model" varchar(100) NOT NULL);
INSERT INTO "django_content_type" VALUES(1,'admin','logentry');
INSERT INTO "django_content_type" VALUES(2,'auth','permission');
INSERT INTO "django_content_type" VALUES(3,'auth','group');
INSERT INTO "django_content_type" VALUES(4,'auth','user');
INSERT INTO "django_content_type" VALUES(5,'contenttypes','contenttype');
INSERT INTO "django_content_type" VALUES(6,'sessions','session');
INSERT INTO "django_content_type" VALUES(7,'app001','netbook');
INSERT INTO "django_content_type" VALUES(8,'admin_interface','theme');
INSERT INTO "django_content_type" VALUES(9,'app001','escuela');
INSERT INTO "django_content_type" VALUES(10,'app001','informe');
INSERT INTO "django_content_type" VALUES(11,'app001','actividad');
INSERT INTO "django_content_type" VALUES(12,'app001','informes_eliminados');
CREATE UNIQUE INDEX "auth_group_permissions_group_id_permission_id_0cd325b0_uniq" ON "auth_group_permissions" ("group_id", "permission_id");
CREATE INDEX IF NOT EXISTS "auth_group_permissions_group_id_b120cbf9" ON "auth_group_permissions" ("group_id");
CREATE INDEX IF NOT EXISTS "auth_group_permissions_permission_id_84c5c92e" ON "auth_group_permissions" ("permission_id");
CREATE UNIQUE INDEX "auth_user_groups_user_id_group_id_94350c0c_uniq" ON "auth_user_groups" ("user_id", "group_id");
CREATE INDEX IF NOT EXISTS "auth_user_groups_user_id_6a12ed8b" ON "auth_user_groups" ("user_id");
CREATE INDEX IF NOT EXISTS "auth_user_groups_group_id_97559544" ON "auth_user_groups" ("group_id");
CREATE UNIQUE INDEX "auth_user_user_permissions_user_id_permission_id_14a6b632_uniq" ON "auth_user_user_permissions" ("user_id", "permission_id");
CREATE INDEX IF NOT EXISTS "auth_user_user_permissions_user_id_a95ead1b" ON "auth_user_user_permissions" ("user_id");
CREATE INDEX IF NOT EXISTS "auth_user_user_permissions_permission_id_1fbb5f2c" ON "auth_user_user_permissions" ("permission_id");
CREATE INDEX IF NOT EXISTS "django_admin_log_content_type_id_c4bce8eb" ON "django_admin_log" ("content_type_id");
CREATE INDEX IF NOT EXISTS "django_admin_log_user_id_c564eba6" ON "django_admin_log" ("user_id");
CREATE UNIQUE INDEX "django_content_type_app_label_model_76bd3d3b_uniq" ON "django_content_type" ("app_label", "model");
CREATE UNIQUE INDEX "auth_permission_content_type_id_codename_01ab375a_uniq" ON "auth_permission" ("content_type_id", "codename");
CREATE INDEX IF NOT EXISTS "auth_permission_content_type_id_2f476e4b" ON "auth_permission" ("content_type_id");
CREATE INDEX IF NOT EXISTS "django_session_expire_date_a5c62663" ON "django_session" ("expire_date");
CREATE INDEX IF NOT EXISTS "app001_netbook_escuela_id_04ca6ef1" ON "app001_netbook" ("escuela_id");
CREATE INDEX IF NOT EXISTS "app001_actividad_autor_id_c30a0f48" ON "app001_actividad" ("autor_id");
CREATE INDEX IF NOT EXISTS "app001_informe_autor_id_1b992dce" ON "app001_informe" ("autor_id");
CREATE INDEX IF NOT EXISTS "app001_informe_escuela_id_03023463" ON "app001_informe" ("escuela_id");
CREATE TABLE IF NOT EXISTS "django_migrations" ("id" integer NOT NULL PRIMARY KEY AUTOINCREMENT, "app" varchar(255) NOT NULL, "name" varchar(255) NOT NULL, "applied" datetime NOT NULL);
INSERT INTO "django_migrations" VALUES(1,'contenttypes','0001_initial','2022-05-09 16:02:29.576930');
INSERT INTO "django_migrations" VALUES(2,'auth','0001_initial','2022-05-09 16:02:29.632834');
INSERT INTO "django_migrations" VALUES(3,'admin','0001_initial','2022-05-09 16:02:29.666448');
INSERT INTO "django_migrations" VALUES(4,'admin','0002_logentry_remove_auto_add','2022-05-09 16:02:29.691574');
INSERT INTO "django_migrations" VALUES(5,'admin','0003_logentry_add_action_flag_choices','2022-05-09 16:02:29.720416');
INSERT INTO "django_migrations" VALUES(6,'contenttypes','0002_remove_content_type_name','2022-05-09 16:02:29.749440');
INSERT INTO "django_migrations" VALUES(7,'auth','0002_alter_permission_name_max_length','2022-05-09 16:02:29.770809');
INSERT INTO "django_migrations" VALUES(8,'auth','0003_alter_user_email_max_length','2022-05-09 16:02:29.794809');
INSERT INTO "django_migrations" VALUES(9,'auth','0004_alter_user_username_opts','2022-05-09 16:02:29.817903');
INSERT INTO "django_migrations" VALUES(10,'auth','0005_alter_user_last_login_null','2022-05-09 16:02:29.836287');
INSERT INTO "django_migrations" VALUES(11,'auth','0006_require_contenttypes_0002','2022-05-09 16:02:29.847738');
INSERT INTO "django_migrations" VALUES(12,'auth','0007_alter_validators_add_error_messages','2022-05-09 16:02:29.861879');
INSERT INTO "django_migrations" VALUES(13,'auth','0008_alter_user_username_max_length','2022-05-09 16:02:29.884379');
INSERT INTO "django_migrations" VALUES(14,'auth','0009_alter_user_last_name_max_length','2022-05-09 16:02:29.903605');
INSERT INTO "django_migrations" VALUES(15,'auth','0010_alter_group_name_max_length','2022-05-09 16:02:29.923620');
INSERT INTO "django_migrations" VALUES(16,'auth','0011_update_proxy_permissions','2022-05-09 16:02:29.942109');
INSERT INTO "django_migrations" VALUES(17,'auth','0012_alter_user_first_name_max_length','2022-05-09 16:02:29.956269');
INSERT INTO "django_migrations" VALUES(18,'sessions','0001_initial','2022-05-09 16:02:29.977921');
INSERT INTO "django_migrations" VALUES(19,'app001','0001_initial','2022-05-10 21:28:37.675271');
INSERT INTO "django_migrations" VALUES(20,'app001','0002_netbook_imagen2_netbook_imagen3','2022-05-10 21:37:19.857296');
INSERT INTO "django_migrations" VALUES(21,'admin_interface','0001_initial','2022-05-10 21:45:01.692310');
INSERT INTO "django_migrations" VALUES(22,'admin_interface','0002_add_related_modal','2022-05-10 21:45:01.740181');
INSERT INTO "django_migrations" VALUES(23,'admin_interface','0003_add_logo_color','2022-05-10 21:45:01.775471');
INSERT INTO "django_migrations" VALUES(24,'admin_interface','0004_rename_title_color','2022-05-10 21:45:01.795395');
INSERT INTO "django_migrations" VALUES(25,'admin_interface','0005_add_recent_actions_visible','2022-05-10 21:45:01.816280');
INSERT INTO "django_migrations" VALUES(26,'admin_interface','0006_bytes_to_str','2022-05-10 21:45:01.996128');
INSERT INTO "django_migrations" VALUES(27,'admin_interface','0007_add_favicon','2022-05-10 21:45:02.016088');
INSERT INTO "django_migrations" VALUES(28,'admin_interface','0008_change_related_modal_background_opacity_type','2022-05-10 21:45:02.048357');
INSERT INTO "django_migrations" VALUES(29,'admin_interface','0009_add_enviroment','2022-05-10 21:45:02.080760');
INSERT INTO "django_migrations" VALUES(30,'admin_interface','0010_add_localization','2022-05-10 21:45:02.121249');
INSERT INTO "django_migrations" VALUES(31,'admin_interface','0011_add_environment_options','2022-05-10 21:45:02.172557');
INSERT INTO "django_migrations" VALUES(32,'admin_interface','0012_update_verbose_names','2022-05-10 21:45:02.191967');
INSERT INTO "django_migrations" VALUES(33,'admin_interface','0013_add_related_modal_close_button','2022-05-10 21:45:02.225447');
INSERT INTO "django_migrations" VALUES(34,'admin_interface','0014_name_unique','2022-05-10 21:45:02.246905');
INSERT INTO "django_migrations" VALUES(35,'admin_interface','0015_add_language_chooser_active','2022-05-10 21:45:02.274218');
INSERT INTO "django_migrations" VALUES(36,'admin_interface','0016_add_language_chooser_display','2022-05-10 21:45:02.296533');
INSERT INTO "django_migrations" VALUES(37,'admin_interface','0017_change_list_filter_dropdown','2022-05-10 21:45:02.316795');
INSERT INTO "django_migrations" VALUES(38,'admin_interface','0018_theme_list_filter_sticky','2022-05-10 21:45:02.337412');
INSERT INTO "django_migrations" VALUES(39,'admin_interface','0019_add_form_sticky','2022-05-10 21:45:02.364169');
INSERT INTO "django_migrations" VALUES(40,'admin_interface','0020_module_selected_colors','2022-05-10 21:45:02.414018');
INSERT INTO "django_migrations" VALUES(41,'admin_interface','0021_file_extension_validator','2022-05-10 21:45:02.428124');
INSERT INTO "django_migrations" VALUES(42,'admin_interface','0022_add_logo_max_width_and_height','2022-05-10 21:45:02.458622');
INSERT INTO "django_migrations" VALUES(43,'admin_interface','0023_theme_foldable_apps','2022-05-10 21:45:02.492987');
INSERT INTO "django_migrations" VALUES(44,'admin_interface','0024_remove_theme_css','2022-05-10 21:45:02.527731');
INSERT INTO "django_migrations" VALUES(45,'app001','0003_remove_netbook_imagen2_remove_netbook_imagen3','2022-05-10 22:33:06.615191');
INSERT INTO "django_migrations" VALUES(46,'app001','0004_alter_netbook_arranques','2022-05-10 22:34:20.104717');
INSERT INTO "django_migrations" VALUES(47,'app001','0005_alter_netbook_arranques_alter_netbook_estado_and_more','2022-05-10 22:37:14.773733');
INSERT INTO "django_migrations" VALUES(48,'app001','0006_escuela_netbook_escuela','2022-05-10 22:46:26.869507');
INSERT INTO "django_migrations" VALUES(49,'app001','0007_netbook_detalle_alter_escuela_cuise_and_more','2022-05-11 11:50:51.219150');
INSERT INTO "django_migrations" VALUES(50,'app001','0008_alter_escuela_cuise','2022-05-11 13:11:39.046699');
INSERT INTO "django_migrations" VALUES(51,'app001','0009_alter_netbook_identificador','2022-05-11 13:12:24.264843');
INSERT INTO "django_migrations" VALUES(52,'app001','0010_escuela_dependencia_escuela_localidad','2022-05-11 15:06:15.748088');
INSERT INTO "django_migrations" VALUES(53,'app001','0011_alter_escuela_cuise_alter_netbook_identificador','2022-05-11 16:55:39.792562');
INSERT INTO "django_migrations" VALUES(54,'app001','0012_acto_informe','2022-05-16 11:31:32.119076');
INSERT INTO "django_migrations" VALUES(55,'app001','0013_alter_informe_autor','2022-05-16 11:31:32.146317');
INSERT INTO "django_migrations" VALUES(56,'app001','0014_actividad_delete_acto_alter_informe_fecha','2022-05-16 11:31:32.190994');
INSERT INTO "django_migrations" VALUES(57,'app001','0015_alter_netbook_escuela','2022-05-22 21:08:57.225870');
INSERT INTO "django_migrations" VALUES(58,'app001','0016_alter_informe_escuela_alter_netbook_escuela','2022-05-22 21:10:17.367168');
INSERT INTO "django_migrations" VALUES(59,'app001','0017_informe_status','2022-05-22 21:23:04.238231');
INSERT INTO "django_migrations" VALUES(60,'app001','0018_remove_informe_status_informes_eliminados','2022-05-22 21:58:24.010270');
INSERT INTO "django_migrations" VALUES(61,'app001','0019_delete_informes_eliminados','2022-05-22 22:21:36.921648');
CREATE UNIQUE INDEX "auth_group_permissions_group_id_permission_id_0cd325b0_uniq" ON "auth_group_permissions" ("group_id", "permission_id");
CREATE INDEX IF NOT EXISTS "auth_group_permissions_group_id_b120cbf9" ON "auth_group_permissions" ("group_id");
CREATE INDEX IF NOT EXISTS "auth_group_permissions_permission_id_84c5c92e" ON "auth_group_permissions" ("permission_id");
CREATE UNIQUE INDEX "auth_user_groups_user_id_group_id_94350c0c_uniq" ON "auth_user_groups" ("user_id", "group_id");
CREATE INDEX IF NOT EXISTS "auth_user_groups_user_id_6a12ed8b" ON "auth_user_groups" ("user_id");
CREATE INDEX IF NOT EXISTS "auth_user_groups_group_id_97559544" ON "auth_user_groups" ("group_id");
CREATE UNIQUE INDEX "auth_user_user_permissions_user_id_permission_id_14a6b632_uniq" ON "auth_user_user_permissions" ("user_id", "permission_id");
CREATE INDEX IF NOT EXISTS "auth_user_user_permissions_user_id_a95ead1b" ON "auth_user_user_permissions" ("user_id");
CREATE INDEX IF NOT EXISTS "auth_user_user_permissions_permission_id_1fbb5f2c" ON "auth_user_user_permissions" ("permission_id");
CREATE INDEX IF NOT EXISTS "django_admin_log_content_type_id_c4bce8eb" ON "django_admin_log" ("content_type_id");
CREATE INDEX IF NOT EXISTS "django_admin_log_user_id_c564eba6" ON "django_admin_log" ("user_id");
CREATE UNIQUE INDEX "django_content_type_app_label_model_76bd3d3b_uniq" ON "django_content_type" ("app_label", "model");
CREATE UNIQUE INDEX "auth_permission_content_type_id_codename_01ab375a_uniq" ON "auth_permission" ("content_type_id", "codename");
CREATE INDEX IF NOT EXISTS "auth_permission_content_type_id_2f476e4b" ON "auth_permission" ("content_type_id");
CREATE INDEX IF NOT EXISTS "django_session_expire_date_a5c62663" ON "django_session" ("expire_date");
CREATE INDEX IF NOT EXISTS "app001_netbook_escuela_id_04ca6ef1" ON "app001_netbook" ("escuela_id");
CREATE INDEX IF NOT EXISTS "app001_actividad_autor_id_c30a0f48" ON "app001_actividad" ("autor_id");
CREATE INDEX IF NOT EXISTS "app001_informe_autor_id_1b992dce" ON "app001_informe" ("autor_id");
CREATE INDEX IF NOT EXISTS "app001_informe_escuela_id_03023463" ON "app001_informe" ("escuela_id");
CREATE TABLE IF NOT EXISTS "django_session" ("session_key" varchar(40) NOT NULL PRIMARY KEY, "session_data" text NOT NULL, "expire_date" datetime NOT NULL);
INSERT INTO "django_session" VALUES('osxo70asmrykg6ivba9y0amhvp9d8f1q','e30:1nooqR:vI45LELJlVAezFZ1IWu26PizXOHT0SaBlxJZQFDY2Lw','2022-05-25 16:05:47.212724');
INSERT INTO "django_session" VALUES('igyu48ns159v7clyogkovy8lhq9e5x8t','.eJxVjEsOAiEQBe_C2hB-0rRL956BNA3KqIFkmFkZ766TzEK3r6reS0RalxrXUeY4ZXESWhx-t0T8KG0D-U7t1iX3tsxTkpsidzrkpefyPO_u30GlUb-18eS09sUCB3BsTSlIR_DGp2Cd1RkQUzIIGtizYcQMdFWognKgUIv3B7txNpg:1nosTw:qRpurcs3FWo6pFvjbH4uUptXAENLDeT7sGpaYifx2oI','2022-05-25 19:58:48.747378');
INSERT INTO "django_session" VALUES('rfsy8thq464svjnm1xmn1yh04ru5esb6','.eJxVjEsOAiEQBe_C2hB-0rRL956BNA3KqIFkmFkZ766TzEK3r6reS0RalxrXUeY4ZXESWhx-t0T8KG0D-U7t1iX3tsxTkpsidzrkpefyPO_u30GlUb-18eS09sUCB3BsTSlIR_DGp2Cd1RkQUzIIGtizYcQMdFWognKgUIv3B7txNpg:1npJQL:1a_4T8lYwmvmhQALSBr-sSh0Hzt25brhZ-Kkie5DX8k','2022-05-27 00:44:53.577099');
INSERT INTO "django_session" VALUES('mp66re79fw3px6nb7btnj9q3nmaw9ft9','.eJxVjEsOAiEQBe_C2hB-0rRL956BNA3KqIFkmFkZ766TzEK3r6reS0RalxrXUeY4ZXESWhx-t0T8KG0D-U7t1iX3tsxTkpsidzrkpefyPO_u30GlUb-18eS09sUCB3BsTSlIR_DGp2Cd1RkQUzIIGtizYcQMdFWognKgUIv3B7txNpg:1nqlJP:qvQL8btEsSJmuiPwqmO4bUn4K-rxCX1gY8v_lrMhRpU','2022-05-31 00:43:43.441291');
INSERT INTO "django_session" VALUES('r62muaj61pjzwjrj89wzho8o7vr29l0j','.eJxVjEsOAiEQBe_C2hB-0rRL956BNA3KqIFkmFkZ766TzEK3r6reS0RalxrXUeY4ZXESWhx-t0T8KG0D-U7t1iX3tsxTkpsidzrkpefyPO_u30GlUb-18eS09sUCB3BsTSlIR_DGp2Cd1RkQUzIIGtizYcQMdFWognKgUIv3B7txNpg:1ntSMh:QQgC9KQKxeqHdK1b6j6f61x6hEipglw3sqYduS14TpE','2022-06-07 11:06:15.739504');
INSERT INTO "django_session" VALUES('cpys2tdhkxn1w9xop4bwicthn5rohfl2','.eJxVjEsOAiEQBe_C2hB-0rRL956BNA3KqIFkmFkZ766TzEK3r6reS0RalxrXUeY4ZXESWhx-t0T8KG0D-U7t1iX3tsxTkpsidzrkpefyPO_u30GlUb-18eS09sUCB3BsTSlIR_DGp2Cd1RkQUzIIGtizYcQMdFWognKgUIv3B7txNpg:1ntSQp:2zLzmNfa3WlKsBE2VKLOJEpHXs1pUjFVuI9AL2QmJLk','2022-06-07 11:10:31.876000');
INSERT INTO "django_session" VALUES('gbpy2cnru5wamw6ypyj3ly6zdieqgxrx','.eJxVjEsOAiEQBe_C2hB-0rRL956BNA3KqIFkmFkZ766TzEK3r6reS0RalxrXUeY4ZXESWhx-t0T8KG0D-U7t1iX3tsxTkpsidzrkpefyPO_u30GlUb-18eS09sUCB3BsTSlIR_DGp2Cd1RkQUzIIGtizYcQMdFWognKgUIv3B7txNpg:1nuB7f:BdDdJtn3Z6AGCSOZdADEaK_sXmlaOgBnhvt7EjzNb0w','2022-06-09 10:53:43.018540');
INSERT INTO "django_session" VALUES('dkadjfju0ivwckrzj4tmsqhwzp87ai5k','.eJxVjEsOAiEQBe_C2hB-0rRL956BNA3KqIFkmFkZ766TzEK3r6reS0RalxrXUeY4ZXESWhx-t0T8KG0D-U7t1iX3tsxTkpsidzrkpefyPO_u30GlUb-18eS09sUCB3BsTSlIR_DGp2Cd1RkQUzIIGtizYcQMdFWognKgUIv3B7txNpg:1nvsnv:bW3XfnjP8TNY01Kdr6rCsFjhw0ofFhhhe1VXAqaxbTs','2022-06-14 03:44:23.490391');
INSERT INTO "django_session" VALUES('hsc9mgsksbwp8locsf8jw6oksjktf63k','.eJxVjDsOwyAQRO9CHSHM8hEp0-cMaJdPcBKBZOzKyt2DJRdJM8W8N7Mzj9ta_NbT4ufIrmxil9-OMLxSPUB8Yn00Hlpdl5n4ofCTdn5vMb1vp_t3ULCXsTakwWiIRmmLWWcnpLZ2pEKQMQFkQCJKYFEHQQ7kZDMph2aAKAX7fAHItzeV:1nydRR:o6-ekRA152tz1XH9PbfJkjiKDH1DiPNazTA8cY7usCU','2022-06-21 17:56:33.641065');
CREATE UNIQUE INDEX "auth_group_permissions_group_id_permission_id_0cd325b0_uniq" ON "auth_group_permissions" ("group_id", "permission_id");
CREATE INDEX IF NOT EXISTS "auth_group_permissions_group_id_b120cbf9" ON "auth_group_permissions" ("group_id");
CREATE INDEX IF NOT EXISTS "auth_group_permissions_permission_id_84c5c92e" ON "auth_group_permissions" ("permission_id");
CREATE UNIQUE INDEX "auth_user_groups_user_id_group_id_94350c0c_uniq" ON "auth_user_groups" ("user_id", "group_id");
CREATE INDEX IF NOT EXISTS "auth_user_groups_user_id_6a12ed8b" ON "auth_user_groups" ("user_id");
CREATE INDEX IF NOT EXISTS "auth_user_groups_group_id_97559544" ON "auth_user_groups" ("group_id");
CREATE UNIQUE INDEX "auth_user_user_permissions_user_id_permission_id_14a6b632_uniq" ON "auth_user_user_permissions" ("user_id", "permission_id");
CREATE INDEX IF NOT EXISTS "auth_user_user_permissions_user_id_a95ead1b" ON "auth_user_user_permissions" ("user_id");
CREATE INDEX IF NOT EXISTS "auth_user_user_permissions_permission_id_1fbb5f2c" ON "auth_user_user_permissions" ("permission_id");
CREATE INDEX IF NOT EXISTS "django_admin_log_content_type_id_c4bce8eb" ON "django_admin_log" ("content_type_id");
CREATE INDEX IF NOT EXISTS "django_admin_log_user_id_c564eba6" ON "django_admin_log" ("user_id");
CREATE UNIQUE INDEX "django_content_type_app_label_model_76bd3d3b_uniq" ON "django_content_type" ("app_label", "model");
CREATE UNIQUE INDEX "auth_permission_content_type_id_codename_01ab375a_uniq" ON "auth_permission" ("content_type_id", "codename");
CREATE INDEX IF NOT EXISTS "auth_permission_content_type_id_2f476e4b" ON "auth_permission" ("content_type_id");
CREATE INDEX IF NOT EXISTS "django_session_expire_date_a5c62663" ON "django_session" ("expire_date");
CREATE INDEX IF NOT EXISTS "app001_netbook_escuela_id_04ca6ef1" ON "app001_netbook" ("escuela_id");
CREATE INDEX IF NOT EXISTS "app001_actividad_autor_id_c30a0f48" ON "app001_actividad" ("autor_id");
CREATE INDEX IF NOT EXISTS "app001_informe_autor_id_1b992dce" ON "app001_informe" ("autor_id");
CREATE INDEX IF NOT EXISTS "app001_informe_escuela_id_03023463" ON "app001_informe" ("escuela_id");
