CREATE TABLE IF NOT EXISTS "admin_interface_theme" ("id" integer NOT NULL PRIMARY KEY AUTOINCREMENT, "name" varchar(50) NOT NULL UNIQUE, "active" bool NOT NULL, "title" varchar(50) NOT NULL, "title_visible" bool NOT NULL, "logo" varchar(100) NOT NULL, "logo_visible" bool NOT NULL, "css_header_background_color" varchar(10) NOT NULL, "css_header_text_color" varchar(10) NOT NULL, "css_header_link_color" varchar(10) NOT NULL, "css_header_link_hover_color" varchar(10) NOT NULL, "css_module_background_color" varchar(10) NOT NULL, "css_module_text_color" varchar(10) NOT NULL, "css_module_link_color" varchar(10) NOT NULL, "css_module_link_hover_color" varchar(10) NOT NULL, "css_module_rounded_corners" bool NOT NULL, "css_generic_link_color" varchar(10) NOT NULL, "css_generic_link_hover_color" varchar(10) NOT NULL, "css_save_button_background_color" varchar(10) NOT NULL, "css_save_button_background_hover_color" varchar(10) NOT NULL, "css_save_button_text_color" varchar(10) NOT NULL, "css_delete_button_background_color" varchar(10) NOT NULL, "css_delete_button_background_hover_color" varchar(10) NOT NULL, "css_delete_button_text_color" varchar(10) NOT NULL, "list_filter_dropdown" bool NOT NULL, "related_modal_active" bool NOT NULL, "related_modal_background_color" varchar(10) NOT NULL, "related_modal_rounded_corners" bool NOT NULL, "logo_color" varchar(10) NOT NULL, "title_color" varchar(10) NOT NULL, "recent_actions_visible" bool NOT NULL, "favicon" varchar(100) NOT NULL, "related_modal_background_opacity" varchar(5) NOT NULL, "env_name" varchar(50) NOT NULL, "env_color" varchar(10) NOT NULL, "env_visible_in_header" bool NOT NULL, "env_visible_in_favicon" bool NOT NULL, "related_modal_close_button_visible" bool NOT NULL, "language_chooser_active" bool NOT NULL, "language_chooser_display" varchar(10) NOT NULL, "list_filter_sticky" bool NOT NULL, "form_pagination_sticky" bool NOT NULL, "form_submit_sticky" bool NOT NULL, "css_module_background_selected_color" varchar(10) NOT NULL, "css_module_link_selected_color" varchar(10) NOT NULL, "logo_max_height" smallint unsigned NOT NULL CHECK ("logo_max_height" >= 0), "logo_max_width" smallint unsigned NOT NULL CHECK ("logo_max_width" >= 0), "foldable_apps" bool NOT NULL, "language_chooser_control" varchar(20) NOT NULL, "list_filter_highlight" bool NOT NULL, "list_filter_removal_links" bool NOT NULL, "show_fieldsets_as_tabs" bool NOT NULL, "show_inlines_as_tabs" bool NOT NULL, "css_generic_link_active_color" varchar(10) NOT NULL, "collapsible_stacked_inlines" bool NOT NULL, "collapsible_stacked_inlines_collapsed" bool NOT NULL, "collapsible_tabular_inlines" bool NOT NULL, "collapsible_tabular_inlines_collapsed" bool NOT NULL);
INSERT INTO "admin_interface_theme" VALUES(1,'Django',1,'Django administration',1,'',1,'#0C4B33','#44B78B','#FFFFFF','#C9F0DD','#44B78B','#FFFFFF','#FFFFFF','#C9F0DD',1,'#0C3C26','#156641','#0C4B33','#0C3C26','#FFFFFF','#BA2121','#A41515','#FFFFFF',1,1,'#000000',1,'#FFFFFF','#F5DD5D',1,'','0.3','','#E74C3C',1,1,1,1,'code',1,0,0,'#FFFFCC','#FFFFFF',100,400,1,'default-select',1,0,0,0,'#29B864',0,1,0,1);
CREATE UNIQUE INDEX "auth_group_permissions_group_id_permission_id_0cd325b0_uniq" ON "auth_group_permissions" ("group_id", "permission_id");
CREATE INDEX IF NOT EXISTS "auth_group_permissions_group_id_b120cbf9" ON "auth_group_permissions" ("group_id");
CREATE INDEX IF NOT EXISTS "auth_group_permissions_permission_id_84c5c92e" ON "auth_group_permissions" ("permission_id");
CREATE UNIQUE INDEX "auth_user_groups_user_id_group_id_94350c0c_uniq" ON "auth_user_groups" ("user_id", "group_id");
CREATE INDEX IF NOT EXISTS "auth_user_groups_user_id_6a12ed8b" ON "auth_user_groups" ("user_id");
CREATE INDEX IF NOT EXISTS "auth_user_groups_group_id_97559544" ON "auth_user_groups" ("group_id");
CREATE UNIQUE INDEX "auth_user_user_permissions_user_id_permission_id_14a6b632_uniq" ON "auth_user_user_permissions" ("user_id", "permission_id");
CREATE INDEX IF NOT EXISTS "auth_user_user_permissions_user_id_a95ead1b" ON "auth_user_user_permissions" ("user_id");
CREATE INDEX IF NOT EXISTS "auth_user_user_permissions_permission_id_1fbb5f2c" ON "auth_user_user_permissions" ("permission_id");
CREATE INDEX IF NOT EXISTS "django_admin_log_content_type_id_c4bce8eb" ON "django_admin_log" ("content_type_id");
CREATE INDEX IF NOT EXISTS "django_admin_log_user_id_c564eba6" ON "django_admin_log" ("user_id");
CREATE INDEX IF NOT EXISTS "app001_actividad_autor_id_c30a0f48" ON "app001_actividad" ("autor_id");
CREATE UNIQUE INDEX "django_content_type_app_label_model_76bd3d3b_uniq" ON "django_content_type" ("app_label", "model");
CREATE UNIQUE INDEX "auth_permission_content_type_id_codename_01ab375a_uniq" ON "auth_permission" ("content_type_id", "codename");
CREATE INDEX IF NOT EXISTS "auth_permission_content_type_id_2f476e4b" ON "auth_permission" ("content_type_id");
CREATE INDEX IF NOT EXISTS "django_session_expire_date_a5c62663" ON "django_session" ("expire_date");
CREATE INDEX IF NOT EXISTS "app001_escuela_referente_id_f4579d25" ON "app001_escuela" ("referente_id");
CREATE INDEX IF NOT EXISTS "app001_directivo_escuela_id_8730a379" ON "app001_directivo" ("escuela_id");
CREATE INDEX IF NOT EXISTS "app002_netbook_escuela_id_2289ab8c" ON "app002_netbook" ("escuela_id");
CREATE INDEX IF NOT EXISTS "app002_directivo_escuela_id_9b14ae41" ON "app002_directivo" ("escuela_id");
CREATE INDEX IF NOT EXISTS "app001_netbook_escuela_id_04ca6ef1" ON "app001_netbook" ("escuela_id");
CREATE INDEX IF NOT EXISTS "app001_informe_autor_id_1b992dce" ON "app001_informe" ("autor_id");
CREATE INDEX IF NOT EXISTS "app001_informe_escuela_id_03023463" ON "app001_informe" ("escuela_id");
CREATE TABLE IF NOT EXISTS "app001_actividad" ("id" integer NOT NULL PRIMARY KEY AUTOINCREMENT, "fecha" datetime NOT NULL, "tipo_actividad" varchar(100) NOT NULL, "entidad" varchar(100) NOT NULL, "autor_id" integer NOT NULL REFERENCES "auth_user" ("id") DEFERRABLE INITIALLY DEFERRED);
INSERT INTO "app001_actividad" VALUES(1,'2022-06-22 20:41:03.205395','consulta','Directivos',1);
INSERT INTO "app001_actividad" VALUES(2,'2022-06-22 20:41:04.817296','consulta','Informes',1);
INSERT INTO "app001_actividad" VALUES(3,'2022-06-22 20:41:06.351549','consulta','Escuelas',1);
INSERT INTO "app001_actividad" VALUES(4,'2022-06-22 20:41:08.039951','consulta','Netbooks',1);
INSERT INTO "app001_actividad" VALUES(5,'2022-06-22 20:41:47.789269','creacion','Directivo id: 1',1);
INSERT INTO "app001_actividad" VALUES(6,'2022-06-22 20:41:47.829216','consulta','Directivos',1);
INSERT INTO "app001_actividad" VALUES(7,'2022-06-22 20:42:38.028229','creacion','Escuela id: 1',1);
INSERT INTO "app001_actividad" VALUES(8,'2022-06-22 20:42:38.068102','creacion','Netbook id: 1',1);
INSERT INTO "app001_actividad" VALUES(9,'2022-06-22 20:42:38.104103','creacion','Netbook id: 2',1);
INSERT INTO "app001_actividad" VALUES(10,'2022-06-22 20:42:38.141103','creacion','Netbook id: 3',1);
INSERT INTO "app001_actividad" VALUES(11,'2022-06-22 20:42:38.169105','creacion','Netbook id: 4',1);
INSERT INTO "app001_actividad" VALUES(12,'2022-06-22 20:42:38.203142','creacion','Netbook id: 5',1);
INSERT INTO "app001_actividad" VALUES(13,'2022-06-22 20:42:38.232352','creacion','Netbook id: 6',1);
INSERT INTO "app001_actividad" VALUES(14,'2022-06-22 20:42:38.264103','creacion','Netbook id: 7',1);
INSERT INTO "app001_actividad" VALUES(15,'2022-06-22 20:42:38.299768','creacion','Netbook id: 8',1);
INSERT INTO "app001_actividad" VALUES(16,'2022-06-22 20:42:38.329104','creacion','Netbook id: 9',1);
INSERT INTO "app001_actividad" VALUES(17,'2022-06-22 20:42:38.357104','creacion','Netbook id: 10',1);
INSERT INTO "app001_actividad" VALUES(18,'2022-06-22 20:42:38.385102','creacion','Netbook id: 11',1);
INSERT INTO "app001_actividad" VALUES(19,'2022-06-22 20:42:38.413615','creacion','Netbook id: 12',1);
INSERT INTO "app001_actividad" VALUES(20,'2022-06-22 20:42:38.446104','creacion','Netbook id: 13',1);
INSERT INTO "app001_actividad" VALUES(21,'2022-06-22 20:42:38.471704','creacion','Netbook id: 14',1);
INSERT INTO "app001_actividad" VALUES(22,'2022-06-22 20:42:38.499104','creacion','Netbook id: 15',1);
INSERT INTO "app001_actividad" VALUES(23,'2022-06-22 20:42:38.534165','creacion','Netbook id: 16',1);
INSERT INTO "app001_actividad" VALUES(24,'2022-06-22 20:42:38.561383','creacion','Netbook id: 17',1);
INSERT INTO "app001_actividad" VALUES(25,'2022-06-22 20:42:38.592103','creacion','Netbook id: 18',1);
INSERT INTO "app001_actividad" VALUES(26,'2022-06-22 20:42:38.622438','creacion','Netbook id: 19',1);
INSERT INTO "app001_actividad" VALUES(27,'2022-06-22 20:42:38.650106','creacion','Netbook id: 20',1);
INSERT INTO "app001_actividad" VALUES(28,'2022-06-22 20:42:38.716175','creacion','Netbook id: 21',1);
INSERT INTO "app001_actividad" VALUES(29,'2022-06-22 20:42:38.761673','creacion','Netbook id: 22',1);
INSERT INTO "app001_actividad" VALUES(30,'2022-06-22 20:42:38.790955','creacion','Netbook id: 23',1);
INSERT INTO "app001_actividad" VALUES(31,'2022-06-22 20:42:38.819916','creacion','Netbook id: 24',1);
INSERT INTO "app001_actividad" VALUES(32,'2022-06-22 20:42:38.852325','creacion','Netbook id: 25',1);
INSERT INTO "app001_actividad" VALUES(33,'2022-06-22 20:42:38.882426','creacion','Netbook id: 26',1);
INSERT INTO "app001_actividad" VALUES(34,'2022-06-22 20:42:38.913319','creacion','Netbook id: 27',1);
INSERT INTO "app001_actividad" VALUES(35,'2022-06-22 20:42:38.942938','creacion','Netbook id: 28',1);
INSERT INTO "app001_actividad" VALUES(36,'2022-06-22 20:42:38.971317','creacion','Netbook id: 29',1);
INSERT INTO "app001_actividad" VALUES(37,'2022-06-22 20:42:39.003966','creacion','Netbook id: 30',1);
INSERT INTO "app001_actividad" VALUES(38,'2022-06-22 20:42:39.033323','consulta','Escuelas',1);
INSERT INTO "app001_actividad" VALUES(39,'2022-06-22 20:42:41.995381','consulta','Netbooks',1);
INSERT INTO "app001_actividad" VALUES(40,'2022-06-22 20:42:57.841040','consulta','Netbooks',1);
INSERT INTO "app001_actividad" VALUES(41,'2022-06-22 20:43:00.689998','consulta','Escuelas',1);
INSERT INTO "app001_actividad" VALUES(42,'2022-06-22 20:43:12.003660','consulta','Escuela N° 76',1);
INSERT INTO "app001_actividad" VALUES(43,'2022-06-22 20:43:18.722855','consulta','Netbook id:1',1);
INSERT INTO "app001_actividad" VALUES(44,'2022-06-22 20:43:23.985975','consulta','Netbooks',1);
INSERT INTO "app001_actividad" VALUES(45,'2022-06-22 20:44:09.208862','modificacion','Netbook id: netbook.1',1);
INSERT INTO "app001_actividad" VALUES(46,'2022-06-22 20:44:09.242862','consulta','Netbooks',1);
INSERT INTO "app001_actividad" VALUES(47,'2022-06-22 20:44:13.175568','consulta','Escuelas',1);
INSERT INTO "app001_actividad" VALUES(48,'2022-06-22 20:44:14.832552','consulta','Escuela N° 76',1);
INSERT INTO "app001_actividad" VALUES(49,'2022-06-22 20:59:03.352664','consulta','Escuela N° 76',1);
INSERT INTO "app001_actividad" VALUES(50,'2022-06-22 21:16:36.119907','consulta','Netbooks',1);
INSERT INTO "app001_actividad" VALUES(51,'2022-06-22 21:16:37.186356','consulta','Escuelas',1);
INSERT INTO "app001_actividad" VALUES(52,'2022-06-22 21:16:38.715056','consulta','Informes',1);
INSERT INTO "app001_actividad" VALUES(53,'2022-06-22 21:16:39.658767','consulta','Directivos',1);
INSERT INTO "app001_actividad" VALUES(54,'2022-06-22 21:16:43.558502','consulta','Directivo',1);
INSERT INTO "app001_actividad" VALUES(55,'2022-06-22 21:16:44.987922','consulta','Directivos',1);
INSERT INTO "app001_actividad" VALUES(56,'2022-06-22 21:16:46.704213','consulta','Escuelas',1);
INSERT INTO "app001_actividad" VALUES(57,'2022-06-22 21:16:48.337195','consulta','Escuela N° 76',1);
INSERT INTO "app001_actividad" VALUES(58,'2022-06-22 21:16:55.749128','consulta','Escuelas',1);
INSERT INTO "app001_actividad" VALUES(59,'2022-06-27 01:11:08.673074','consulta','Netbooks',1);
INSERT INTO "app001_actividad" VALUES(60,'2022-06-27 01:11:13.965589','consulta','Escuelas',1);
INSERT INTO "app001_actividad" VALUES(61,'2022-06-27 01:11:15.337849','consulta','Informes',1);
INSERT INTO "app001_actividad" VALUES(62,'2022-06-27 01:11:16.518656','consulta','Directivos',1);
INSERT INTO "app001_actividad" VALUES(63,'2022-06-27 01:11:28.395558','consulta','Netbooks',1);
INSERT INTO "app001_actividad" VALUES(64,'2022-06-27 01:16:53.677211','consulta','Informes',1);
INSERT INTO "app001_actividad" VALUES(65,'2022-06-30 15:27:05.650156','consulta','Escuelas',1);
INSERT INTO "app001_actividad" VALUES(66,'2022-06-30 15:27:07.483173','consulta','Escuela N° 76',1);
INSERT INTO "app001_actividad" VALUES(67,'2022-06-30 15:27:10.295206','consulta','Netbook id:1',1);
INSERT INTO "app001_actividad" VALUES(68,'2022-06-30 15:27:14.947560','consulta','Netbooks',1);
INSERT INTO "app001_actividad" VALUES(69,'2022-06-30 15:28:40.536480','consulta','Netbooks',1);
INSERT INTO "app001_actividad" VALUES(70,'2022-07-06 11:45:16.818622','consulta','Directivos',1);
INSERT INTO "app001_actividad" VALUES(71,'2022-07-06 11:46:09.217545','creacion','Directivo id: 2',1);
INSERT INTO "app001_actividad" VALUES(72,'2022-07-06 11:46:09.254554','consulta','Directivos',1);
INSERT INTO "app001_actividad" VALUES(73,'2022-07-06 11:48:46.679778','creacion','Escuela id: 2',1);
INSERT INTO "app001_actividad" VALUES(74,'2022-07-06 11:48:46.714777','creacion','Netbook id: 31',1);
INSERT INTO "app001_actividad" VALUES(75,'2022-07-06 11:48:46.749775','creacion','Netbook id: 32',1);
INSERT INTO "app001_actividad" VALUES(76,'2022-07-06 11:48:46.776902','creacion','Netbook id: 33',1);
INSERT INTO "app001_actividad" VALUES(77,'2022-07-06 11:48:46.805874','creacion','Netbook id: 34',1);
INSERT INTO "app001_actividad" VALUES(78,'2022-07-06 11:48:46.837803','creacion','Netbook id: 35',1);
INSERT INTO "app001_actividad" VALUES(79,'2022-07-06 11:48:46.861871','creacion','Netbook id: 36',1);
INSERT INTO "app001_actividad" VALUES(80,'2022-07-06 11:48:46.888777','creacion','Netbook id: 37',1);
INSERT INTO "app001_actividad" VALUES(81,'2022-07-06 11:48:46.916871','creacion','Netbook id: 38',1);
INSERT INTO "app001_actividad" VALUES(82,'2022-07-06 11:48:46.940773','creacion','Netbook id: 39',1);
INSERT INTO "app001_actividad" VALUES(83,'2022-07-06 11:48:46.966831','creacion','Netbook id: 40',1);
INSERT INTO "app001_actividad" VALUES(84,'2022-07-06 11:48:46.990833','creacion','Netbook id: 41',1);
INSERT INTO "app001_actividad" VALUES(85,'2022-07-06 11:48:47.014779','creacion','Netbook id: 42',1);
INSERT INTO "app001_actividad" VALUES(86,'2022-07-06 11:48:47.042773','creacion','Netbook id: 43',1);
INSERT INTO "app001_actividad" VALUES(87,'2022-07-06 11:48:47.068227','creacion','Netbook id: 44',1);
INSERT INTO "app001_actividad" VALUES(88,'2022-07-06 11:48:47.093779','creacion','Netbook id: 45',1);
INSERT INTO "app001_actividad" VALUES(89,'2022-07-06 11:48:47.121803','creacion','Netbook id: 46',1);
INSERT INTO "app001_actividad" VALUES(90,'2022-07-06 11:48:47.147071','creacion','Netbook id: 47',1);
INSERT INTO "app001_actividad" VALUES(91,'2022-07-06 11:48:47.171775','creacion','Netbook id: 48',1);
INSERT INTO "app001_actividad" VALUES(92,'2022-07-06 11:48:47.198201','creacion','Netbook id: 49',1);
INSERT INTO "app001_actividad" VALUES(93,'2022-07-06 11:48:47.222776','creacion','Netbook id: 50',1);
INSERT INTO "app001_actividad" VALUES(94,'2022-07-06 11:48:47.247858','creacion','Netbook id: 51',1);
INSERT INTO "app001_actividad" VALUES(95,'2022-07-06 11:48:47.273935','creacion','Netbook id: 52',1);
INSERT INTO "app001_actividad" VALUES(96,'2022-07-06 11:48:47.298432','creacion','Netbook id: 53',1);
INSERT INTO "app001_actividad" VALUES(97,'2022-07-06 11:48:47.321828','creacion','Netbook id: 54',1);
INSERT INTO "app001_actividad" VALUES(98,'2022-07-06 11:48:47.354182','creacion','Netbook id: 55',1);
INSERT INTO "app001_actividad" VALUES(99,'2022-07-06 11:48:47.380257','creacion','Netbook id: 56',1);
INSERT INTO "app001_actividad" VALUES(100,'2022-07-06 11:48:47.405843','creacion','Netbook id: 57',1);
INSERT INTO "app001_actividad" VALUES(101,'2022-07-06 11:48:47.437375','creacion','Netbook id: 58',1);
INSERT INTO "app001_actividad" VALUES(102,'2022-07-06 11:48:47.463923','creacion','Netbook id: 59',1);
INSERT INTO "app001_actividad" VALUES(103,'2022-07-06 11:48:47.492153','creacion','Netbook id: 60',1);
INSERT INTO "app001_actividad" VALUES(104,'2022-07-06 11:48:47.522495','consulta','Escuelas',1);
INSERT INTO "app001_actividad" VALUES(105,'2022-07-06 11:48:57.429570','consulta','Netbooks',1);
INSERT INTO "app001_actividad" VALUES(106,'2022-07-06 11:49:05.798132','consulta','Escuelas',1);
INSERT INTO "app001_actividad" VALUES(107,'2022-07-06 11:49:09.256247','consulta','Escuela N° 934',1);
INSERT INTO "app001_actividad" VALUES(108,'2022-07-06 11:52:51.957418','modificacion','Netbook id: netbook.31',1);
INSERT INTO "app001_actividad" VALUES(109,'2022-07-06 11:52:51.991419','consulta','Netbooks',1);
INSERT INTO "app001_actividad" VALUES(110,'2022-07-06 11:53:01.821727','consulta','Netbook id:32',1);
INSERT INTO "app001_actividad" VALUES(111,'2022-07-06 11:53:05.425952','consulta','Netbooks',1);
INSERT INTO "app001_actividad" VALUES(112,'2022-07-06 11:53:07.624401','consulta','Escuelas',1);
INSERT INTO "app001_actividad" VALUES(113,'2022-07-06 11:53:11.737114','consulta','Escuela N° 934',1);
INSERT INTO "app001_actividad" VALUES(114,'2022-07-06 11:53:15.412582','consulta','Netbook id:32',1);
INSERT INTO "app001_actividad" VALUES(115,'2022-07-06 11:56:44.804494','modificacion','Netbook id: netbook.32',1);
INSERT INTO "app001_actividad" VALUES(116,'2022-07-06 11:56:44.837421','consulta','Netbooks',1);
INSERT INTO "app001_actividad" VALUES(117,'2022-07-06 11:56:54.394378','consulta','Netbook id:32',1);
INSERT INTO "app001_actividad" VALUES(118,'2022-07-06 11:56:58.898097','consulta','Netbooks',1);
INSERT INTO "app001_actividad" VALUES(119,'2022-07-06 11:57:01.166616','consulta','Netbook id:2',1);
INSERT INTO "app001_actividad" VALUES(120,'2022-07-06 11:57:04.673343','consulta','Netbooks',1);
INSERT INTO "app001_actividad" VALUES(121,'2022-07-06 11:58:16.536502','modificacion','Netbook id: netbook.33',1);
INSERT INTO "app001_actividad" VALUES(122,'2022-07-06 11:58:16.568807','consulta','Netbooks',1);
INSERT INTO "app001_actividad" VALUES(123,'2022-07-06 12:00:46.148528','modificacion','Netbook id: netbook.34',1);
INSERT INTO "app001_actividad" VALUES(124,'2022-07-06 12:00:46.183447','consulta','Netbooks',1);
INSERT INTO "app001_actividad" VALUES(125,'2022-07-06 12:05:01.403744','modificacion','Netbook id: netbook.34',1);
INSERT INTO "app001_actividad" VALUES(126,'2022-07-06 12:05:01.437791','consulta','Netbooks',1);
INSERT INTO "app001_actividad" VALUES(127,'2022-07-06 12:05:11.707527','consulta','Netbook id:34',1);
INSERT INTO "app001_actividad" VALUES(128,'2022-07-06 12:05:22.701602','consulta','Netbooks',1);
INSERT INTO "app001_actividad" VALUES(129,'2022-07-06 12:06:44.960158','consulta','Escuelas',1);
INSERT INTO "app001_actividad" VALUES(130,'2022-07-06 12:07:03.721720','modificacion','Escuela N° 934',1);
INSERT INTO "app001_actividad" VALUES(131,'2022-07-06 12:07:03.755748','consulta','Escuelas',1);
INSERT INTO "app001_actividad" VALUES(132,'2022-07-06 12:07:07.542063','consulta','Netbooks',1);
INSERT INTO "app001_actividad" VALUES(133,'2022-07-06 12:07:15.821919','consulta','Netbook id:34',1);
INSERT INTO "app001_actividad" VALUES(134,'2022-07-06 12:07:18.898953','consulta','Netbooks',1);
INSERT INTO "app001_actividad" VALUES(135,'2022-07-06 12:07:36.099706','consulta','Netbook id:34',1);
INSERT INTO "app001_actividad" VALUES(136,'2022-07-06 12:07:49.051509','consulta','Netbooks',1);
INSERT INTO "app001_actividad" VALUES(137,'2022-07-06 12:09:06.122968','modificacion','Netbook id: netbook.35',1);
INSERT INTO "app001_actividad" VALUES(138,'2022-07-06 12:09:06.160969','consulta','Netbooks',1);
INSERT INTO "app001_actividad" VALUES(139,'2022-07-06 12:10:19.780620','modificacion','Netbook id: netbook.36',1);
INSERT INTO "app001_actividad" VALUES(140,'2022-07-06 12:10:19.815565','consulta','Netbooks',1);
INSERT INTO "app001_actividad" VALUES(141,'2022-07-06 12:11:33.193701','modificacion','Netbook id: netbook.37',1);
INSERT INTO "app001_actividad" VALUES(142,'2022-07-06 12:11:33.228702','consulta','Netbooks',1);
INSERT INTO "app001_actividad" VALUES(143,'2022-07-06 12:12:27.130571','modificacion','Netbook id: netbook.38',1);
INSERT INTO "app001_actividad" VALUES(144,'2022-07-06 12:12:27.166336','consulta','Netbooks',1);
INSERT INTO "app001_actividad" VALUES(145,'2022-07-06 12:13:14.034096','modificacion','Netbook id: netbook.39',1);
INSERT INTO "app001_actividad" VALUES(146,'2022-07-06 12:13:14.076091','consulta','Netbooks',1);
INSERT INTO "app001_actividad" VALUES(147,'2022-07-06 12:14:02.748095','modificacion','Netbook id: netbook.40',1);
INSERT INTO "app001_actividad" VALUES(148,'2022-07-06 12:14:02.786097','consulta','Netbooks',1);
INSERT INTO "app001_actividad" VALUES(149,'2022-07-06 12:15:18.436252','modificacion','Netbook id: netbook.41',1);
INSERT INTO "app001_actividad" VALUES(150,'2022-07-06 12:15:18.470428','consulta','Netbooks',1);
INSERT INTO "app001_actividad" VALUES(151,'2022-07-06 12:16:06.176921','modificacion','Netbook id: netbook.42',1);
INSERT INTO "app001_actividad" VALUES(152,'2022-07-06 12:16:06.217896','consulta','Netbooks',1);
INSERT INTO "app001_actividad" VALUES(153,'2022-07-06 12:17:22.607827','modificacion','Netbook id: netbook.43',1);
INSERT INTO "app001_actividad" VALUES(154,'2022-07-06 12:17:22.642821','consulta','Netbooks',1);
INSERT INTO "app001_actividad" VALUES(155,'2022-07-06 12:18:29.910654','modificacion','Netbook id: netbook.44',1);
INSERT INTO "app001_actividad" VALUES(156,'2022-07-06 12:18:29.950244','consulta','Netbooks',1);
INSERT INTO "app001_actividad" VALUES(157,'2022-07-06 12:19:22.118019','modificacion','Netbook id: netbook.45',1);
INSERT INTO "app001_actividad" VALUES(158,'2022-07-06 12:19:22.155535','consulta','Netbooks',1);
INSERT INTO "app001_actividad" VALUES(159,'2022-07-06 12:20:33.559897','modificacion','Netbook id: netbook.46',1);
INSERT INTO "app001_actividad" VALUES(160,'2022-07-06 12:20:33.590905','consulta','Netbooks',1);
INSERT INTO "app001_actividad" VALUES(161,'2022-07-06 12:21:34.146765','modificacion','Netbook id: netbook.47',1);
INSERT INTO "app001_actividad" VALUES(162,'2022-07-06 12:21:34.176764','consulta','Netbooks',1);
INSERT INTO "app001_actividad" VALUES(163,'2022-07-06 12:22:33.603487','modificacion','Netbook id: netbook.48',1);
INSERT INTO "app001_actividad" VALUES(164,'2022-07-06 12:22:33.637504','consulta','Netbooks',1);
INSERT INTO "app001_actividad" VALUES(165,'2022-07-06 12:23:01.280376','modificacion','Netbook id: netbook.49',1);
INSERT INTO "app001_actividad" VALUES(166,'2022-07-06 12:23:01.314383','consulta','Netbooks',1);
INSERT INTO "app001_actividad" VALUES(167,'2022-07-06 12:23:30.207753','modificacion','Netbook id: netbook.50',1);
INSERT INTO "app001_actividad" VALUES(168,'2022-07-06 12:23:30.242784','consulta','Netbooks',1);
INSERT INTO "app001_actividad" VALUES(169,'2022-07-06 12:24:38.425063','modificacion','Netbook id: netbook.51',1);
INSERT INTO "app001_actividad" VALUES(170,'2022-07-06 12:24:38.467546','consulta','Netbooks',1);
INSERT INTO "app001_actividad" VALUES(171,'2022-07-06 12:24:53.507979','modificacion','Netbook id: netbook.52',1);
INSERT INTO "app001_actividad" VALUES(172,'2022-07-06 12:24:53.544313','consulta','Netbooks',1);
INSERT INTO "app001_actividad" VALUES(173,'2022-07-06 12:25:01.915519','modificacion','Netbook id: netbook.53',1);
INSERT INTO "app001_actividad" VALUES(174,'2022-07-06 12:25:01.946548','consulta','Netbooks',1);
INSERT INTO "app001_actividad" VALUES(175,'2022-07-06 12:25:11.688165','modificacion','Netbook id: netbook.54',1);
INSERT INTO "app001_actividad" VALUES(176,'2022-07-06 12:25:11.729131','consulta','Netbooks',1);
INSERT INTO "app001_actividad" VALUES(177,'2022-07-06 12:26:09.632983','modificacion','Netbook id: netbook.55',1);
INSERT INTO "app001_actividad" VALUES(178,'2022-07-06 12:26:09.669980','consulta','Netbooks',1);
INSERT INTO "app001_actividad" VALUES(179,'2022-07-06 12:27:08.106479','modificacion','Netbook id: netbook.56',1);
INSERT INTO "app001_actividad" VALUES(180,'2022-07-06 12:27:08.142484','consulta','Netbooks',1);
INSERT INTO "app001_actividad" VALUES(181,'2022-07-06 12:27:55.743720','modificacion','Netbook id: netbook.57',1);
INSERT INTO "app001_actividad" VALUES(182,'2022-07-06 12:27:55.780684','consulta','Netbooks',1);
INSERT INTO "app001_actividad" VALUES(183,'2022-07-06 12:29:20.281150','modificacion','Netbook id: netbook.58',1);
INSERT INTO "app001_actividad" VALUES(184,'2022-07-06 12:29:20.320149','consulta','Netbooks',1);
INSERT INTO "app001_actividad" VALUES(185,'2022-07-06 12:30:17.313027','modificacion','Netbook id: netbook.59',1);
INSERT INTO "app001_actividad" VALUES(186,'2022-07-06 12:30:17.357003','consulta','Netbooks',1);
INSERT INTO "app001_actividad" VALUES(187,'2022-07-06 12:31:05.740017','modificacion','Netbook id: netbook.60',1);
INSERT INTO "app001_actividad" VALUES(188,'2022-07-06 12:31:05.771023','consulta','Netbooks',1);
INSERT INTO "app001_actividad" VALUES(189,'2022-07-06 12:31:07.197692','consulta','Escuelas',1);
INSERT INTO "app001_actividad" VALUES(190,'2022-07-06 12:31:09.622804','consulta','Escuela N° 934',1);
INSERT INTO "app001_actividad" VALUES(191,'2022-07-06 12:32:11.118323','consulta','Escuelas',1);
INSERT INTO "app001_actividad" VALUES(192,'2022-07-06 12:33:26.496055','consulta','Netbooks',1);
INSERT INTO "app001_actividad" VALUES(193,'2022-07-06 12:33:39.123476','consulta','Escuelas',1);
INSERT INTO "app001_actividad" VALUES(194,'2022-07-06 12:33:55.089380','consulta','Escuela N° 934',1);
INSERT INTO "app001_actividad" VALUES(195,'2022-07-07 02:18:36.113260','consulta','Directivos',1);
INSERT INTO "app001_actividad" VALUES(196,'2022-07-07 02:18:39.607982','consulta','Directivo',1);
INSERT INTO "app001_actividad" VALUES(197,'2022-07-07 02:18:44.001898','consulta','Directivos',1);
INSERT INTO "app001_actividad" VALUES(198,'2022-07-07 02:18:50.725476','consulta','Escuelas',1);
INSERT INTO "app001_actividad" VALUES(199,'2022-07-07 02:18:53.165747','consulta','Escuela N° 934',1);
INSERT INTO "app001_actividad" VALUES(200,'2022-07-07 02:19:08.449757','consulta','Netbook id:31',1);
INSERT INTO "app001_actividad" VALUES(201,'2022-07-07 02:23:30.600172','consulta','Escuelas',1);
INSERT INTO "app001_actividad" VALUES(202,'2022-07-07 02:23:48.694648','consulta','Escuela N° 934',1);
INSERT INTO "app001_actividad" VALUES(203,'2022-07-07 02:24:58.740449','consulta','Netbook id:31',1);
INSERT INTO "app001_actividad" VALUES(204,'2022-07-07 02:28:24.590464','consulta','Netbook id:32',1);
INSERT INTO "app001_actividad" VALUES(205,'2022-07-07 02:29:06.899523','consulta','Netbook id:33',1);
INSERT INTO "app001_actividad" VALUES(206,'2022-07-07 02:29:32.925945','consulta','Netbook id:34',1);
INSERT INTO "app001_actividad" VALUES(207,'2022-07-07 02:31:32.134486','consulta','Netbook id:35',1);
INSERT INTO "app001_actividad" VALUES(208,'2022-07-07 02:32:29.014022','consulta','Netbook id:36',1);
INSERT INTO "app001_actividad" VALUES(209,'2022-07-07 02:33:27.333228','consulta','Netbook id:36',1);
INSERT INTO "app001_actividad" VALUES(210,'2022-07-07 02:34:05.179235','consulta','Netbook id:37',1);
INSERT INTO "app001_actividad" VALUES(211,'2022-07-07 02:34:34.176299','consulta','Netbook id:35',1);
INSERT INTO "app001_actividad" VALUES(212,'2022-07-07 02:34:44.216251','consulta','Netbook id:36',1);
INSERT INTO "app001_actividad" VALUES(213,'2022-07-07 02:34:49.506976','consulta','Netbook id:37',1);
INSERT INTO "app001_actividad" VALUES(214,'2022-07-07 02:34:56.696261','consulta','Netbook id:34',1);
INSERT INTO "app001_actividad" VALUES(215,'2022-07-07 02:35:04.246011','consulta','Netbook id:36',1);
INSERT INTO "app001_actividad" VALUES(216,'2022-07-07 02:35:19.799741','consulta','Netbook id:35',1);
INSERT INTO "app001_actividad" VALUES(217,'2022-07-07 02:35:27.085051','consulta','Netbook id:36',1);
INSERT INTO "app001_actividad" VALUES(218,'2022-07-07 23:33:07.397187','consulta','Netbooks',1);
INSERT INTO "app001_actividad" VALUES(219,'2022-07-07 23:33:15.527269','consulta','Escuelas',1);
INSERT INTO "app001_actividad" VALUES(220,'2022-07-07 23:33:45.403479','consulta','Escuelas',1);
INSERT INTO "app001_actividad" VALUES(221,'2022-07-07 23:34:06.423432','consulta','Escuelas',1);
INSERT INTO "app001_actividad" VALUES(222,'2022-07-07 23:34:08.081061','consulta','Netbooks',1);
INSERT INTO "app001_actividad" VALUES(223,'2022-07-07 23:34:12.909111','consulta','Informes',1);
INSERT INTO "app001_actividad" VALUES(224,'2022-07-07 23:34:14.380131','consulta','Directivos',1);
INSERT INTO "app001_actividad" VALUES(225,'2022-07-07 23:34:30.385567','consulta','Directivos',1);
INSERT INTO "app001_actividad" VALUES(226,'2022-07-07 23:34:33.474874','consulta','Directivo',1);
INSERT INTO "app001_actividad" VALUES(227,'2022-07-07 23:34:34.945949','consulta','Directivos',1);
INSERT INTO "app001_actividad" VALUES(228,'2022-07-07 23:34:38.320525','consulta','Informes',1);
INSERT INTO "app001_actividad" VALUES(229,'2022-07-07 23:34:39.771489','consulta','Escuelas',1);
INSERT INTO "app001_actividad" VALUES(230,'2022-07-07 23:34:41.777213','consulta','Netbooks',1);
INSERT INTO "app001_actividad" VALUES(231,'2022-07-07 23:34:43.735309','consulta','Netbook id:31',1);
INSERT INTO "app001_actividad" VALUES(232,'2022-07-07 23:35:09.788182','consulta','Netbooks',1);
INSERT INTO "app001_actividad" VALUES(233,'2022-07-13 14:15:46.044830','consulta','Netbooks',1);
INSERT INTO "app001_actividad" VALUES(234,'2022-07-13 14:15:54.290897','consulta','Escuelas',1);
INSERT INTO "app001_actividad" VALUES(235,'2022-07-13 14:15:56.205850','consulta','Escuela N° 934',1);
INSERT INTO "app001_actividad" VALUES(236,'2022-07-13 14:16:05.884231','consulta','Netbooks',1);
INSERT INTO "app001_actividad" VALUES(237,'2022-07-13 14:16:06.947225','consulta','Escuelas',1);
INSERT INTO "app001_actividad" VALUES(238,'2022-07-13 14:24:43.108205','creacion','Informe id: 1',1);
INSERT INTO "app001_actividad" VALUES(239,'2022-07-13 14:24:43.149306','consulta','Informes',1);
INSERT INTO "app001_actividad" VALUES(240,'2022-07-13 14:27:10.223134','consulta','Informes',1);
INSERT INTO "app001_actividad" VALUES(241,'2022-07-13 14:30:01.817247','consulta','Informes',1);
INSERT INTO "app001_actividad" VALUES(242,'2022-07-13 14:36:35.937988','consulta','Informes',1);
INSERT INTO "app001_actividad" VALUES(243,'2022-07-13 14:37:13.783526','consulta','Informes',1);
INSERT INTO "app001_actividad" VALUES(244,'2022-07-13 14:37:16.535737','consulta','Informes',1);
INSERT INTO "app001_actividad" VALUES(245,'2022-07-13 14:37:25.444739','consulta','Directivos',1);
INSERT INTO "app001_actividad" VALUES(246,'2022-07-13 14:37:45.484789','creacion','Directivo id: 3',1);
INSERT INTO "app001_actividad" VALUES(247,'2022-07-13 14:37:45.525782','consulta','Directivos',1);
INSERT INTO "app001_actividad" VALUES(248,'2022-07-13 14:37:55.695644','consulta','Directivos',1);
INSERT INTO "app001_actividad" VALUES(249,'2022-07-13 14:38:03.996443','creacion','Informe id: 2',1);
INSERT INTO "app001_actividad" VALUES(250,'2022-07-13 14:38:04.038451','consulta','Informes',1);
INSERT INTO "app001_actividad" VALUES(251,'2022-07-13 14:38:08.117790','consulta','Informe id: 2',1);
INSERT INTO "app001_actividad" VALUES(252,'2022-07-13 14:38:09.740135','consulta','Informes',1);
INSERT INTO "app001_actividad" VALUES(253,'2022-07-13 14:38:12.059570','consulta','Informes',1);
INSERT INTO "app001_actividad" VALUES(254,'2022-07-13 14:38:17.136486','consulta','Escuelas',1);
INSERT INTO "app001_actividad" VALUES(255,'2022-07-13 14:38:20.450038','consulta','Netbooks',1);
INSERT INTO "app001_actividad" VALUES(256,'2022-07-13 14:43:10.604399','consulta','Netbooks',1);
INSERT INTO "app001_actividad" VALUES(257,'2022-07-13 14:46:18.016303','consulta','Netbooks',1);
INSERT INTO "app001_actividad" VALUES(258,'2022-07-13 14:48:18.331563','consulta','Netbooks',1);
INSERT INTO "app001_actividad" VALUES(259,'2022-07-13 14:49:55.536031','consulta','Netbooks',1);
INSERT INTO "app001_actividad" VALUES(260,'2022-07-13 14:51:55.684113','consulta','Netbooks',1);
INSERT INTO "app001_actividad" VALUES(261,'2022-07-13 14:57:44.054321','consulta','Netbooks',1);
INSERT INTO "app001_actividad" VALUES(262,'2022-07-13 14:57:47.832993','consulta','Escuelas',1);
INSERT INTO "app001_actividad" VALUES(263,'2022-07-13 14:57:51.781643','consulta','Informes',1);
INSERT INTO "app001_actividad" VALUES(264,'2022-07-13 15:01:02.724862','consulta','Netbooks',1);
INSERT INTO "app001_actividad" VALUES(265,'2022-07-13 15:06:15.037225','consulta','Netbook id:31',1);
INSERT INTO "app001_actividad" VALUES(266,'2022-07-13 15:06:20.935311','consulta','Netbooks',1);
INSERT INTO "app001_actividad" VALUES(267,'2022-07-13 15:10:35.750308','consulta','Directivos',1);
INSERT INTO "app001_actividad" VALUES(268,'2022-07-13 12:12:46.344700','consulta','Directivos',1);
INSERT INTO "app001_actividad" VALUES(269,'2022-07-13 12:12:48.286384','consulta','Directivos',1);
INSERT INTO "app001_actividad" VALUES(270,'2022-07-13 12:12:53.577079','consulta','Informes',1);
INSERT INTO "app001_actividad" VALUES(271,'2022-07-13 12:12:55.186762','consulta','Escuelas',1);
INSERT INTO "app001_actividad" VALUES(272,'2022-07-13 12:12:56.678759','consulta','Netbooks',1);
INSERT INTO "app001_actividad" VALUES(273,'2022-07-13 12:30:59.792631','consulta','Informes',1);
INSERT INTO "app001_actividad" VALUES(274,'2022-07-13 12:31:08.568870','creacion','Informe id: 1',1);
INSERT INTO "app001_actividad" VALUES(275,'2022-07-13 12:31:08.610911','consulta','Informes',1);
INSERT INTO "app001_actividad" VALUES(276,'2022-07-13 12:31:23.921052','consulta','Informes',1);
INSERT INTO "app001_actividad" VALUES(277,'2022-07-13 12:33:37.381064','creacion','Informe id: 2',1);
INSERT INTO "app001_actividad" VALUES(278,'2022-07-13 12:33:37.430068','consulta','Informes',1);
INSERT INTO "app001_actividad" VALUES(279,'2022-07-13 12:35:16.827667','consulta','Informes',1);
INSERT INTO "app001_actividad" VALUES(280,'2022-07-13 12:35:47.794734','consulta','Informes',1);
INSERT INTO "app001_actividad" VALUES(281,'2022-07-13 12:36:53.713437','consulta','Informes',1);
INSERT INTO "app001_actividad" VALUES(282,'2022-07-13 12:37:12.816650','consulta','Informes',1);
INSERT INTO "app001_actividad" VALUES(283,'2022-07-13 12:37:24.436516','consulta','Informes',1);
INSERT INTO "app001_actividad" VALUES(284,'2022-07-13 12:37:50.571253','consulta','Informes',1);
INSERT INTO "app001_actividad" VALUES(285,'2022-07-13 12:38:24.972024','consulta','Informes',1);
INSERT INTO "app001_actividad" VALUES(286,'2022-07-13 12:39:25.473016','consulta','Informes',1);
INSERT INTO "app001_actividad" VALUES(287,'2022-07-13 12:41:01.278515','consulta','Informe id: 2',1);
INSERT INTO "app001_actividad" VALUES(288,'2022-07-13 12:41:02.891153','consulta','Informes',1);
INSERT INTO "app001_actividad" VALUES(289,'2022-07-13 12:41:41.130776','consulta','Informes',2);
INSERT INTO "app001_actividad" VALUES(290,'2022-07-13 12:41:54.282486','consulta','Directivos',2);
INSERT INTO "app001_actividad" VALUES(291,'2022-07-13 12:42:31.970489','consulta','Informes',2);
INSERT INTO "app001_actividad" VALUES(292,'2022-07-13 12:42:48.658339','consulta','Informes',2);
INSERT INTO "app001_actividad" VALUES(293,'2022-07-13 12:43:01.112374','consulta','Informes',2);
INSERT INTO "app001_actividad" VALUES(294,'2022-07-13 12:44:27.141262','consulta','Informes',2);
INSERT INTO "app001_actividad" VALUES(295,'2022-07-13 12:48:17.311524','consulta','Informes',2);
INSERT INTO "app001_actividad" VALUES(296,'2022-07-13 12:48:51.063155','consulta','Informes',2);
INSERT INTO "app001_actividad" VALUES(297,'2022-07-13 12:50:26.539279','consulta','Informes',2);
INSERT INTO "app001_actividad" VALUES(298,'2022-07-13 12:50:47.897929','consulta','Informes',2);
INSERT INTO "app001_actividad" VALUES(299,'2022-07-13 12:51:15.917593','consulta','Informes',2);
INSERT INTO "app001_actividad" VALUES(300,'2022-07-13 12:52:12.331601','consulta','Escuelas',2);
INSERT INTO "app001_actividad" VALUES(301,'2022-07-13 12:52:15.501525','consulta','Escuela N° 934',2);
INSERT INTO "app001_actividad" VALUES(302,'2022-07-13 12:53:20.247987','consulta','Netbooks',2);
INSERT INTO "app001_actividad" VALUES(303,'2022-07-13 12:53:23.768795','consulta','Netbooks',2);
INSERT INTO "app001_actividad" VALUES(304,'2022-07-13 12:53:29.977687','consulta','Netbook id:31',2);
INSERT INTO "app001_actividad" VALUES(305,'2022-07-13 12:53:32.502757','consulta','Netbooks',2);
INSERT INTO "app001_actividad" VALUES(306,'2022-07-13 13:03:48.668345','consulta','Directivos',1);
INSERT INTO "app001_actividad" VALUES(307,'2022-07-13 13:03:50.942389','consulta','Directivo',1);
INSERT INTO "app001_actividad" VALUES(308,'2022-07-13 13:03:53.137633','consulta','Directivos',1);
INSERT INTO "app001_actividad" VALUES(309,'2022-07-13 13:05:38.785930','consulta','Directivos',1);
INSERT INTO "app001_actividad" VALUES(310,'2022-07-13 13:05:50.428059','consulta','Directivos',1);
INSERT INTO "app001_actividad" VALUES(311,'2022-07-13 13:08:29.109083','consulta','Directivos',1);
INSERT INTO "app001_actividad" VALUES(312,'2022-07-13 13:08:53.382672','consulta','Directivos',1);
INSERT INTO "app001_actividad" VALUES(313,'2022-07-13 13:08:54.866750','consulta','Directivo2',1);
INSERT INTO "app001_actividad" VALUES(314,'2022-07-13 13:08:58.813856','consulta','Directivos',1);
INSERT INTO "app001_actividad" VALUES(315,'2022-07-13 13:09:33.311507','consulta','Directivos',1);
INSERT INTO "app001_actividad" VALUES(316,'2022-07-13 13:09:34.372026','consulta','Directivo id: 2',1);
INSERT INTO "app001_actividad" VALUES(317,'2022-07-13 13:09:35.999545','consulta','Directivos',1);
INSERT INTO "app001_actividad" VALUES(318,'2022-07-13 13:10:35.865998','consulta','Directivos',1);
INSERT INTO "app001_actividad" VALUES(319,'2022-07-13 13:10:41.919996','consulta','Directivo id: 2',1);
INSERT INTO "app001_actividad" VALUES(320,'2022-07-13 13:11:45.953277','consulta','Directivo id: 2',1);
INSERT INTO "app001_actividad" VALUES(321,'2022-07-13 13:12:00.839559','consulta','Directivo id: 2',1);
INSERT INTO "app001_actividad" VALUES(322,'2022-07-13 13:12:31.815009','consulta','Directivo id: 2',1);
INSERT INTO "app001_actividad" VALUES(323,'2022-07-13 13:12:44.861155','consulta','Directivo id: 2',1);
INSERT INTO "app001_actividad" VALUES(324,'2022-07-13 13:31:55.766854','consulta','Netbooks',3);
INSERT INTO "app001_actividad" VALUES(325,'2022-07-13 13:31:59.833902','consulta','Directivos',3);
INSERT INTO "app001_actividad" VALUES(326,'2022-07-13 13:32:07.171478','consulta','Directivo id: 2',3);
INSERT INTO "app001_actividad" VALUES(327,'2022-07-13 13:32:08.748865','consulta','Directivos',3);
INSERT INTO "app001_actividad" VALUES(328,'2022-07-13 13:32:10.516185','consulta','Informes',3);
INSERT INTO "app001_actividad" VALUES(329,'2022-07-13 13:32:19.090351','consulta','Informes',3);
INSERT INTO "app001_actividad" VALUES(330,'2022-07-13 13:32:35.036094','creacion','Informe id: 3',3);
INSERT INTO "app001_actividad" VALUES(331,'2022-07-13 13:32:35.071116','consulta','Informes',3);
INSERT INTO "app001_actividad" VALUES(332,'2022-07-13 13:32:39.540987','consulta','Informes',3);
INSERT INTO "app001_actividad" VALUES(333,'2022-07-13 13:33:07.479801','consulta','Netbooks',2);
INSERT INTO "app001_actividad" VALUES(334,'2022-07-13 13:33:11.532599','consulta','Escuelas',2);
INSERT INTO "app001_actividad" VALUES(335,'2022-07-13 13:33:20.961744','consulta','Escuela N° 934',2);
INSERT INTO "app001_actividad" VALUES(336,'2022-07-13 13:33:34.339668','consulta','Netbook id:60',2);
INSERT INTO "app001_actividad" VALUES(337,'2022-07-13 13:33:36.023194','consulta','Netbooks',2);
INSERT INTO "app001_actividad" VALUES(338,'2022-07-13 13:33:55.587011','consulta','Escuelas',2);
INSERT INTO "app001_actividad" VALUES(339,'2022-07-13 13:34:00.071886','consulta','Escuela N° 934',2);
INSERT INTO "app001_actividad" VALUES(340,'2022-07-13 13:37:22.050310','consulta','Escuela N° 934',2);
INSERT INTO "app001_actividad" VALUES(341,'2022-07-13 13:39:00.238404','consulta','Escuela N° 934',2);
INSERT INTO "app001_actividad" VALUES(342,'2022-07-13 13:39:45.515537','consulta','Escuela N° 934',2);
INSERT INTO "app001_actividad" VALUES(343,'2022-07-13 13:39:55.819606','consulta','Escuela N° 934',2);
INSERT INTO "app001_actividad" VALUES(344,'2022-07-13 13:40:01.668962','consulta','Escuela N° 934',2);
INSERT INTO "app001_actividad" VALUES(345,'2022-07-13 13:40:15.597968','consulta','Escuela N° 934',2);
INSERT INTO "app001_actividad" VALUES(346,'2022-07-13 13:40:20.762875','consulta','Escuela N° 934',2);
INSERT INTO "app001_actividad" VALUES(347,'2022-07-13 13:41:14.602793','consulta','Escuela N° 934',2);
INSERT INTO "app001_actividad" VALUES(348,'2022-07-13 13:41:16.941276','consulta','Escuela N° 934',2);
INSERT INTO "app001_actividad" VALUES(349,'2022-07-13 13:42:31.799762','consulta','Escuela N° 934',2);
INSERT INTO "app001_actividad" VALUES(350,'2022-07-13 13:43:15.505146','consulta','Escuela N° 934',2);
INSERT INTO "app001_actividad" VALUES(351,'2022-07-13 13:43:59.111820','consulta','Escuela N° 934',2);
INSERT INTO "app001_actividad" VALUES(352,'2022-07-13 13:44:36.904492','consulta','Informes',2);
INSERT INTO "app001_actividad" VALUES(353,'2022-07-13 13:44:53.713324','consulta','Informes',2);
INSERT INTO "app001_actividad" VALUES(354,'2022-07-13 13:44:57.767981','consulta','Netbooks',2);
INSERT INTO "app001_actividad" VALUES(355,'2022-07-13 13:45:02.213814','consulta','Escuelas',2);
INSERT INTO "app001_actividad" VALUES(356,'2022-07-13 13:45:04.282464','consulta','Informes',2);
INSERT INTO "app001_actividad" VALUES(357,'2022-07-13 13:45:05.782611','consulta','Directivos',2);
INSERT INTO "app001_actividad" VALUES(358,'2022-07-13 13:46:16.526498','consulta','Directivos',1);
INSERT INTO "app001_actividad" VALUES(359,'2022-07-13 13:48:54.156408','consulta','Escuelas',1);
INSERT INTO "app001_actividad" VALUES(360,'2022-07-13 13:56:06.654353','consulta','Netbooks',1);
INSERT INTO "app001_actividad" VALUES(361,'2022-07-13 13:56:09.700025','consulta','Netbook id:31',1);
INSERT INTO "app001_actividad" VALUES(362,'2022-07-13 14:15:59.108122','consulta','Escuelas',1);
INSERT INTO "app001_actividad" VALUES(363,'2022-07-13 14:16:08.505013','modificacion','Escuela N° 934',1);
INSERT INTO "app001_actividad" VALUES(364,'2022-07-13 14:16:08.540047','consulta','Escuelas',1);
INSERT INTO "app001_actividad" VALUES(365,'2022-07-13 14:26:16.328511','consulta','Netbooks',1);
INSERT INTO "app001_actividad" VALUES(366,'2022-07-13 14:26:35.153347','modificacion','Netbook id: netbook.31',1);
INSERT INTO "app001_actividad" VALUES(367,'2022-07-13 14:26:35.187347','consulta','Netbooks',1);
INSERT INTO "app001_actividad" VALUES(368,'2022-07-13 14:26:41.042168','consulta','Escuelas',1);
INSERT INTO "app001_actividad" VALUES(369,'2022-07-13 14:28:57.934711','consulta','Escuelas',1);
INSERT INTO "app001_actividad" VALUES(370,'2022-07-13 19:28:41.799516','consulta','Netbooks',1);
INSERT INTO "app001_actividad" VALUES(371,'2022-07-13 19:30:48.028495','consulta','Netbooks',1);
INSERT INTO "app001_actividad" VALUES(372,'2022-07-13 20:18:14.594086','consulta','Netbooks',1);
INSERT INTO "app001_actividad" VALUES(373,'2022-07-13 20:19:09.530748','consulta','Netbooks',1);
INSERT INTO "app001_actividad" VALUES(374,'2022-07-13 20:19:41.067576','consulta','Netbooks',1);
INSERT INTO "app001_actividad" VALUES(375,'2022-07-13 21:00:38.085721','consulta','Netbooks',1);
INSERT INTO "app001_actividad" VALUES(376,'2022-07-13 21:00:46.763097','consulta','Netbooks',1);
INSERT INTO "app001_actividad" VALUES(377,'2022-07-13 21:01:15.774920','consulta','Netbooks',1);
INSERT INTO "app001_actividad" VALUES(378,'2022-07-13 21:04:11.563338','consulta','Netbooks',1);
INSERT INTO "app001_actividad" VALUES(379,'2022-07-13 21:04:14.423354','consulta','Escuelas',1);
INSERT INTO "app001_actividad" VALUES(380,'2022-07-13 21:04:37.200580','consulta','Netbooks',1);
INSERT INTO "app001_actividad" VALUES(381,'2022-07-13 21:05:54.613718','consulta','Netbooks',1);
INSERT INTO "app001_actividad" VALUES(382,'2022-07-13 21:06:05.680602','consulta','Escuelas',1);
INSERT INTO "app001_actividad" VALUES(383,'2022-07-13 21:06:37.423870','consulta','Netbooks',1);
INSERT INTO "app001_actividad" VALUES(384,'2022-07-13 21:06:46.948302','consulta','Escuelas',1);
INSERT INTO "app001_actividad" VALUES(385,'2022-07-13 21:10:48.797060','consulta','Informes',1);
INSERT INTO "app001_actividad" VALUES(386,'2022-07-13 21:13:14.894706','consulta','Informes',1);
INSERT INTO "app001_actividad" VALUES(387,'2022-07-13 21:15:35.109542','consulta','Informes',1);
INSERT INTO "app001_actividad" VALUES(388,'2022-07-13 21:15:49.072956','consulta','Escuelas',1);
INSERT INTO "app001_actividad" VALUES(389,'2022-07-13 21:16:44.959890','consulta','Escuelas',1);
INSERT INTO "app001_actividad" VALUES(390,'2022-07-13 21:16:48.808225','consulta','Directivos',1);
INSERT INTO "app001_actividad" VALUES(391,'2022-07-13 21:17:25.604087','consulta','Directivos',1);
INSERT INTO "app001_actividad" VALUES(392,'2022-07-13 21:18:39.925625','consulta','Directivos',1);
INSERT INTO "app001_actividad" VALUES(393,'2022-07-13 21:19:30.991061','consulta','Escuelas',1);
INSERT INTO "app001_actividad" VALUES(394,'2022-07-13 21:19:36.497701','consulta','Netbooks',1);
INSERT INTO "app001_actividad" VALUES(395,'2022-07-13 21:19:38.796851','consulta','Netbook id:31',1);
INSERT INTO "app001_actividad" VALUES(396,'2022-07-13 21:19:41.153134','consulta','Netbooks',1);
INSERT INTO "app001_actividad" VALUES(397,'2022-07-13 21:19:53.042514','consulta','Netbooks',1);
INSERT INTO "app001_actividad" VALUES(398,'2022-07-13 21:20:50.858109','creacion','Informe id: 4',1);
INSERT INTO "app001_actividad" VALUES(399,'2022-07-13 21:20:50.911137','consulta','Informes',1);
INSERT INTO "app001_actividad" VALUES(400,'2022-07-13 21:20:58.113514','consulta','Informe id: 4',1);
INSERT INTO "app001_actividad" VALUES(401,'2022-07-13 21:21:01.167252','consulta','Informes',1);
INSERT INTO "app001_actividad" VALUES(402,'2022-07-13 21:25:16.138811','consulta','Informes',1);
INSERT INTO "app001_actividad" VALUES(403,'2022-07-13 21:25:20.705119','consulta','Informes',1);
INSERT INTO "app001_actividad" VALUES(404,'2022-07-13 21:25:24.564225','consulta','Informes',1);
INSERT INTO "app001_actividad" VALUES(405,'2022-07-13 21:25:32.753706','consulta','Directivos',1);
INSERT INTO "app001_actividad" VALUES(406,'2022-07-13 21:25:35.166988','consulta','Directivo id: 2',1);
INSERT INTO "app001_actividad" VALUES(407,'2022-07-13 21:25:36.489488','consulta','Directivos',1);
INSERT INTO "app001_actividad" VALUES(408,'2022-07-13 21:25:44.275543','consulta','Directivos',1);
INSERT INTO "app001_actividad" VALUES(409,'2022-07-13 21:28:41.517376','consulta','Directivos',2);
INSERT INTO "app001_actividad" VALUES(410,'2022-07-13 21:28:44.720273','consulta','Directivo id: 2',2);
INSERT INTO "app001_actividad" VALUES(411,'2022-07-13 21:28:46.530978','consulta','Directivos',2);
INSERT INTO "app001_actividad" VALUES(412,'2022-07-13 21:28:47.809527','consulta','Escuelas',2);
INSERT INTO "app001_actividad" VALUES(413,'2022-07-13 21:28:50.462111','consulta','Escuela N° 934',2);
INSERT INTO "app001_actividad" VALUES(414,'2022-07-13 21:29:02.068816','consulta','Directivos',2);
INSERT INTO "app001_actividad" VALUES(415,'2022-07-13 21:29:04.059044','consulta','Informes',2);
INSERT INTO "app001_actividad" VALUES(416,'2022-07-13 21:58:21.280537','consulta','Directivos',1);
INSERT INTO "app001_actividad" VALUES(417,'2022-07-13 21:58:33.997716','consulta','Escuelas',1);
INSERT INTO "app001_actividad" VALUES(418,'2022-07-13 21:59:16.425851','consulta','Directivos',1);
INSERT INTO "app001_actividad" VALUES(419,'2022-07-13 21:59:24.296045','consulta','Directivo id: 2',1);
INSERT INTO "app001_actividad" VALUES(420,'2022-07-13 21:59:25.960210','consulta','Directivos',1);
INSERT INTO "app001_actividad" VALUES(421,'2022-07-13 21:59:30.250959','consulta','Escuelas',1);
INSERT INTO "app001_actividad" VALUES(422,'2022-10-11 14:08:19.708260','consulta','Directivos',1);
INSERT INTO "app001_actividad" VALUES(423,'2022-10-11 14:08:35.208647','consulta','Escuelas',1);
INSERT INTO "app001_actividad" VALUES(424,'2022-10-11 14:08:37.064698','consulta','Netbooks',1);
INSERT INTO "app001_actividad" VALUES(425,'2022-10-11 14:08:39.612506','consulta','Netbook id:54',1);
INSERT INTO "app001_actividad" VALUES(426,'2022-10-11 14:08:42.772394','consulta','Netbooks',1);
INSERT INTO "app001_actividad" VALUES(427,'2022-12-28 20:55:56.098423','consulta','Directivos',1);
INSERT INTO "app001_actividad" VALUES(428,'2022-12-28 20:56:00.887420','consulta','Informes',1);
INSERT INTO "app001_actividad" VALUES(429,'2022-12-28 20:56:02.411647','consulta','Escuelas',1);
INSERT INTO "app001_actividad" VALUES(430,'2022-12-28 20:56:04.430410','consulta','Netbooks',1);
INSERT INTO "app001_actividad" VALUES(431,'2024-03-20 22:11:20.084654','consulta','Netbooks',1);
INSERT INTO "app001_actividad" VALUES(432,'2024-03-20 22:11:25.592585','consulta','Netbook id:31',1);
INSERT INTO "app001_actividad" VALUES(433,'2024-03-20 22:11:28.394621','consulta','Netbooks',1);
INSERT INTO "app001_actividad" VALUES(434,'2024-03-20 22:17:34.841981','consulta','Directivos',1);
INSERT INTO "app001_actividad" VALUES(435,'2024-03-20 22:21:47.867378','consulta','Informes',1);
INSERT INTO "app001_actividad" VALUES(436,'2024-03-20 22:21:49.432086','consulta','Informe id: 2',1);
INSERT INTO "app001_actividad" VALUES(437,'2024-03-20 22:21:51.729218','consulta','Informes',1);
INSERT INTO "app001_actividad" VALUES(438,'2024-03-20 22:21:55.457480','consulta','Escuelas',1);
INSERT INTO "app001_actividad" VALUES(439,'2024-03-20 22:31:58.998935','creacion','Escuela id: 3',1);
INSERT INTO "app001_actividad" VALUES(440,'2024-03-20 22:31:59.028855','creacion','Netbook id: 61',1);
INSERT INTO "app001_actividad" VALUES(441,'2024-03-20 22:31:59.057776','creacion','Netbook id: 62',1);
INSERT INTO "app001_actividad" VALUES(442,'2024-03-20 22:31:59.082711','creacion','Netbook id: 63',1);
INSERT INTO "app001_actividad" VALUES(443,'2024-03-20 22:31:59.108642','creacion','Netbook id: 64',1);
INSERT INTO "app001_actividad" VALUES(444,'2024-03-20 22:31:59.135572','creacion','Netbook id: 65',1);
INSERT INTO "app001_actividad" VALUES(445,'2024-03-20 22:31:59.163497','creacion','Netbook id: 66',1);
INSERT INTO "app001_actividad" VALUES(446,'2024-03-20 22:31:59.188431','creacion','Netbook id: 67',1);
INSERT INTO "app001_actividad" VALUES(447,'2024-03-20 22:31:59.214361','creacion','Netbook id: 68',1);
INSERT INTO "app001_actividad" VALUES(448,'2024-03-20 22:31:59.241291','creacion','Netbook id: 69',1);
INSERT INTO "app001_actividad" VALUES(449,'2024-03-20 22:31:59.266225','creacion','Netbook id: 70',1);
INSERT INTO "app001_actividad" VALUES(450,'2024-03-20 22:31:59.294153','creacion','Netbook id: 71',1);
INSERT INTO "app001_actividad" VALUES(451,'2024-03-20 22:31:59.320456','creacion','Netbook id: 72',1);
INSERT INTO "app001_actividad" VALUES(452,'2024-03-20 22:31:59.346386','creacion','Netbook id: 73',1);
INSERT INTO "app001_actividad" VALUES(453,'2024-03-20 22:31:59.367661','creacion','Netbook id: 74',1);
INSERT INTO "app001_actividad" VALUES(454,'2024-03-20 22:31:59.392596','creacion','Netbook id: 75',1);
INSERT INTO "app001_actividad" VALUES(455,'2024-03-20 22:31:59.420522','creacion','Netbook id: 76',1);
INSERT INTO "app001_actividad" VALUES(456,'2024-03-20 22:31:59.442462','creacion','Netbook id: 77',1);
INSERT INTO "app001_actividad" VALUES(457,'2024-03-20 22:31:59.468395','creacion','Netbook id: 78',1);
INSERT INTO "app001_actividad" VALUES(458,'2024-03-20 22:31:59.496321','creacion','Netbook id: 79',1);
INSERT INTO "app001_actividad" VALUES(459,'2024-03-20 22:31:59.522251','creacion','Netbook id: 80',1);
INSERT INTO "app001_actividad" VALUES(460,'2024-03-20 22:31:59.545192','creacion','Netbook id: 81',1);
INSERT INTO "app001_actividad" VALUES(461,'2024-03-20 22:31:59.571594','creacion','Netbook id: 82',1);
INSERT INTO "app001_actividad" VALUES(462,'2024-03-20 22:31:59.600517','creacion','Netbook id: 83',1);
INSERT INTO "app001_actividad" VALUES(463,'2024-03-20 22:31:59.629440','creacion','Netbook id: 84',1);
INSERT INTO "app001_actividad" VALUES(464,'2024-03-20 22:31:59.658364','creacion','Netbook id: 85',1);
INSERT INTO "app001_actividad" VALUES(465,'2024-03-20 22:31:59.688286','creacion','Netbook id: 86',1);
INSERT INTO "app001_actividad" VALUES(466,'2024-03-20 22:31:59.713219','creacion','Netbook id: 87',1);
INSERT INTO "app001_actividad" VALUES(467,'2024-03-20 22:31:59.740149','creacion','Netbook id: 88',1);
INSERT INTO "app001_actividad" VALUES(468,'2024-03-20 22:31:59.777048','creacion','Netbook id: 89',1);
INSERT INTO "app001_actividad" VALUES(469,'2024-03-20 22:31:59.802981','creacion','Netbook id: 90',1);
INSERT INTO "app001_actividad" VALUES(470,'2024-03-20 22:31:59.873371','consulta','Escuelas',1);
INSERT INTO "app001_actividad" VALUES(471,'2024-03-20 22:32:24.675092','consulta','Escuelas',1);
INSERT INTO "app001_actividad" VALUES(472,'2024-03-20 22:33:09.945619','creacion','Directivo id: 3',1);
INSERT INTO "app001_actividad" VALUES(473,'2024-03-20 22:33:10.363368','consulta','Directivos',1);
INSERT INTO "app001_actividad" VALUES(474,'2024-03-20 22:33:13.956060','consulta','Escuelas',1);
INSERT INTO "app001_actividad" VALUES(475,'2024-03-20 22:33:15.820484','consulta','Escuela N° 912',1);
INSERT INTO "app001_actividad" VALUES(476,'2024-03-20 22:33:28.595946','consulta','Directivos',1);
INSERT INTO "app001_actividad" VALUES(477,'2024-03-20 22:35:26.762021','consulta','Directivos',1);
INSERT INTO "app001_actividad" VALUES(478,'2024-03-20 22:35:36.620627','modificacion','Directivo',1);
INSERT INTO "app001_actividad" VALUES(479,'2024-03-20 22:35:36.684469','consulta','Directivos',1);
INSERT INTO "app001_actividad" VALUES(480,'2024-03-20 22:35:39.690255','consulta','Directivo id: 3',1);
INSERT INTO "app001_actividad" VALUES(481,'2024-03-20 22:35:41.687549','consulta','Directivos',1);
INSERT INTO "app001_actividad" VALUES(482,'2024-03-20 22:38:11.623723','consulta','Escuelas',1);
INSERT INTO "app001_actividad" VALUES(483,'2024-03-20 22:38:14.401550','consulta','Netbooks',1);
INSERT INTO "app001_actividad" VALUES(484,'2024-03-20 22:38:33.677707','consulta','Informes',1);
INSERT INTO "app001_actividad" VALUES(485,'2024-03-20 22:38:36.901830','consulta','Directivos',1);
INSERT INTO "app001_actividad" VALUES(486,'2024-03-20 22:38:41.719733','consulta','Escuelas',1);
INSERT INTO "app001_actividad" VALUES(487,'2024-03-20 22:38:43.974528','consulta','Escuela N° 912',1);
INSERT INTO "app001_actividad" VALUES(488,'2024-03-20 22:38:50.010129','consulta','Netbook id:61',1);
INSERT INTO "app001_actividad" VALUES(489,'2024-03-20 22:38:53.567479','consulta','Netbooks',1);
INSERT INTO "app001_actividad" VALUES(490,'2024-04-05 13:29:25.556055','creacion','Escuela id: 4',1);
INSERT INTO "app001_actividad" VALUES(491,'2024-04-05 13:29:25.586763','creacion','Netbook id: 91',1);
INSERT INTO "app001_actividad" VALUES(492,'2024-04-05 13:29:25.611071','creacion','Netbook id: 92',1);
INSERT INTO "app001_actividad" VALUES(493,'2024-04-05 13:29:25.640365','creacion','Netbook id: 93',1);
INSERT INTO "app001_actividad" VALUES(494,'2024-04-05 13:29:25.664633','creacion','Netbook id: 94',1);
INSERT INTO "app001_actividad" VALUES(495,'2024-04-05 13:29:25.690686','creacion','Netbook id: 95',1);
INSERT INTO "app001_actividad" VALUES(496,'2024-04-05 13:29:25.719010','creacion','Netbook id: 96',1);
INSERT INTO "app001_actividad" VALUES(497,'2024-04-05 13:29:25.740831','creacion','Netbook id: 97',1);
INSERT INTO "app001_actividad" VALUES(498,'2024-04-05 13:29:25.776172','creacion','Netbook id: 98',1);
INSERT INTO "app001_actividad" VALUES(499,'2024-04-05 13:29:25.806096','creacion','Netbook id: 99',1);
INSERT INTO "app001_actividad" VALUES(500,'2024-04-05 13:29:25.834405','creacion','Netbook id: 100',1);
INSERT INTO "app001_actividad" VALUES(501,'2024-04-05 13:29:25.863010','creacion','Netbook id: 101',1);
INSERT INTO "app001_actividad" VALUES(502,'2024-04-05 13:29:25.893435','creacion','Netbook id: 102',1);
INSERT INTO "app001_actividad" VALUES(503,'2024-04-05 13:29:25.923073','creacion','Netbook id: 103',1);
INSERT INTO "app001_actividad" VALUES(504,'2024-04-05 13:29:25.951337','creacion','Netbook id: 104',1);
INSERT INTO "app001_actividad" VALUES(505,'2024-04-05 13:29:25.980624','creacion','Netbook id: 105',1);
INSERT INTO "app001_actividad" VALUES(506,'2024-04-05 13:29:26.010987','creacion','Netbook id: 106',1);
INSERT INTO "app001_actividad" VALUES(507,'2024-04-05 13:29:26.040292','creacion','Netbook id: 107',1);
INSERT INTO "app001_actividad" VALUES(508,'2024-04-05 13:29:26.064572','creacion','Netbook id: 108',1);
INSERT INTO "app001_actividad" VALUES(509,'2024-04-05 13:29:26.098337','creacion','Netbook id: 109',1);
INSERT INTO "app001_actividad" VALUES(510,'2024-04-05 13:29:26.126387','creacion','Netbook id: 110',1);
INSERT INTO "app001_actividad" VALUES(511,'2024-04-05 13:29:26.156494','creacion','Netbook id: 111',1);
INSERT INTO "app001_actividad" VALUES(512,'2024-04-05 13:29:26.185416','creacion','Netbook id: 112',1);
INSERT INTO "app001_actividad" VALUES(513,'2024-04-05 13:29:26.230280','creacion','Netbook id: 113',1);
INSERT INTO "app001_actividad" VALUES(514,'2024-04-05 13:29:26.260520','creacion','Netbook id: 114',1);
INSERT INTO "app001_actividad" VALUES(515,'2024-04-05 13:29:26.290776','creacion','Netbook id: 115',1);
INSERT INTO "app001_actividad" VALUES(516,'2024-04-05 13:29:26.322395','creacion','Netbook id: 116',1);
INSERT INTO "app001_actividad" VALUES(517,'2024-04-05 13:29:26.350275','creacion','Netbook id: 117',1);
INSERT INTO "app001_actividad" VALUES(518,'2024-04-05 13:29:26.380858','creacion','Netbook id: 118',1);
INSERT INTO "app001_actividad" VALUES(519,'2024-04-05 13:29:26.404926','creacion','Netbook id: 119',1);
INSERT INTO "app001_actividad" VALUES(520,'2024-04-05 13:29:26.437542','creacion','Netbook id: 120',1);
INSERT INTO "app001_actividad" VALUES(521,'2024-04-05 13:29:26.502029','consulta','Escuelas',1);
INSERT INTO "app001_actividad" VALUES(522,'2024-04-05 13:29:42.530764','consulta','Escuelas',1);
INSERT INTO "app001_actividad" VALUES(523,'2024-04-05 13:31:14.267522','creacion','Directivo id: 4',1);
INSERT INTO "app001_actividad" VALUES(524,'2024-04-05 13:31:14.319032','consulta','Directivos',1);
INSERT INTO "app001_actividad" VALUES(525,'2024-04-05 13:31:18.175792','consulta','Escuelas',1);
INSERT INTO "app001_actividad" VALUES(526,'2024-04-05 13:31:20.914226','consulta','Escuela N° 893',1);
INSERT INTO "app001_actividad" VALUES(527,'2024-04-05 13:32:13.562946','consulta','Escuelas',1);
INSERT INTO "app001_actividad" VALUES(528,'2024-04-05 13:32:16.393518','consulta','Escuela N° 893',1);
INSERT INTO "app001_actividad" VALUES(529,'2024-04-05 13:36:39.716305','modificacion','Netbook id: netbook.93',1);
INSERT INTO "app001_actividad" VALUES(530,'2024-04-05 13:36:39.769129','consulta','Netbooks',1);
INSERT INTO "app001_actividad" VALUES(531,'2024-04-05 13:36:56.980861','consulta','Escuela N° 893',1);
INSERT INTO "app001_actividad" VALUES(532,'2024-04-05 13:38:22.481330','modificacion','Netbook id: netbook.94',1);
INSERT INTO "app001_actividad" VALUES(533,'2024-04-05 13:38:22.570010','consulta','Netbooks',1);
INSERT INTO "app001_actividad" VALUES(534,'2024-04-05 13:38:27.304571','consulta','Escuelas',1);
INSERT INTO "app001_actividad" VALUES(535,'2024-04-05 13:38:28.850439','consulta','Escuela N° 893',1);
INSERT INTO "app001_actividad" VALUES(536,'2024-04-05 13:39:11.281312','modificacion','Netbook id: netbook.92',1);
INSERT INTO "app001_actividad" VALUES(537,'2024-04-05 13:39:11.351347','consulta','Netbooks',1);
INSERT INTO "app001_actividad" VALUES(538,'2024-04-05 13:39:16.277096','consulta','Escuelas',1);
INSERT INTO "app001_actividad" VALUES(539,'2024-04-05 13:39:18.067528','consulta','Escuela N° 893',1);
INSERT INTO "app001_actividad" VALUES(540,'2024-04-05 13:39:43.717383','modificacion','Netbook id: netbook.95',1);
INSERT INTO "app001_actividad" VALUES(541,'2024-04-05 13:39:43.761382','consulta','Netbooks',1);
INSERT INTO "app001_actividad" VALUES(542,'2024-04-05 13:39:47.869217','consulta','Escuelas',1);
INSERT INTO "app001_actividad" VALUES(543,'2024-04-05 13:39:49.705159','consulta','Escuela N° 893',1);
INSERT INTO "app001_actividad" VALUES(544,'2024-04-05 13:40:41.849402','modificacion','Netbook id: netbook.96',1);
INSERT INTO "app001_actividad" VALUES(545,'2024-04-05 13:40:41.952973','consulta','Netbooks',1);
INSERT INTO "app001_actividad" VALUES(546,'2024-04-05 13:40:45.186660','consulta','Escuelas',1);
INSERT INTO "app001_actividad" VALUES(547,'2024-04-05 13:40:46.290123','consulta','Escuela N° 893',1);
INSERT INTO "app001_actividad" VALUES(548,'2024-04-05 13:41:08.936050','modificacion','Netbook id: netbook.97',1);
INSERT INTO "app001_actividad" VALUES(549,'2024-04-05 13:41:09.359969','consulta','Netbooks',1);
INSERT INTO "app001_actividad" VALUES(550,'2024-04-05 13:41:12.206011','consulta','Escuelas',1);
INSERT INTO "app001_actividad" VALUES(551,'2024-04-05 13:41:13.490031','consulta','Escuela N° 893',1);
INSERT INTO "app001_actividad" VALUES(552,'2024-04-05 13:42:32.199647','modificacion','Netbook id: netbook.98',1);
INSERT INTO "app001_actividad" VALUES(553,'2024-04-05 13:42:32.245001','consulta','Netbooks',1);
INSERT INTO "app001_actividad" VALUES(554,'2024-04-05 13:42:43.893011','consulta','Escuelas',1);
INSERT INTO "app001_actividad" VALUES(555,'2024-04-05 13:42:45.049241','consulta','Escuela N° 893',1);
INSERT INTO "app001_actividad" VALUES(556,'2024-04-05 13:43:07.931776','modificacion','Netbook id: netbook.99',1);
INSERT INTO "app001_actividad" VALUES(557,'2024-04-05 13:43:08.011425','consulta','Netbooks',1);
INSERT INTO "app001_actividad" VALUES(558,'2024-04-05 13:43:36.472200','consulta','Netbook id:100',1);
INSERT INTO "app001_actividad" VALUES(559,'2024-04-05 13:43:38.923689','consulta','Netbooks',1);
INSERT INTO "app001_actividad" VALUES(560,'2024-04-05 13:44:05.986256','modificacion','Netbook id: netbook.100',1);
INSERT INTO "app001_actividad" VALUES(561,'2024-04-05 13:44:06.051441','consulta','Netbooks',1);
INSERT INTO "app001_actividad" VALUES(562,'2024-04-05 13:45:55.504512','modificacion','Netbook id: netbook.101',1);
INSERT INTO "app001_actividad" VALUES(563,'2024-04-05 13:45:55.539186','consulta','Netbooks',1);
INSERT INTO "app001_actividad" VALUES(564,'2024-04-05 13:49:45.011806','modificacion','Netbook id: netbook.102',1);
INSERT INTO "app001_actividad" VALUES(565,'2024-04-05 13:49:45.552069','consulta','Netbooks',1);
INSERT INTO "app001_actividad" VALUES(566,'2024-04-05 13:51:53.091462','modificacion','Netbook id: netbook.103',1);
INSERT INTO "app001_actividad" VALUES(567,'2024-04-05 13:51:53.190328','consulta','Netbooks',1);
INSERT INTO "app001_actividad" VALUES(568,'2024-04-05 13:53:39.856313','modificacion','Netbook id: netbook.104',1);
INSERT INTO "app001_actividad" VALUES(569,'2024-04-05 13:53:39.902636','consulta','Netbooks',1);
INSERT INTO "app001_actividad" VALUES(570,'2024-04-05 13:54:07.832885','modificacion','Netbook id: netbook.105',1);
INSERT INTO "app001_actividad" VALUES(571,'2024-04-05 13:54:07.920290','consulta','Netbooks',1);
INSERT INTO "app001_actividad" VALUES(572,'2024-04-05 13:55:14.620209','modificacion','Netbook id: netbook.91',1);
INSERT INTO "app001_actividad" VALUES(573,'2024-04-05 13:55:14.871490','consulta','Netbooks',1);
INSERT INTO "app001_actividad" VALUES(574,'2024-04-05 13:56:49.451079','modificacion','Netbook id: netbook.107',1);
INSERT INTO "app001_actividad" VALUES(575,'2024-04-05 13:56:49.551323','consulta','Netbooks',1);
INSERT INTO "app001_actividad" VALUES(576,'2024-04-05 13:58:15.253697','modificacion','Netbook id: netbook.108',1);
INSERT INTO "app001_actividad" VALUES(577,'2024-04-05 13:58:15.303950','consulta','Netbooks',1);
INSERT INTO "app001_actividad" VALUES(578,'2024-04-05 13:59:20.904807','modificacion','Netbook id: netbook.109',1);
INSERT INTO "app001_actividad" VALUES(579,'2024-04-05 13:59:20.985920','consulta','Netbooks',1);
INSERT INTO "app001_actividad" VALUES(580,'2024-04-05 14:00:35.081591','modificacion','Netbook id: netbook.110',1);
INSERT INTO "app001_actividad" VALUES(581,'2024-04-05 14:00:35.172985','consulta','Netbooks',1);
INSERT INTO "app001_actividad" VALUES(582,'2024-04-05 14:01:32.322317','modificacion','Netbook id: netbook.111',1);
INSERT INTO "app001_actividad" VALUES(583,'2024-04-05 14:01:32.373378','consulta','Netbooks',1);
INSERT INTO "app001_actividad" VALUES(584,'2024-04-05 14:02:54.574235','modificacion','Netbook id: netbook.112',1);
INSERT INTO "app001_actividad" VALUES(585,'2024-04-05 14:02:54.673622','consulta','Netbooks',1);
INSERT INTO "app001_actividad" VALUES(586,'2024-04-05 14:04:04.847404','modificacion','Netbook id: netbook.114',1);
INSERT INTO "app001_actividad" VALUES(587,'2024-04-05 14:04:04.891829','consulta','Netbooks',1);
INSERT INTO "app001_actividad" VALUES(588,'2024-04-05 14:05:20.511864','modificacion','Netbook id: netbook.115',1);
INSERT INTO "app001_actividad" VALUES(589,'2024-04-05 14:05:20.561749','consulta','Netbooks',1);
INSERT INTO "app001_actividad" VALUES(590,'2024-04-05 14:05:45.586137','modificacion','Netbook id: netbook.116',1);
INSERT INTO "app001_actividad" VALUES(591,'2024-04-05 14:05:45.636552','consulta','Netbooks',1);
INSERT INTO "app001_actividad" VALUES(592,'2024-04-05 14:06:06.306037','modificacion','Netbook id: netbook.117',1);
INSERT INTO "app001_actividad" VALUES(593,'2024-04-05 14:06:06.370445','consulta','Netbooks',1);
INSERT INTO "app001_actividad" VALUES(594,'2024-04-05 14:06:32.507046','modificacion','Netbook id: netbook.118',1);
INSERT INTO "app001_actividad" VALUES(595,'2024-04-05 14:06:32.590408','consulta','Netbooks',1);
INSERT INTO "app001_actividad" VALUES(596,'2024-04-05 14:06:54.152594','modificacion','Netbook id: netbook.119',1);
INSERT INTO "app001_actividad" VALUES(597,'2024-04-05 14:06:54.239933','consulta','Netbooks',1);
INSERT INTO "app001_actividad" VALUES(598,'2024-04-05 14:07:13.896879','modificacion','Netbook id: netbook.120',1);
INSERT INTO "app001_actividad" VALUES(599,'2024-04-05 14:07:13.967765','consulta','Netbooks',1);
INSERT INTO "app001_actividad" VALUES(600,'2024-04-05 14:07:50.467678','modificacion','Netbook id: netbook.113',1);
INSERT INTO "app001_actividad" VALUES(601,'2024-04-05 14:07:50.601653','consulta','Netbooks',1);
INSERT INTO "app001_actividad" VALUES(602,'2024-04-05 14:08:42.009153','consulta','Escuelas',1);
INSERT INTO "app001_actividad" VALUES(603,'2024-04-05 14:08:45.872719','consulta','Netbooks',1);
INSERT INTO "app001_actividad" VALUES(604,'2024-04-05 14:08:54.928640','consulta','Informes',1);
INSERT INTO "app001_actividad" VALUES(605,'2024-04-05 14:09:04.523036','consulta','Escuelas',1);
INSERT INTO "app001_actividad" VALUES(606,'2024-04-05 14:09:06.747039','consulta','Escuela N° 893',1);
INSERT INTO "app001_actividad" VALUES(607,'2024-04-05 14:12:22.236691','modificacion','Netbook id: netbook.106',1);
INSERT INTO "app001_actividad" VALUES(608,'2024-04-05 14:12:22.366982','consulta','Netbooks',1);
INSERT INTO "app001_actividad" VALUES(609,'2024-04-05 14:12:38.120474','consulta','Escuelas',1);
INSERT INTO "app001_actividad" VALUES(610,'2024-04-05 14:12:40.312390','consulta','Escuela N° 893',1);
INSERT INTO "app001_actividad" VALUES(611,'2024-04-05 14:13:07.277048','modificacion','Netbook id: netbook.96',1);
INSERT INTO "app001_actividad" VALUES(612,'2024-04-05 14:13:07.508271','consulta','Netbooks',1);
INSERT INTO "app001_actividad" VALUES(613,'2024-04-05 14:13:11.489417','consulta','Escuelas',1);
INSERT INTO "app001_actividad" VALUES(614,'2024-04-05 14:13:13.040779','consulta','Escuela N° 893',1);
INSERT INTO "app001_actividad" VALUES(615,'2024-04-05 14:14:11.317687','modificacion','Netbook id: netbook.106',1);
INSERT INTO "app001_actividad" VALUES(616,'2024-04-05 14:14:11.656377','consulta','Netbooks',1);
INSERT INTO "app001_actividad" VALUES(617,'2024-04-05 14:15:23.684927','consulta','Escuelas',1);
INSERT INTO "app001_actividad" VALUES(618,'2024-04-05 14:17:12.444275','modificacion','Escuela N° 934',1);
INSERT INTO "app001_actividad" VALUES(619,'2024-04-05 14:17:12.518070','consulta','Escuelas',1);
INSERT INTO "app001_actividad" VALUES(620,'2024-04-05 14:18:44.070339','consulta','Escuelas',1);
INSERT INTO "app001_actividad" VALUES(621,'2024-04-05 14:19:17.889481','consulta','Escuelas',1);
INSERT INTO "app001_actividad" VALUES(622,'2024-04-05 14:19:22.952810','consulta','Informes',1);
INSERT INTO "app001_actividad" VALUES(623,'2024-04-05 14:19:27.253296','consulta','Informe id: 2',1);
INSERT INTO "app001_actividad" VALUES(624,'2024-04-05 14:19:28.553866','consulta','Informes',1);
INSERT INTO "app001_actividad" VALUES(625,'2024-04-05 14:19:31.468010','consulta','Informes',1);
INSERT INTO "app001_actividad" VALUES(626,'2024-04-05 14:19:34.802633','consulta','Informes',1);
INSERT INTO "app001_actividad" VALUES(627,'2024-04-05 14:19:50.910341','consulta','Informes',1);
INSERT INTO "app001_actividad" VALUES(628,'2024-04-05 14:19:56.021333','consulta','Netbooks',1);
INSERT INTO "app001_actividad" VALUES(629,'2024-04-05 14:27:39.779638','consulta','Directivos',1);
INSERT INTO "app001_actividad" VALUES(630,'2024-04-05 14:27:57.587570','consulta','Directivo id: 3',1);
INSERT INTO "app001_actividad" VALUES(631,'2024-04-05 14:28:00.801927','consulta','Directivos',1);
INSERT INTO "app001_actividad" VALUES(632,'2024-04-05 20:17:58.720821','consulta','Escuelas',1);
INSERT INTO "app001_actividad" VALUES(633,'2024-04-05 20:18:03.980272','consulta','Escuela N° 893',1);
INSERT INTO "app001_actividad" VALUES(634,'2024-04-06 02:23:36.511730','consulta','Escuelas',1);
INSERT INTO "app001_actividad" VALUES(635,'2024-04-06 02:23:47.042184','consulta','Escuela N° 893',1);
INSERT INTO "app001_actividad" VALUES(636,'2024-04-06 02:23:52.175108','consulta','Escuelas',1);
INSERT INTO "app001_actividad" VALUES(637,'2024-04-09 13:34:45.566116','creacion','Escuela id: 5',1);
INSERT INTO "app001_actividad" VALUES(638,'2024-04-09 13:34:45.592578','creacion','Netbook id: 121',1);
INSERT INTO "app001_actividad" VALUES(639,'2024-04-09 13:34:45.615033','creacion','Netbook id: 122',1);
INSERT INTO "app001_actividad" VALUES(640,'2024-04-09 13:34:45.635687','creacion','Netbook id: 123',1);
INSERT INTO "app001_actividad" VALUES(641,'2024-04-09 13:34:45.656632','creacion','Netbook id: 124',1);
INSERT INTO "app001_actividad" VALUES(642,'2024-04-09 13:34:45.677790','creacion','Netbook id: 125',1);
INSERT INTO "app001_actividad" VALUES(643,'2024-04-09 13:34:45.697124','creacion','Netbook id: 126',1);
INSERT INTO "app001_actividad" VALUES(644,'2024-04-09 13:34:45.708581','creacion','Netbook id: 127',1);
INSERT INTO "app001_actividad" VALUES(645,'2024-04-09 13:34:45.726243','creacion','Netbook id: 128',1);
INSERT INTO "app001_actividad" VALUES(646,'2024-04-09 13:34:45.755309','creacion','Netbook id: 129',1);
INSERT INTO "app001_actividad" VALUES(647,'2024-04-09 13:34:45.774305','creacion','Netbook id: 130',1);
INSERT INTO "app001_actividad" VALUES(648,'2024-04-09 13:34:45.792548','creacion','Netbook id: 131',1);
INSERT INTO "app001_actividad" VALUES(649,'2024-04-09 13:34:45.812585','creacion','Netbook id: 132',1);
INSERT INTO "app001_actividad" VALUES(650,'2024-04-09 13:34:45.831846','creacion','Netbook id: 133',1);
INSERT INTO "app001_actividad" VALUES(651,'2024-04-09 13:34:45.840984','creacion','Netbook id: 134',1);
INSERT INTO "app001_actividad" VALUES(652,'2024-04-09 13:34:45.877184','creacion','Netbook id: 135',1);
INSERT INTO "app001_actividad" VALUES(653,'2024-04-09 13:34:45.896461','creacion','Netbook id: 136',1);
INSERT INTO "app001_actividad" VALUES(654,'2024-04-09 13:34:45.907630','creacion','Netbook id: 137',1);
INSERT INTO "app001_actividad" VALUES(655,'2024-04-09 13:34:45.925877','creacion','Netbook id: 138',1);
INSERT INTO "app001_actividad" VALUES(656,'2024-04-09 13:34:45.956887','creacion','Netbook id: 139',1);
INSERT INTO "app001_actividad" VALUES(657,'2024-04-09 13:34:45.974289','creacion','Netbook id: 140',1);
INSERT INTO "app001_actividad" VALUES(658,'2024-04-09 13:34:45.992418','creacion','Netbook id: 141',1);
INSERT INTO "app001_actividad" VALUES(659,'2024-04-09 13:34:46.024006','creacion','Netbook id: 142',1);
INSERT INTO "app001_actividad" VALUES(660,'2024-04-09 13:34:46.040935','creacion','Netbook id: 143',1);
INSERT INTO "app001_actividad" VALUES(661,'2024-04-09 13:34:46.065307','creacion','Netbook id: 144',1);
INSERT INTO "app001_actividad" VALUES(662,'2024-04-09 13:34:46.085558','creacion','Netbook id: 145',1);
INSERT INTO "app001_actividad" VALUES(663,'2024-04-09 13:34:46.107596','creacion','Netbook id: 146',1);
INSERT INTO "app001_actividad" VALUES(664,'2024-04-09 13:34:46.131537','creacion','Netbook id: 147',1);
INSERT INTO "app001_actividad" VALUES(665,'2024-04-09 13:34:46.156766','creacion','Netbook id: 148',1);
INSERT INTO "app001_actividad" VALUES(666,'2024-04-09 13:34:46.181692','creacion','Netbook id: 149',1);
INSERT INTO "app001_actividad" VALUES(667,'2024-04-09 13:34:46.202167','creacion','Netbook id: 150',1);
INSERT INTO "app001_actividad" VALUES(668,'2024-04-09 13:34:46.241698','consulta','Escuelas',1);
INSERT INTO "app001_actividad" VALUES(669,'2024-04-09 13:34:54.574435','consulta','Escuelas',1);
INSERT INTO "app001_actividad" VALUES(670,'2024-04-09 13:37:45.813189','creacion','Directivo id: 5',1);
INSERT INTO "app001_actividad" VALUES(671,'2024-04-09 13:37:45.919151','consulta','Directivos',1);
INSERT INTO "app001_actividad" VALUES(672,'2024-04-09 13:37:50.185000','consulta','Escuelas',1);
INSERT INTO "app001_actividad" VALUES(673,'2024-04-09 13:37:51.962818','consulta','Escuela N° 8',1);
INSERT INTO "app001_actividad" VALUES(674,'2024-04-09 13:39:49.843034','modificacion','Netbook id: netbook.121',1);
INSERT INTO "app001_actividad" VALUES(675,'2024-04-09 13:39:50.155850','consulta','Netbooks',1);
INSERT INTO "app001_actividad" VALUES(676,'2024-04-09 13:41:48.119998','modificacion','Netbook id: netbook.122',1);
INSERT INTO "app001_actividad" VALUES(677,'2024-04-09 13:41:48.376808','consulta','Netbooks',1);
INSERT INTO "app001_actividad" VALUES(678,'2024-04-09 13:42:23.635303','modificacion','Netbook id: netbook.123',1);
INSERT INTO "app001_actividad" VALUES(679,'2024-04-09 13:42:23.834620','consulta','Netbooks',1);
INSERT INTO "app001_actividad" VALUES(680,'2024-04-09 13:44:10.242827','modificacion','Netbook id: netbook.124',1);
INSERT INTO "app001_actividad" VALUES(681,'2024-04-09 13:44:10.305546','consulta','Netbooks',1);
INSERT INTO "app001_actividad" VALUES(682,'2024-04-09 13:44:45.404094','modificacion','Netbook id: netbook.125',1);
INSERT INTO "app001_actividad" VALUES(683,'2024-04-09 13:44:45.716143','consulta','Netbooks',1);
INSERT INTO "app001_actividad" VALUES(684,'2024-04-09 13:46:29.940677','modificacion','Netbook id: netbook.126',1);
INSERT INTO "app001_actividad" VALUES(685,'2024-04-09 13:46:30.096843','consulta','Netbooks',1);
INSERT INTO "app001_actividad" VALUES(686,'2024-04-09 13:48:27.712169','modificacion','Netbook id: netbook.127',1);
INSERT INTO "app001_actividad" VALUES(687,'2024-04-09 13:48:28.434848','consulta','Netbooks',1);
INSERT INTO "app001_actividad" VALUES(688,'2024-04-09 13:49:57.620376','modificacion','Netbook id: netbook.128',1);
INSERT INTO "app001_actividad" VALUES(689,'2024-04-09 13:49:57.783006','consulta','Netbooks',1);
INSERT INTO "app001_actividad" VALUES(690,'2024-04-09 13:51:35.243780','modificacion','Netbook id: netbook.129',1);
INSERT INTO "app001_actividad" VALUES(691,'2024-04-09 13:51:35.449633','consulta','Netbooks',1);
INSERT INTO "app001_actividad" VALUES(692,'2024-04-09 13:53:25.053635','modificacion','Netbook id: netbook.130',1);
INSERT INTO "app001_actividad" VALUES(693,'2024-04-09 13:53:25.435536','consulta','Netbooks',1);
INSERT INTO "app001_actividad" VALUES(694,'2024-04-09 13:54:43.792607','modificacion','Netbook id: netbook.131',1);
INSERT INTO "app001_actividad" VALUES(695,'2024-04-09 13:54:43.872911','consulta','Netbooks',1);
INSERT INTO "app001_actividad" VALUES(696,'2024-04-09 13:55:59.814224','modificacion','Netbook id: netbook.132',1);
INSERT INTO "app001_actividad" VALUES(697,'2024-04-09 13:56:00.046574','consulta','Netbooks',1);
INSERT INTO "app001_actividad" VALUES(698,'2024-04-09 13:57:03.278422','modificacion','Netbook id: netbook.133',1);
INSERT INTO "app001_actividad" VALUES(699,'2024-04-09 13:57:03.820017','consulta','Netbooks',1);
INSERT INTO "app001_actividad" VALUES(700,'2024-04-09 13:58:10.103674','modificacion','Netbook id: netbook.134',1);
INSERT INTO "app001_actividad" VALUES(701,'2024-04-09 13:58:10.331686','consulta','Netbooks',1);
INSERT INTO "app001_actividad" VALUES(702,'2024-04-09 13:59:21.987213','modificacion','Netbook id: netbook.135',1);
INSERT INTO "app001_actividad" VALUES(703,'2024-04-09 13:59:22.142073','consulta','Netbooks',1);
INSERT INTO "app001_actividad" VALUES(704,'2024-04-09 14:00:38.712394','modificacion','Netbook id: netbook.136',1);
INSERT INTO "app001_actividad" VALUES(705,'2024-04-09 14:00:38.785539','consulta','Netbooks',1);
INSERT INTO "app001_actividad" VALUES(706,'2024-04-09 14:02:04.974297','modificacion','Netbook id: netbook.137',1);
INSERT INTO "app001_actividad" VALUES(707,'2024-04-09 14:02:05.106084','consulta','Netbooks',1);
INSERT INTO "app001_actividad" VALUES(708,'2024-04-09 14:03:22.793537','modificacion','Netbook id: netbook.138',1);
INSERT INTO "app001_actividad" VALUES(709,'2024-04-09 14:03:23.028144','consulta','Netbooks',1);
INSERT INTO "app001_actividad" VALUES(710,'2024-04-09 14:04:44.948363','modificacion','Netbook id: netbook.139',1);
INSERT INTO "app001_actividad" VALUES(711,'2024-04-09 14:04:45.219890','consulta','Netbooks',1);
INSERT INTO "app001_actividad" VALUES(712,'2024-04-09 14:06:09.662027','modificacion','Netbook id: netbook.140',1);
INSERT INTO "app001_actividad" VALUES(713,'2024-04-09 14:06:09.884719','consulta','Netbooks',1);
INSERT INTO "app001_actividad" VALUES(714,'2024-04-09 14:06:59.756601','modificacion','Netbook id: netbook.141',1);
INSERT INTO "app001_actividad" VALUES(715,'2024-04-09 14:06:59.808137','consulta','Netbooks',1);
INSERT INTO "app001_actividad" VALUES(716,'2024-04-09 14:08:16.116781','modificacion','Netbook id: netbook.142',1);
INSERT INTO "app001_actividad" VALUES(717,'2024-04-09 14:08:16.214419','consulta','Netbooks',1);
INSERT INTO "app001_actividad" VALUES(718,'2024-04-09 14:10:02.093386','modificacion','Netbook id: netbook.143',1);
INSERT INTO "app001_actividad" VALUES(719,'2024-04-09 14:10:02.671546','consulta','Netbooks',1);
INSERT INTO "app001_actividad" VALUES(720,'2024-04-09 14:11:42.784635','modificacion','Netbook id: netbook.144',1);
INSERT INTO "app001_actividad" VALUES(721,'2024-04-09 14:11:42.954763','consulta','Netbooks',1);
INSERT INTO "app001_actividad" VALUES(722,'2024-04-09 14:12:52.404106','modificacion','Netbook id: netbook.145',1);
INSERT INTO "app001_actividad" VALUES(723,'2024-04-09 14:12:52.532972','consulta','Netbooks',1);
INSERT INTO "app001_actividad" VALUES(724,'2024-04-09 14:14:01.688189','modificacion','Netbook id: netbook.146',1);
INSERT INTO "app001_actividad" VALUES(725,'2024-04-09 14:14:01.833824','consulta','Netbooks',1);
INSERT INTO "app001_actividad" VALUES(726,'2024-04-09 14:15:24.505940','modificacion','Netbook id: netbook.147',1);
INSERT INTO "app001_actividad" VALUES(727,'2024-04-09 14:15:25.073159','consulta','Netbooks',1);
INSERT INTO "app001_actividad" VALUES(728,'2024-04-09 14:17:26.298845','modificacion','Netbook id: netbook.148',1);
INSERT INTO "app001_actividad" VALUES(729,'2024-04-09 14:17:26.416443','consulta','Netbooks',1);
INSERT INTO "app001_actividad" VALUES(730,'2024-04-09 14:18:48.506425','modificacion','Netbook id: netbook.149',1);
INSERT INTO "app001_actividad" VALUES(731,'2024-04-09 14:18:48.564092','consulta','Netbooks',1);
INSERT INTO "app001_actividad" VALUES(732,'2024-04-09 14:20:22.375218','modificacion','Netbook id: netbook.150',1);
INSERT INTO "app001_actividad" VALUES(733,'2024-04-09 14:20:22.911796','consulta','Netbooks',1);
INSERT INTO "app001_actividad" VALUES(734,'2024-04-09 14:20:38.040777','consulta','Escuelas',1);
INSERT INTO "app001_actividad" VALUES(735,'2024-04-09 14:20:40.427907','consulta','Escuela N° 8',1);
INSERT INTO "app001_actividad" VALUES(736,'2024-04-09 14:20:55.775524','consulta','Netbook id:147',1);
INSERT INTO "app001_actividad" VALUES(737,'2024-04-09 14:21:02.705496','consulta','Netbooks',1);
INSERT INTO "app001_actividad" VALUES(738,'2024-04-09 14:21:10.655267','consulta','Escuelas',1);
INSERT INTO "app001_actividad" VALUES(739,'2024-04-09 14:22:43.346382','consulta','Netbooks',1);
INSERT INTO "app001_actividad" VALUES(740,'2024-04-09 17:45:53.033940','consulta','Escuelas',1);
INSERT INTO "app001_actividad" VALUES(741,'2024-04-09 17:45:55.171694','consulta','Escuela N° 8',1);
INSERT INTO "app001_actividad" VALUES(742,'2024-04-09 17:59:33.877275','consulta','Escuela N° 8',1);
INSERT INTO "app001_actividad" VALUES(743,'2024-04-09 17:59:39.996849','consulta','Escuela N° 8',1);
INSERT INTO "app001_actividad" VALUES(744,'2024-04-09 19:11:21.190945','consulta','Netbooks',1);
INSERT INTO "app001_actividad" VALUES(745,'2024-04-09 19:11:37.952996','modificacion','Netbook id: netbook.128',1);
INSERT INTO "app001_actividad" VALUES(746,'2024-04-09 19:11:38.013935','consulta','Netbooks',1);
INSERT INTO "app001_actividad" VALUES(747,'2024-04-09 19:11:41.774331','consulta','Escuelas',1);
INSERT INTO "app001_actividad" VALUES(748,'2024-04-09 19:11:43.813103','consulta','Escuela N° 8',1);
INSERT INTO "app001_actividad" VALUES(749,'2024-04-09 19:11:57.245291','consulta','Escuelas',1);
INSERT INTO "app001_actividad" VALUES(750,'2024-04-09 19:32:10.669954','consulta','Netbooks',1);
INSERT INTO "app001_actividad" VALUES(751,'2024-04-09 19:32:34.059399','modificacion','Netbook id: netbook.143',1);
INSERT INTO "app001_actividad" VALUES(752,'2024-04-09 19:32:34.132825','consulta','Netbooks',1);
INSERT INTO "app001_actividad" VALUES(753,'2024-04-09 19:32:37.807051','consulta','Escuelas',1);
INSERT INTO "app001_actividad" VALUES(754,'2024-04-09 19:32:39.278570','consulta','Escuela N° 8',1);
INSERT INTO "app001_actividad" VALUES(755,'2024-04-09 19:32:51.522493','consulta','Netbook id:128',1);
INSERT INTO "app001_actividad" VALUES(756,'2024-04-09 19:33:00.939955','consulta','Netbooks',1);
INSERT INTO "app001_actividad" VALUES(757,'2024-04-09 23:15:10.739249','consulta','Netbooks',1);
INSERT INTO "app001_actividad" VALUES(758,'2024-04-10 05:38:46.465923','consulta','Netbooks',1);
INSERT INTO "app001_actividad" VALUES(759,'2024-04-15 12:37:24.463145','consulta','Escuelas',1);
INSERT INTO "app001_actividad" VALUES(760,'2024-04-15 12:37:27.961985','consulta','Escuela N° 893',1);
INSERT INTO "app001_actividad" VALUES(761,'2024-04-15 12:39:06.123090','consulta','Netbook id:92',1);
INSERT INTO "app001_actividad" VALUES(762,'2024-04-15 12:39:12.067973','consulta','Netbooks',1);
INSERT INTO "app001_actividad" VALUES(763,'2024-04-15 12:39:36.218945','consulta','Netbook id:119',1);
INSERT INTO "app001_actividad" VALUES(764,'2024-04-15 12:39:38.663171','consulta','Netbooks',1);
INSERT INTO "app001_actividad" VALUES(765,'2024-04-15 12:39:43.133920','consulta','Escuelas',1);
INSERT INTO "app001_actividad" VALUES(766,'2024-04-15 12:40:15.236503','consulta','Escuela N° 893',1);
INSERT INTO "app001_actividad" VALUES(767,'2024-04-15 12:43:15.394566','modificacion','Netbook id: netbook.114',1);
INSERT INTO "app001_actividad" VALUES(768,'2024-04-15 12:43:15.455225','consulta','Netbooks',1);
INSERT INTO "app001_actividad" VALUES(769,'2024-04-15 12:43:20.380287','consulta','Escuelas',1);
INSERT INTO "app001_actividad" VALUES(770,'2024-04-15 12:43:23.651930','consulta','Escuela N° 893',1);
INSERT INTO "app001_actividad" VALUES(771,'2024-04-15 12:54:29.064972','consulta','Netbook id:92',1);
INSERT INTO "app001_actividad" VALUES(772,'2024-04-15 12:54:32.748610','consulta','Netbooks',1);
INSERT INTO "app001_actividad" VALUES(773,'2024-04-15 12:54:42.308013','consulta','Netbook id:92',1);
INSERT INTO "app001_actividad" VALUES(774,'2024-04-15 12:54:46.327532','consulta','Netbooks',1);
INSERT INTO "app001_actividad" VALUES(775,'2024-04-15 13:05:24.034599','consulta','Escuelas',1);
INSERT INTO "app001_actividad" VALUES(776,'2024-04-15 13:05:26.508343','consulta','Escuela N° 893',1);
INSERT INTO "app001_actividad" VALUES(777,'2024-04-15 13:09:42.603054','modificacion','Netbook id: netbook.95',1);
INSERT INTO "app001_actividad" VALUES(778,'2024-04-15 13:09:42.661568','consulta','Netbooks',1);
INSERT INTO "app001_actividad" VALUES(779,'2024-04-15 13:11:07.224000','consulta','Escuelas',1);
INSERT INTO "app001_actividad" VALUES(780,'2024-04-15 13:12:24.783024','consulta','Directivos',1);
INSERT INTO "app001_actividad" VALUES(781,'2024-04-22 19:24:07.072852','consulta','Escuelas',1);
INSERT INTO "app001_actividad" VALUES(782,'2024-04-22 19:24:09.705841','consulta','Escuela N° 893',1);
INSERT INTO "app001_actividad" VALUES(783,'2024-04-23 15:32:01.469105','consulta','Escuelas',1);
INSERT INTO "app001_actividad" VALUES(784,'2024-04-23 12:32:58.739056','consulta','Directivos',1);
INSERT INTO "app001_actividad" VALUES(785,'2024-04-23 12:35:20.101388','creacion','Escuela id: 6',1);
INSERT INTO "app001_actividad" VALUES(786,'2024-04-23 12:35:20.128766','creacion','Netbook id: 151',1);
INSERT INTO "app001_actividad" VALUES(787,'2024-04-23 12:35:20.155288','creacion','Netbook id: 152',1);
INSERT INTO "app001_actividad" VALUES(788,'2024-04-23 12:35:20.185558','creacion','Netbook id: 153',1);
INSERT INTO "app001_actividad" VALUES(789,'2024-04-23 12:35:20.208974','creacion','Netbook id: 154',1);
INSERT INTO "app001_actividad" VALUES(790,'2024-04-23 12:35:20.233585','creacion','Netbook id: 155',1);
INSERT INTO "app001_actividad" VALUES(791,'2024-04-23 12:35:20.254608','creacion','Netbook id: 156',1);
INSERT INTO "app001_actividad" VALUES(792,'2024-04-23 12:35:20.279827','creacion','Netbook id: 157',1);
INSERT INTO "app001_actividad" VALUES(793,'2024-04-23 12:35:20.305621','creacion','Netbook id: 158',1);
INSERT INTO "app001_actividad" VALUES(794,'2024-04-23 12:35:20.332354','creacion','Netbook id: 159',1);
INSERT INTO "app001_actividad" VALUES(795,'2024-04-23 12:35:20.358185','creacion','Netbook id: 160',1);
INSERT INTO "app001_actividad" VALUES(796,'2024-04-23 12:35:20.385613','creacion','Netbook id: 161',1);
INSERT INTO "app001_actividad" VALUES(797,'2024-04-23 12:35:20.413907','creacion','Netbook id: 162',1);
INSERT INTO "app001_actividad" VALUES(798,'2024-04-23 12:35:20.439170','creacion','Netbook id: 163',1);
INSERT INTO "app001_actividad" VALUES(799,'2024-04-23 12:35:20.471999','creacion','Netbook id: 164',1);
INSERT INTO "app001_actividad" VALUES(800,'2024-04-23 12:35:20.502411','creacion','Netbook id: 165',1);
INSERT INTO "app001_actividad" VALUES(801,'2024-04-23 12:35:20.535737','creacion','Netbook id: 166',1);
INSERT INTO "app001_actividad" VALUES(802,'2024-04-23 12:35:20.564291','creacion','Netbook id: 167',1);
INSERT INTO "app001_actividad" VALUES(803,'2024-04-23 12:35:20.591540','creacion','Netbook id: 168',1);
INSERT INTO "app001_actividad" VALUES(804,'2024-04-23 12:35:20.619746','creacion','Netbook id: 169',1);
INSERT INTO "app001_actividad" VALUES(805,'2024-04-23 12:35:20.645776','creacion','Netbook id: 170',1);
INSERT INTO "app001_actividad" VALUES(806,'2024-04-23 12:35:20.671664','creacion','Netbook id: 171',1);
INSERT INTO "app001_actividad" VALUES(807,'2024-04-23 12:35:20.701726','creacion','Netbook id: 172',1);
INSERT INTO "app001_actividad" VALUES(808,'2024-04-23 12:35:20.728217','creacion','Netbook id: 173',1);
INSERT INTO "app001_actividad" VALUES(809,'2024-04-23 12:35:20.755234','creacion','Netbook id: 174',1);
INSERT INTO "app001_actividad" VALUES(810,'2024-04-23 12:35:20.782060','creacion','Netbook id: 175',1);
INSERT INTO "app001_actividad" VALUES(811,'2024-04-23 12:35:20.807010','creacion','Netbook id: 176',1);
INSERT INTO "app001_actividad" VALUES(812,'2024-04-23 12:35:20.833453','creacion','Netbook id: 177',1);
INSERT INTO "app001_actividad" VALUES(813,'2024-04-23 12:35:20.860084','creacion','Netbook id: 178',1);
INSERT INTO "app001_actividad" VALUES(814,'2024-04-23 12:35:20.883762','creacion','Netbook id: 179',1);
INSERT INTO "app001_actividad" VALUES(815,'2024-04-23 12:35:20.904960','creacion','Netbook id: 180',1);
INSERT INTO "app001_actividad" VALUES(816,'2024-04-23 12:35:20.948889','consulta','Escuelas',1);
INSERT INTO "app001_actividad" VALUES(817,'2024-04-23 12:35:49.706520','creacion','Directivo id: 6',1);
INSERT INTO "app001_actividad" VALUES(818,'2024-04-23 12:35:49.749684','consulta','Directivos',1);
INSERT INTO "app001_actividad" VALUES(819,'2024-04-23 12:35:55.005075','consulta','Escuelas',1);
INSERT INTO "app001_actividad" VALUES(820,'2024-04-23 12:35:57.976485','consulta','Escuela N° 930',1);
INSERT INTO "app001_actividad" VALUES(821,'2024-04-23 12:36:01.423299','consulta','Netbook id:151',1);
INSERT INTO "app001_actividad" VALUES(822,'2024-04-23 12:36:05.746730','consulta','Netbooks',1);
INSERT INTO "app001_actividad" VALUES(823,'2024-04-23 12:46:01.390287','modificacion','Netbook id: netbook.177',1);
INSERT INTO "app001_actividad" VALUES(824,'2024-04-23 12:46:01.441892','consulta','Netbooks',1);
INSERT INTO "app001_actividad" VALUES(825,'2024-04-23 13:40:58.921127','consulta','Escuelas',1);
INSERT INTO "app001_actividad" VALUES(826,'2024-04-23 13:41:03.451527','consulta','Escuela N° 8',1);
INSERT INTO "app001_actividad" VALUES(827,'2024-04-23 13:42:22.368502','consulta','Netbook id:144',1);
INSERT INTO "app001_actividad" VALUES(828,'2024-04-23 13:42:30.584131','consulta','Netbooks',1);
INSERT INTO "app001_actividad" VALUES(829,'2024-04-23 13:42:36.849629','consulta','Escuelas',1);
INSERT INTO "app001_actividad" VALUES(830,'2024-04-23 13:42:39.756253','consulta','Escuela N° 8',1);
INSERT INTO "app001_actividad" VALUES(831,'2024-04-23 13:43:55.997240','modificacion','Netbook id: netbook.144',1);
INSERT INTO "app001_actividad" VALUES(832,'2024-04-23 13:43:56.034064','consulta','Netbooks',1);
INSERT INTO "app001_actividad" VALUES(833,'2024-04-23 13:48:08.674534','consulta','Escuelas',1);
INSERT INTO "app001_actividad" VALUES(834,'2024-04-23 13:48:11.881632','consulta','Escuela N° 8',1);
INSERT INTO "app001_actividad" VALUES(835,'2024-04-23 13:48:35.985474','modificacion','Netbook id: netbook.128',1);
INSERT INTO "app001_actividad" VALUES(836,'2024-04-23 13:48:36.022903','consulta','Netbooks',1);
INSERT INTO "app001_actividad" VALUES(837,'2024-04-23 13:50:16.522982','consulta','Escuelas',1);
INSERT INTO "app001_actividad" VALUES(838,'2024-04-23 13:50:19.563274','consulta','Escuela N° 8',1);
INSERT INTO "app001_actividad" VALUES(839,'2024-04-23 13:50:37.066127','modificacion','Netbook id: netbook.147',1);
INSERT INTO "app001_actividad" VALUES(840,'2024-04-23 13:50:37.102760','consulta','Netbooks',1);
INSERT INTO "app001_actividad" VALUES(841,'2024-04-23 13:50:45.771740','consulta','Escuelas',1);
INSERT INTO "app001_actividad" VALUES(842,'2024-04-23 13:50:48.680959','consulta','Escuela N° 8',1);
INSERT INTO "app001_actividad" VALUES(843,'2024-04-25 15:41:09.542539','consulta','Escuelas',1);
INSERT INTO "app001_actividad" VALUES(844,'2024-04-25 15:42:34.559689','creacion','Escuela id: 7',1);
INSERT INTO "app001_actividad" VALUES(845,'2024-04-25 15:42:34.588521','creacion','Netbook id: 181',1);
INSERT INTO "app001_actividad" VALUES(846,'2024-04-25 15:42:34.613279','creacion','Netbook id: 182',1);
INSERT INTO "app001_actividad" VALUES(847,'2024-04-25 15:42:34.637857','creacion','Netbook id: 183',1);
INSERT INTO "app001_actividad" VALUES(848,'2024-04-25 15:42:34.662349','creacion','Netbook id: 184',1);
INSERT INTO "app001_actividad" VALUES(849,'2024-04-25 15:42:34.687786','creacion','Netbook id: 185',1);
INSERT INTO "app001_actividad" VALUES(850,'2024-04-25 15:42:34.715344','creacion','Netbook id: 186',1);
INSERT INTO "app001_actividad" VALUES(851,'2024-04-25 15:42:34.742568','creacion','Netbook id: 187',1);
INSERT INTO "app001_actividad" VALUES(852,'2024-04-25 15:42:34.766265','creacion','Netbook id: 188',1);
INSERT INTO "app001_actividad" VALUES(853,'2024-04-25 15:42:34.789202','creacion','Netbook id: 189',1);
INSERT INTO "app001_actividad" VALUES(854,'2024-04-25 15:42:34.807762','creacion','Netbook id: 190',1);
INSERT INTO "app001_actividad" VALUES(855,'2024-04-25 15:42:34.832604','creacion','Netbook id: 191',1);
INSERT INTO "app001_actividad" VALUES(856,'2024-04-25 15:42:34.853086','creacion','Netbook id: 192',1);
INSERT INTO "app001_actividad" VALUES(857,'2024-04-25 15:42:34.871062','creacion','Netbook id: 193',1);
INSERT INTO "app001_actividad" VALUES(858,'2024-04-25 15:42:34.892455','creacion','Netbook id: 194',1);
INSERT INTO "app001_actividad" VALUES(859,'2024-04-25 15:42:34.920017','creacion','Netbook id: 195',1);
INSERT INTO "app001_actividad" VALUES(860,'2024-04-25 15:42:34.942816','creacion','Netbook id: 196',1);
INSERT INTO "app001_actividad" VALUES(861,'2024-04-25 15:42:34.962814','creacion','Netbook id: 197',1);
INSERT INTO "app001_actividad" VALUES(862,'2024-04-25 15:42:34.991407','creacion','Netbook id: 198',1);
INSERT INTO "app001_actividad" VALUES(863,'2024-04-25 15:42:35.007674','creacion','Netbook id: 199',1);
INSERT INTO "app001_actividad" VALUES(864,'2024-04-25 15:42:35.032765','creacion','Netbook id: 200',1);
INSERT INTO "app001_actividad" VALUES(865,'2024-04-25 15:42:35.061451','creacion','Netbook id: 201',1);
INSERT INTO "app001_actividad" VALUES(866,'2024-04-25 15:42:35.082382','creacion','Netbook id: 202',1);
INSERT INTO "app001_actividad" VALUES(867,'2024-04-25 15:42:35.092674','creacion','Netbook id: 203',1);
INSERT INTO "app001_actividad" VALUES(868,'2024-04-25 15:42:35.124726','creacion','Netbook id: 204',1);
INSERT INTO "app001_actividad" VALUES(869,'2024-04-25 15:42:35.147540','creacion','Netbook id: 205',1);
INSERT INTO "app001_actividad" VALUES(870,'2024-04-25 15:42:35.162588','creacion','Netbook id: 206',1);
INSERT INTO "app001_actividad" VALUES(871,'2024-04-25 15:42:35.185278','creacion','Netbook id: 207',1);
INSERT INTO "app001_actividad" VALUES(872,'2024-04-25 15:42:35.207672','creacion','Netbook id: 208',1);
INSERT INTO "app001_actividad" VALUES(873,'2024-04-25 15:42:35.232541','creacion','Netbook id: 209',1);
INSERT INTO "app001_actividad" VALUES(874,'2024-04-25 15:42:35.255556','creacion','Netbook id: 210',1);
INSERT INTO "app001_actividad" VALUES(875,'2024-04-25 15:42:35.282848','consulta','Escuelas',1);
INSERT INTO "app001_actividad" VALUES(876,'2024-04-25 15:42:42.264878','consulta','Directivos',1);
INSERT INTO "app001_actividad" VALUES(877,'2024-04-25 15:43:39.405960','creacion','Directivo id: 7',1);
INSERT INTO "app001_actividad" VALUES(878,'2024-04-25 15:43:39.456934','consulta','Directivos',1);
INSERT INTO "app001_actividad" VALUES(879,'2024-04-25 15:43:49.756484','consulta','Escuelas',1);
INSERT INTO "app001_actividad" VALUES(880,'2024-04-25 15:43:52.340868','consulta','Escuela N° 166',1);
INSERT INTO "app001_actividad" VALUES(881,'2024-04-25 15:44:17.095560','modificacion','Netbook id: netbook.183',1);
INSERT INTO "app001_actividad" VALUES(882,'2024-04-25 15:44:17.137712','consulta','Netbooks',1);
INSERT INTO "app001_actividad" VALUES(883,'2024-04-25 15:44:20.717394','consulta','Escuelas',1);
INSERT INTO "app001_actividad" VALUES(884,'2024-04-25 15:44:23.094301','consulta','Escuela N° 166',1);
INSERT INTO "app001_actividad" VALUES(885,'2024-04-25 15:44:36.657939','modificacion','Netbook id: netbook.184',1);
INSERT INTO "app001_actividad" VALUES(886,'2024-04-25 15:44:36.692543','consulta','Netbooks',1);
INSERT INTO "app001_actividad" VALUES(887,'2024-04-25 15:44:53.422801','modificacion','Netbook id: netbook.188',1);
INSERT INTO "app001_actividad" VALUES(888,'2024-04-25 15:44:53.462690','consulta','Netbooks',1);
INSERT INTO "app001_actividad" VALUES(889,'2024-04-25 15:45:01.543790','consulta','Escuela N° 166',1);
INSERT INTO "app001_actividad" VALUES(890,'2024-04-25 15:45:19.042753','modificacion','Netbook id: netbook.190',1);
INSERT INTO "app001_actividad" VALUES(891,'2024-04-25 15:45:19.083693','consulta','Netbooks',1);
INSERT INTO "app001_actividad" VALUES(892,'2024-04-25 15:45:29.482333','consulta','Escuela N° 166',1);
INSERT INTO "app001_actividad" VALUES(893,'2024-04-25 15:45:36.922478','modificacion','Netbook id: netbook.191',1);
INSERT INTO "app001_actividad" VALUES(894,'2024-04-25 15:45:36.972574','consulta','Netbooks',1);
INSERT INTO "app001_actividad" VALUES(895,'2024-04-25 15:45:40.672422','consulta','Escuela N° 166',1);
INSERT INTO "app001_actividad" VALUES(896,'2024-04-25 15:45:51.932756','modificacion','Netbook id: netbook.194',1);
INSERT INTO "app001_actividad" VALUES(897,'2024-04-25 15:45:51.971417','consulta','Netbooks',1);
INSERT INTO "app001_actividad" VALUES(898,'2024-04-25 15:45:57.876099','consulta','Escuela N° 166',1);
INSERT INTO "app001_actividad" VALUES(899,'2024-04-25 15:46:13.362403','modificacion','Netbook id: netbook.196',1);
INSERT INTO "app001_actividad" VALUES(900,'2024-04-25 15:46:13.402307','consulta','Netbooks',1);
INSERT INTO "app001_actividad" VALUES(901,'2024-04-25 15:46:17.632744','consulta','Escuela N° 166',1);
INSERT INTO "app001_actividad" VALUES(902,'2024-04-25 15:46:27.842355','modificacion','Netbook id: netbook.199',1);
INSERT INTO "app001_actividad" VALUES(903,'2024-04-25 15:46:27.886557','consulta','Netbooks',1);
INSERT INTO "app001_actividad" VALUES(904,'2024-04-25 15:46:32.182423','consulta','Escuela N° 166',1);
INSERT INTO "app001_actividad" VALUES(905,'2024-04-25 15:46:50.185380','modificacion','Netbook id: netbook.201',1);
INSERT INTO "app001_actividad" VALUES(906,'2024-04-25 15:46:50.222375','consulta','Netbooks',1);
INSERT INTO "app001_actividad" VALUES(907,'2024-04-25 15:47:01.272392','modificacion','Netbook id: netbook.202',1);
INSERT INTO "app001_actividad" VALUES(908,'2024-04-25 15:47:01.322643','consulta','Netbooks',1);
INSERT INTO "app001_actividad" VALUES(909,'2024-04-25 15:47:10.758590','modificacion','Netbook id: netbook.203',1);
INSERT INTO "app001_actividad" VALUES(910,'2024-04-25 15:47:10.802710','consulta','Netbooks',1);
INSERT INTO "app001_actividad" VALUES(911,'2024-04-25 15:47:20.572426','modificacion','Netbook id: netbook.204',1);
INSERT INTO "app001_actividad" VALUES(912,'2024-04-25 15:47:20.622473','consulta','Netbooks',1);
INSERT INTO "app001_actividad" VALUES(913,'2024-04-25 15:47:29.432689','modificacion','Netbook id: netbook.205',1);
INSERT INTO "app001_actividad" VALUES(914,'2024-04-25 15:47:29.472437','consulta','Netbooks',1);
INSERT INTO "app001_actividad" VALUES(915,'2024-04-25 15:47:37.402291','modificacion','Netbook id: netbook.206',1);
INSERT INTO "app001_actividad" VALUES(916,'2024-04-25 15:47:37.460983','consulta','Netbooks',1);
INSERT INTO "app001_actividad" VALUES(917,'2024-04-25 15:47:44.852525','modificacion','Netbook id: netbook.207',1);
INSERT INTO "app001_actividad" VALUES(918,'2024-04-25 15:47:44.902400','consulta','Netbooks',1);
INSERT INTO "app001_actividad" VALUES(919,'2024-04-25 15:47:56.202495','modificacion','Netbook id: netbook.208',1);
INSERT INTO "app001_actividad" VALUES(920,'2024-04-25 15:47:56.244637','consulta','Netbooks',1);
INSERT INTO "app001_actividad" VALUES(921,'2024-04-25 15:48:03.723055','modificacion','Netbook id: netbook.209',1);
INSERT INTO "app001_actividad" VALUES(922,'2024-04-25 15:48:03.773395','consulta','Netbooks',1);
INSERT INTO "app001_actividad" VALUES(923,'2024-04-25 15:48:11.936439','modificacion','Netbook id: netbook.210',1);
INSERT INTO "app001_actividad" VALUES(924,'2024-04-25 15:48:11.980880','consulta','Netbooks',1);
INSERT INTO "app001_actividad" VALUES(925,'2024-04-25 15:49:25.776000','modificacion','Netbook id: netbook.181',1);
INSERT INTO "app001_actividad" VALUES(926,'2024-04-25 15:49:25.825875','consulta','Netbooks',1);
INSERT INTO "app001_actividad" VALUES(927,'2024-04-25 15:50:30.965159','modificacion','Netbook id: netbook.182',1);
INSERT INTO "app001_actividad" VALUES(928,'2024-04-25 15:50:31.002553','consulta','Netbooks',1);
INSERT INTO "app001_actividad" VALUES(929,'2024-04-25 15:51:21.656354','modificacion','Netbook id: netbook.181',1);
INSERT INTO "app001_actividad" VALUES(930,'2024-04-25 15:51:21.692287','consulta','Netbooks',1);
INSERT INTO "app001_actividad" VALUES(931,'2024-04-25 15:51:50.403545','modificacion','Netbook id: netbook.182',1);
INSERT INTO "app001_actividad" VALUES(932,'2024-04-25 15:51:50.432439','consulta','Netbooks',1);
INSERT INTO "app001_actividad" VALUES(933,'2024-04-25 15:52:01.994037','consulta','Escuelas',1);
INSERT INTO "app001_actividad" VALUES(934,'2024-04-25 15:52:04.054876','consulta','Escuela N° 166',1);
INSERT INTO "app001_actividad" VALUES(935,'2024-04-25 15:54:20.324561','modificacion','Netbook id: netbook.185',1);
INSERT INTO "app001_actividad" VALUES(936,'2024-04-25 15:54:20.368076','consulta','Netbooks',1);
INSERT INTO "app001_actividad" VALUES(937,'2024-04-25 15:54:31.167826','consulta','Escuela N° 166',1);
INSERT INTO "app001_actividad" VALUES(938,'2024-04-25 15:55:28.997630','modificacion','Netbook id: netbook.186',1);
INSERT INTO "app001_actividad" VALUES(939,'2024-04-25 15:55:29.043518','consulta','Netbooks',1);
INSERT INTO "app001_actividad" VALUES(940,'2024-04-25 15:55:35.320160','consulta','Escuela N° 166',1);
INSERT INTO "app001_actividad" VALUES(941,'2024-04-25 15:56:45.111098','modificacion','Netbook id: netbook.187',1);
INSERT INTO "app001_actividad" VALUES(942,'2024-04-25 15:56:45.157342','consulta','Netbooks',1);
INSERT INTO "app001_actividad" VALUES(943,'2024-04-25 15:56:50.486639','consulta','Escuelas',1);
INSERT INTO "app001_actividad" VALUES(944,'2024-04-25 15:56:53.733446','consulta','Escuela N° 166',1);
INSERT INTO "app001_actividad" VALUES(945,'2024-04-25 15:58:02.695994','modificacion','Netbook id: netbook.189',1);
INSERT INTO "app001_actividad" VALUES(946,'2024-04-25 15:58:02.743428','consulta','Netbooks',1);
INSERT INTO "app001_actividad" VALUES(947,'2024-04-25 15:58:23.987284','consulta','Escuelas',1);
INSERT INTO "app001_actividad" VALUES(948,'2024-04-25 15:58:27.434524','consulta','Escuela N° 166',1);
INSERT INTO "app001_actividad" VALUES(949,'2024-04-25 21:42:42.291834','consulta','Escuelas',1);
INSERT INTO "app001_actividad" VALUES(950,'2024-04-25 21:42:54.537037','consulta','Escuela N° 8',1);
INSERT INTO "app001_actividad" VALUES(951,'2024-04-25 21:43:10.745579','consulta','Escuelas',1);
INSERT INTO "app001_actividad" VALUES(952,'2024-04-25 21:43:15.446710','consulta','Escuela N° 8',1);
INSERT INTO "app001_actividad" VALUES(953,'2024-04-25 21:43:25.593927','consulta','Escuelas',1);
INSERT INTO "app001_actividad" VALUES(954,'2024-04-25 21:43:27.761748','consulta','Escuela N° 166',1);
INSERT INTO "app001_actividad" VALUES(955,'2024-04-25 21:43:45.050071','consulta','Netbook id:181',1);
INSERT INTO "app001_actividad" VALUES(956,'2024-04-25 21:43:51.705516','consulta','Netbooks',1);
INSERT INTO "app001_actividad" VALUES(957,'2024-04-25 21:43:55.930025','consulta','Escuelas',1);
INSERT INTO "app001_actividad" VALUES(958,'2024-04-25 21:43:57.676375','consulta','Escuela N° 166',1);
INSERT INTO "app001_actividad" VALUES(959,'2024-04-25 21:44:18.015898','consulta','Escuelas',1);
INSERT INTO "app001_actividad" VALUES(960,'2024-04-25 21:44:42.197001','consulta','Netbooks',1);
INSERT INTO "app001_actividad" VALUES(961,'2024-04-25 21:44:52.651797','consulta','Netbook id:48',1);
INSERT INTO "app001_actividad" VALUES(962,'2024-04-25 21:44:54.667373','consulta','Netbooks',1);
INSERT INTO "app001_actividad" VALUES(963,'2024-04-25 21:45:38.526963','consulta','Directivos',1);
INSERT INTO "app001_actividad" VALUES(964,'2024-04-25 21:45:44.425844','consulta','Directivo id: 2',1);
INSERT INTO "app001_actividad" VALUES(965,'2024-04-25 21:45:48.977057','consulta','Directivos',1);
INSERT INTO "app001_actividad" VALUES(966,'2024-04-25 21:45:51.099608','consulta','Directivo id: 5',1);
INSERT INTO "app001_actividad" VALUES(967,'2024-04-25 21:45:52.444257','consulta','Directivos',1);
INSERT INTO "app001_actividad" VALUES(968,'2024-04-25 21:45:56.022874','consulta','Directivo id: 7',1);
INSERT INTO "app001_actividad" VALUES(969,'2024-04-25 21:45:57.533191','consulta','Directivos',1);
INSERT INTO "app001_actividad" VALUES(970,'2024-04-25 21:46:02.765772','consulta','Escuelas',1);
INSERT INTO "app001_actividad" VALUES(971,'2024-04-25 21:47:57.156771','consulta','Informes',1);
INSERT INTO "app001_actividad" VALUES(972,'2024-05-06 12:42:01.207751','consulta','Escuelas',1);
INSERT INTO "app001_actividad" VALUES(973,'2024-05-06 12:48:12.146562','consulta','Escuelas',1);
INSERT INTO "app001_actividad" VALUES(974,'2024-05-14 12:26:51.995864','consulta','Escuelas',1);
INSERT INTO "app001_actividad" VALUES(975,'2024-05-14 12:26:55.423061','consulta','Escuela N° 930',1);
INSERT INTO "app001_actividad" VALUES(976,'2024-05-14 12:28:30.475800','modificacion','Netbook id: netbook.151',1);
INSERT INTO "app001_actividad" VALUES(977,'2024-05-14 12:28:30.518004','consulta','Netbooks',1);
INSERT INTO "app001_actividad" VALUES(978,'2024-05-14 12:28:37.126880','consulta','Escuela N° 930',1);
INSERT INTO "app001_actividad" VALUES(979,'2024-05-14 12:29:06.168166','modificacion','Netbook id: netbook.152',1);
INSERT INTO "app001_actividad" VALUES(980,'2024-05-14 12:29:06.204390','consulta','Netbooks',1);
INSERT INTO "app001_actividad" VALUES(981,'2024-05-14 12:29:26.425495','modificacion','Netbook id: netbook.153',1);
INSERT INTO "app001_actividad" VALUES(982,'2024-05-14 12:29:26.459634','consulta','Netbooks',1);
INSERT INTO "app001_actividad" VALUES(983,'2024-05-14 12:29:31.033497','consulta','Escuela N° 930',1);
INSERT INTO "app001_actividad" VALUES(984,'2024-05-14 12:29:45.597073','modificacion','Netbook id: netbook.154',1);
INSERT INTO "app001_actividad" VALUES(985,'2024-05-14 12:29:45.640561','consulta','Netbooks',1);
INSERT INTO "app001_actividad" VALUES(986,'2024-05-14 12:30:01.525750','modificacion','Netbook id: netbook.155',1);
INSERT INTO "app001_actividad" VALUES(987,'2024-05-14 12:30:01.559074','consulta','Netbooks',1);
INSERT INTO "app001_actividad" VALUES(988,'2024-05-14 12:30:05.476412','consulta','Escuela N° 930',1);
INSERT INTO "app001_actividad" VALUES(989,'2024-05-14 12:30:16.999323','modificacion','Netbook id: netbook.156',1);
INSERT INTO "app001_actividad" VALUES(990,'2024-05-14 12:30:17.034400','consulta','Netbooks',1);
INSERT INTO "app001_actividad" VALUES(991,'2024-05-14 12:30:28.056876','consulta','Escuela N° 930',1);
INSERT INTO "app001_actividad" VALUES(992,'2024-05-14 12:31:47.318449','modificacion','Netbook id: netbook.157',1);
INSERT INTO "app001_actividad" VALUES(993,'2024-05-14 12:31:47.356660','consulta','Netbooks',1);
INSERT INTO "app001_actividad" VALUES(994,'2024-05-14 12:32:22.403635','modificacion','Netbook id: netbook.158',1);
INSERT INTO "app001_actividad" VALUES(995,'2024-05-14 12:32:22.447376','consulta','Netbooks',1);
INSERT INTO "app001_actividad" VALUES(996,'2024-05-14 12:32:27.301733','consulta','Escuela N° 930',1);
INSERT INTO "app001_actividad" VALUES(997,'2024-05-14 12:32:59.969486','modificacion','Netbook id: netbook.159',1);
INSERT INTO "app001_actividad" VALUES(998,'2024-05-14 12:33:00.014623','consulta','Netbooks',1);
INSERT INTO "app001_actividad" VALUES(999,'2024-05-14 12:33:05.148366','consulta','Escuela N° 930',1);
INSERT INTO "app001_actividad" VALUES(1000,'2024-05-14 12:33:40.009440','modificacion','Netbook id: netbook.160',1);
INSERT INTO "app001_actividad" VALUES(1001,'2024-05-14 12:33:40.050403','consulta','Netbooks',1);
INSERT INTO "app001_actividad" VALUES(1002,'2024-05-14 12:33:44.584656','consulta','Escuela N° 930',1);
INSERT INTO "app001_actividad" VALUES(1003,'2024-05-14 12:34:13.051117','modificacion','Netbook id: netbook.161',1);
INSERT INTO "app001_actividad" VALUES(1004,'2024-05-14 12:34:13.091365','consulta','Netbooks',1);
INSERT INTO "app001_actividad" VALUES(1005,'2024-05-14 12:34:17.953579','consulta','Escuela N° 930',1);
INSERT INTO "app001_actividad" VALUES(1006,'2024-05-14 12:34:58.669352','modificacion','Netbook id: netbook.162',1);
INSERT INTO "app001_actividad" VALUES(1007,'2024-05-14 12:34:58.710545','consulta','Netbooks',1);
INSERT INTO "app001_actividad" VALUES(1008,'2024-05-14 12:35:05.854031','consulta','Escuela N° 930',1);
INSERT INTO "app001_actividad" VALUES(1009,'2024-05-14 12:35:32.185284','modificacion','Netbook id: netbook.163',1);
INSERT INTO "app001_actividad" VALUES(1010,'2024-05-14 12:35:32.221680','consulta','Netbooks',1);
INSERT INTO "app001_actividad" VALUES(1011,'2024-05-14 12:36:03.248055','modificacion','Netbook id: netbook.164',1);
INSERT INTO "app001_actividad" VALUES(1012,'2024-05-14 12:36:03.301687','consulta','Netbooks',1);
INSERT INTO "app001_actividad" VALUES(1013,'2024-05-14 12:36:32.892391','modificacion','Netbook id: netbook.165',1);
INSERT INTO "app001_actividad" VALUES(1014,'2024-05-14 12:36:32.931398','consulta','Netbooks',1);
INSERT INTO "app001_actividad" VALUES(1015,'2024-05-14 12:37:05.643587','modificacion','Netbook id: netbook.166',1);
INSERT INTO "app001_actividad" VALUES(1016,'2024-05-14 12:37:05.682205','consulta','Netbooks',1);
INSERT INTO "app001_actividad" VALUES(1017,'2024-05-14 12:37:11.762040','consulta','Escuela N° 930',1);
INSERT INTO "app001_actividad" VALUES(1018,'2024-05-14 12:37:39.866406','modificacion','Netbook id: netbook.167',1);
INSERT INTO "app001_actividad" VALUES(1019,'2024-05-14 12:37:39.904815','consulta','Netbooks',1);
INSERT INTO "app001_actividad" VALUES(1020,'2024-05-14 12:38:09.075770','modificacion','Netbook id: netbook.168',1);
INSERT INTO "app001_actividad" VALUES(1021,'2024-05-14 12:38:09.110920','consulta','Netbooks',1);
INSERT INTO "app001_actividad" VALUES(1022,'2024-05-14 12:38:40.590772','modificacion','Netbook id: netbook.169',1);
INSERT INTO "app001_actividad" VALUES(1023,'2024-05-14 12:38:40.625433','consulta','Netbooks',1);
INSERT INTO "app001_actividad" VALUES(1024,'2024-05-14 12:38:45.664620','consulta','Escuela N° 930',1);
INSERT INTO "app001_actividad" VALUES(1025,'2024-05-14 12:39:21.730087','modificacion','Netbook id: netbook.170',1);
INSERT INTO "app001_actividad" VALUES(1026,'2024-05-14 12:39:21.772358','consulta','Netbooks',1);
INSERT INTO "app001_actividad" VALUES(1027,'2024-05-14 12:39:51.836407','modificacion','Netbook id: netbook.171',1);
INSERT INTO "app001_actividad" VALUES(1028,'2024-05-14 12:39:51.872599','consulta','Netbooks',1);
INSERT INTO "app001_actividad" VALUES(1029,'2024-05-14 12:40:22.277729','modificacion','Netbook id: netbook.172',1);
INSERT INTO "app001_actividad" VALUES(1030,'2024-05-14 12:40:22.317563','consulta','Netbooks',1);
INSERT INTO "app001_actividad" VALUES(1031,'2024-05-14 12:41:02.198077','modificacion','Netbook id: netbook.173',1);
INSERT INTO "app001_actividad" VALUES(1032,'2024-05-14 12:41:02.239321','consulta','Netbooks',1);
INSERT INTO "app001_actividad" VALUES(1033,'2024-05-14 12:41:30.259432','modificacion','Netbook id: netbook.174',1);
INSERT INTO "app001_actividad" VALUES(1034,'2024-05-14 12:41:30.297155','consulta','Netbooks',1);
INSERT INTO "app001_actividad" VALUES(1035,'2024-05-14 12:41:35.166653','consulta','Escuela N° 930',1);
INSERT INTO "app001_actividad" VALUES(1036,'2024-05-14 12:42:02.509372','modificacion','Netbook id: netbook.175',1);
INSERT INTO "app001_actividad" VALUES(1037,'2024-05-14 12:42:02.548046','consulta','Netbooks',1);
INSERT INTO "app001_actividad" VALUES(1038,'2024-05-14 12:42:31.716538','modificacion','Netbook id: netbook.176',1);
INSERT INTO "app001_actividad" VALUES(1039,'2024-05-14 12:42:31.756787','consulta','Netbooks',1);
INSERT INTO "app001_actividad" VALUES(1040,'2024-05-14 12:42:37.071960','consulta','Escuela N° 930',1);
INSERT INTO "app001_actividad" VALUES(1041,'2024-05-14 12:42:44.620546','consulta','Netbook id:177',1);
INSERT INTO "app001_actividad" VALUES(1042,'2024-05-14 12:43:13.040176','modificacion','Netbook id: netbook.177',1);
INSERT INTO "app001_actividad" VALUES(1043,'2024-05-14 12:43:13.080622','consulta','Netbooks',1);
INSERT INTO "app001_actividad" VALUES(1044,'2024-05-14 12:43:43.861029','modificacion','Netbook id: netbook.178',1);
INSERT INTO "app001_actividad" VALUES(1045,'2024-05-14 12:43:43.907793','consulta','Netbooks',1);
INSERT INTO "app001_actividad" VALUES(1046,'2024-05-14 12:43:55.744627','consulta','Escuela N° 930',1);
INSERT INTO "app001_actividad" VALUES(1047,'2024-05-14 12:44:09.230888','modificacion','Netbook id: netbook.179',1);
INSERT INTO "app001_actividad" VALUES(1048,'2024-05-14 12:44:09.271306','consulta','Netbooks',1);
INSERT INTO "app001_actividad" VALUES(1049,'2024-05-14 12:44:29.627824','modificacion','Netbook id: netbook.180',1);
INSERT INTO "app001_actividad" VALUES(1050,'2024-05-14 12:44:29.666701','consulta','Netbooks',1);
INSERT INTO "app001_actividad" VALUES(1051,'2024-05-14 12:44:35.308658','consulta','Escuela N° 930',1);
INSERT INTO "app001_actividad" VALUES(1052,'2024-05-14 12:44:39.601263','consulta','Escuelas',1);
INSERT INTO "app001_actividad" VALUES(1053,'2024-05-14 12:44:42.263309','consulta','Escuela N° 930',1);
INSERT INTO "app001_actividad" VALUES(1054,'2024-05-14 12:44:53.772365','consulta','Escuelas',1);
INSERT INTO "app001_actividad" VALUES(1055,'2024-05-14 13:27:33.156860','consulta','Escuelas',1);
INSERT INTO "app001_actividad" VALUES(1056,'2024-05-14 13:27:49.227509','modificacion','Escuela N° 930',1);
INSERT INTO "app001_actividad" VALUES(1057,'2024-05-14 13:27:49.275297','consulta','Escuelas',1);
INSERT INTO "app001_actividad" VALUES(1058,'2024-05-14 13:28:06.510510','consulta','Informes',1);
INSERT INTO "app001_actividad" VALUES(1059,'2024-05-14 13:28:16.279481','consulta','Directivos',1);
INSERT INTO "app001_actividad" VALUES(1060,'2024-05-14 13:28:20.243921','consulta','Directivo id: 2',1);
INSERT INTO "app001_actividad" VALUES(1061,'2024-05-14 13:28:21.746546','consulta','Directivos',1);
INSERT INTO "app001_actividad" VALUES(1062,'2024-05-14 13:28:22.950007','consulta','Directivos',1);
INSERT INTO "app001_actividad" VALUES(1063,'2024-05-14 13:28:29.613706','consulta','Directivos',1);
INSERT INTO "app001_actividad" VALUES(1064,'2024-05-14 13:29:37.613476','consulta','Directivos',1);
INSERT INTO "app001_actividad" VALUES(1065,'2024-05-14 13:29:49.163086','consulta','Directivos',1);
INSERT INTO "app001_actividad" VALUES(1066,'2024-05-14 13:33:33.902326','consulta','Directivos',1);
INSERT INTO "app001_actividad" VALUES(1067,'2024-05-14 13:35:54.180090','consulta','Netbooks',1);
INSERT INTO "app001_actividad" VALUES(1068,'2024-05-14 13:36:37.477876','consulta','Netbooks',1);
INSERT INTO "app001_actividad" VALUES(1069,'2024-05-14 13:41:11.041773','consulta','Informes',1);
INSERT INTO "app001_actividad" VALUES(1070,'2024-05-14 13:42:03.833709','consulta','Informes',1);
INSERT INTO "app001_actividad" VALUES(1071,'2024-05-14 13:42:08.209462','consulta','Netbooks',1);
INSERT INTO "app001_actividad" VALUES(1072,'2024-05-14 13:43:06.859474','consulta','Escuelas',1);
INSERT INTO "app001_actividad" VALUES(1073,'2024-05-14 13:43:09.867800','consulta','Escuela N° 8',1);
INSERT INTO "app001_actividad" VALUES(1074,'2024-05-14 13:46:06.554327','consulta','Escuela N° 8',1);
INSERT INTO "app001_actividad" VALUES(1075,'2024-05-14 13:46:54.024373','consulta','Escuela N° 8',1);
INSERT INTO "app001_actividad" VALUES(1076,'2024-05-14 13:55:23.381083','consulta','Escuelas',1);
CREATE UNIQUE INDEX "auth_group_permissions_group_id_permission_id_0cd325b0_uniq" ON "auth_group_permissions" ("group_id", "permission_id");
CREATE INDEX IF NOT EXISTS "auth_group_permissions_group_id_b120cbf9" ON "auth_group_permissions" ("group_id");
CREATE INDEX IF NOT EXISTS "auth_group_permissions_permission_id_84c5c92e" ON "auth_group_permissions" ("permission_id");
CREATE UNIQUE INDEX "auth_user_groups_user_id_group_id_94350c0c_uniq" ON "auth_user_groups" ("user_id", "group_id");
CREATE INDEX IF NOT EXISTS "auth_user_groups_user_id_6a12ed8b" ON "auth_user_groups" ("user_id");
CREATE INDEX IF NOT EXISTS "auth_user_groups_group_id_97559544" ON "auth_user_groups" ("group_id");
CREATE UNIQUE INDEX "auth_user_user_permissions_user_id_permission_id_14a6b632_uniq" ON "auth_user_user_permissions" ("user_id", "permission_id");
CREATE INDEX IF NOT EXISTS "auth_user_user_permissions_user_id_a95ead1b" ON "auth_user_user_permissions" ("user_id");
CREATE INDEX IF NOT EXISTS "auth_user_user_permissions_permission_id_1fbb5f2c" ON "auth_user_user_permissions" ("permission_id");
CREATE INDEX IF NOT EXISTS "django_admin_log_content_type_id_c4bce8eb" ON "django_admin_log" ("content_type_id");
CREATE INDEX IF NOT EXISTS "django_admin_log_user_id_c564eba6" ON "django_admin_log" ("user_id");
CREATE INDEX IF NOT EXISTS "app001_actividad_autor_id_c30a0f48" ON "app001_actividad" ("autor_id");
CREATE UNIQUE INDEX "django_content_type_app_label_model_76bd3d3b_uniq" ON "django_content_type" ("app_label", "model");
CREATE UNIQUE INDEX "auth_permission_content_type_id_codename_01ab375a_uniq" ON "auth_permission" ("content_type_id", "codename");
CREATE INDEX IF NOT EXISTS "auth_permission_content_type_id_2f476e4b" ON "auth_permission" ("content_type_id");
CREATE INDEX IF NOT EXISTS "django_session_expire_date_a5c62663" ON "django_session" ("expire_date");
CREATE INDEX IF NOT EXISTS "app001_escuela_referente_id_f4579d25" ON "app001_escuela" ("referente_id");
CREATE INDEX IF NOT EXISTS "app001_directivo_escuela_id_8730a379" ON "app001_directivo" ("escuela_id");
CREATE INDEX IF NOT EXISTS "app002_netbook_escuela_id_2289ab8c" ON "app002_netbook" ("escuela_id");
CREATE INDEX IF NOT EXISTS "app002_directivo_escuela_id_9b14ae41" ON "app002_directivo" ("escuela_id");
CREATE INDEX IF NOT EXISTS "app001_netbook_escuela_id_04ca6ef1" ON "app001_netbook" ("escuela_id");
CREATE INDEX IF NOT EXISTS "app001_informe_autor_id_1b992dce" ON "app001_informe" ("autor_id");
CREATE INDEX IF NOT EXISTS "app001_informe_escuela_id_03023463" ON "app001_informe" ("escuela_id");
CREATE TABLE IF NOT EXISTS "app001_directivo" ("id" integer NOT NULL PRIMARY KEY AUTOINCREMENT, "nombre" varchar(100) NOT NULL, "apellido" varchar(100) NOT NULL, "dni" varchar(100) NOT NULL, "telefono" varchar(100) NOT NULL, "email" varchar(254) NOT NULL, "escuela_id" bigint NOT NULL REFERENCES "app001_escuela" ("id") DEFERRABLE INITIALLY DEFERRED);
INSERT INTO "app001_directivo" VALUES(2,'Gladis','Sanchez','','3764502867','',2);
INSERT INTO "app001_directivo" VALUES(3,'Laura','sanchez','','3764662195','',3);
INSERT INTO "app001_directivo" VALUES(4,'Alicia','Wrobel','','3764312344','',4);
INSERT INTO "app001_directivo" VALUES(5,'Laura','Olego','','3764531667','',5);
INSERT INTO "app001_directivo" VALUES(6,'Elva','Florez','','3764722005','elvaflorezmar@yahoo.com.ar',6);
INSERT INTO "app001_directivo" VALUES(7,'Maria','Arias','','3764290450','',7);
CREATE UNIQUE INDEX "auth_group_permissions_group_id_permission_id_0cd325b0_uniq" ON "auth_group_permissions" ("group_id", "permission_id");
CREATE INDEX IF NOT EXISTS "auth_group_permissions_group_id_b120cbf9" ON "auth_group_permissions" ("group_id");
CREATE INDEX IF NOT EXISTS "auth_group_permissions_permission_id_84c5c92e" ON "auth_group_permissions" ("permission_id");
CREATE UNIQUE INDEX "auth_user_groups_user_id_group_id_94350c0c_uniq" ON "auth_user_groups" ("user_id", "group_id");
CREATE INDEX IF NOT EXISTS "auth_user_groups_user_id_6a12ed8b" ON "auth_user_groups" ("user_id");
CREATE INDEX IF NOT EXISTS "auth_user_groups_group_id_97559544" ON "auth_user_groups" ("group_id");
CREATE UNIQUE INDEX "auth_user_user_permissions_user_id_permission_id_14a6b632_uniq" ON "auth_user_user_permissions" ("user_id", "permission_id");
CREATE INDEX IF NOT EXISTS "auth_user_user_permissions_user_id_a95ead1b" ON "auth_user_user_permissions" ("user_id");
CREATE INDEX IF NOT EXISTS "auth_user_user_permissions_permission_id_1fbb5f2c" ON "auth_user_user_permissions" ("permission_id");
CREATE INDEX IF NOT EXISTS "django_admin_log_content_type_id_c4bce8eb" ON "django_admin_log" ("content_type_id");
CREATE INDEX IF NOT EXISTS "django_admin_log_user_id_c564eba6" ON "django_admin_log" ("user_id");
CREATE INDEX IF NOT EXISTS "app001_actividad_autor_id_c30a0f48" ON "app001_actividad" ("autor_id");
CREATE UNIQUE INDEX "django_content_type_app_label_model_76bd3d3b_uniq" ON "django_content_type" ("app_label", "model");
CREATE UNIQUE INDEX "auth_permission_content_type_id_codename_01ab375a_uniq" ON "auth_permission" ("content_type_id", "codename");
CREATE INDEX IF NOT EXISTS "auth_permission_content_type_id_2f476e4b" ON "auth_permission" ("content_type_id");
CREATE INDEX IF NOT EXISTS "django_session_expire_date_a5c62663" ON "django_session" ("expire_date");
CREATE INDEX IF NOT EXISTS "app001_escuela_referente_id_f4579d25" ON "app001_escuela" ("referente_id");
CREATE INDEX IF NOT EXISTS "app001_directivo_escuela_id_8730a379" ON "app001_directivo" ("escuela_id");
CREATE INDEX IF NOT EXISTS "app002_netbook_escuela_id_2289ab8c" ON "app002_netbook" ("escuela_id");
CREATE INDEX IF NOT EXISTS "app002_directivo_escuela_id_9b14ae41" ON "app002_directivo" ("escuela_id");
CREATE INDEX IF NOT EXISTS "app001_netbook_escuela_id_04ca6ef1" ON "app001_netbook" ("escuela_id");
CREATE INDEX IF NOT EXISTS "app001_informe_autor_id_1b992dce" ON "app001_informe" ("autor_id");
CREATE INDEX IF NOT EXISTS "app001_informe_escuela_id_03023463" ON "app001_informe" ("escuela_id");
CREATE TABLE IF NOT EXISTS "app001_escuela" ("id" integer NOT NULL PRIMARY KEY AUTOINCREMENT, "nombre" varchar(200) NOT NULL, "cue" integer NOT NULL, "cuise" integer NOT NULL, "direccion" varchar(200) NOT NULL, "localidad" varchar(200) NOT NULL, "detalle" text NOT NULL, "referente_id" integer NOT NULL REFERENCES "auth_user" ("id") DEFERRABLE INITIALLY DEFERRED, "departamento" varchar(200) NOT NULL);
INSERT INTO "app001_escuela" VALUES(2,'SAN FRANCISCO DE ASIS',540180800,934,'Calle 230 y Calle 77b - Bº Nestor Kichner - Próximo/detrás del Autódromo','Posadas','',1,'Posadas');
INSERT INTO "app001_escuela" VALUES(3,'Juan Pablo II',540163200,912,'Calle 79 Y Calle 182 - Barrio Smatta','Posadas','',1,'Capital');
INSERT INTO "app001_escuela" VALUES(4,'Madre Teresa de Calcuta',540147600,893,'Avenida 192 S/N entre Calle 81C y Calle 81B - Barrio San Isidro','Posadas','',1,'Capital');
INSERT INTO "app001_escuela" VALUES(5,'Manuel Belgrano',540064500,8,'Bartolomé Mitre Nº 1047- Barrio 2 Febrero - Mza 107','Candelaria','',1,'Candelaria');
INSERT INTO "app001_escuela" VALUES(6,'General Artigas',540177700,930,'Tuti Róttoli entre Nº 1802 y 1900 y Alberto Bonín','garupá','',1,'garupá');
INSERT INTO "app001_escuela" VALUES(7,'Moises Bertoni',540007300,166,'Paraje La Fortaleza Cerro Santa Ana','Santa Ana','',1,'Santa Ana');
CREATE UNIQUE INDEX "auth_group_permissions_group_id_permission_id_0cd325b0_uniq" ON "auth_group_permissions" ("group_id", "permission_id");
CREATE INDEX IF NOT EXISTS "auth_group_permissions_group_id_b120cbf9" ON "auth_group_permissions" ("group_id");
CREATE INDEX IF NOT EXISTS "auth_group_permissions_permission_id_84c5c92e" ON "auth_group_permissions" ("permission_id");
CREATE UNIQUE INDEX "auth_user_groups_user_id_group_id_94350c0c_uniq" ON "auth_user_groups" ("user_id", "group_id");
CREATE INDEX IF NOT EXISTS "auth_user_groups_user_id_6a12ed8b" ON "auth_user_groups" ("user_id");
CREATE INDEX IF NOT EXISTS "auth_user_groups_group_id_97559544" ON "auth_user_groups" ("group_id");
CREATE UNIQUE INDEX "auth_user_user_permissions_user_id_permission_id_14a6b632_uniq" ON "auth_user_user_permissions" ("user_id", "permission_id");
CREATE INDEX IF NOT EXISTS "auth_user_user_permissions_user_id_a95ead1b" ON "auth_user_user_permissions" ("user_id");
CREATE INDEX IF NOT EXISTS "auth_user_user_permissions_permission_id_1fbb5f2c" ON "auth_user_user_permissions" ("permission_id");
CREATE INDEX IF NOT EXISTS "django_admin_log_content_type_id_c4bce8eb" ON "django_admin_log" ("content_type_id");
CREATE INDEX IF NOT EXISTS "django_admin_log_user_id_c564eba6" ON "django_admin_log" ("user_id");
CREATE INDEX IF NOT EXISTS "app001_actividad_autor_id_c30a0f48" ON "app001_actividad" ("autor_id");
CREATE UNIQUE INDEX "django_content_type_app_label_model_76bd3d3b_uniq" ON "django_content_type" ("app_label", "model");
CREATE UNIQUE INDEX "auth_permission_content_type_id_codename_01ab375a_uniq" ON "auth_permission" ("content_type_id", "codename");
CREATE INDEX IF NOT EXISTS "auth_permission_content_type_id_2f476e4b" ON "auth_permission" ("content_type_id");
CREATE INDEX IF NOT EXISTS "django_session_expire_date_a5c62663" ON "django_session" ("expire_date");
CREATE INDEX IF NOT EXISTS "app001_escuela_referente_id_f4579d25" ON "app001_escuela" ("referente_id");
CREATE INDEX IF NOT EXISTS "app001_directivo_escuela_id_8730a379" ON "app001_directivo" ("escuela_id");
CREATE INDEX IF NOT EXISTS "app002_netbook_escuela_id_2289ab8c" ON "app002_netbook" ("escuela_id");
CREATE INDEX IF NOT EXISTS "app002_directivo_escuela_id_9b14ae41" ON "app002_directivo" ("escuela_id");
CREATE INDEX IF NOT EXISTS "app001_netbook_escuela_id_04ca6ef1" ON "app001_netbook" ("escuela_id");
CREATE INDEX IF NOT EXISTS "app001_informe_autor_id_1b992dce" ON "app001_informe" ("autor_id");
CREATE INDEX IF NOT EXISTS "app001_informe_escuela_id_03023463" ON "app001_informe" ("escuela_id");
CREATE TABLE IF NOT EXISTS "app001_informe" ("id" integer NOT NULL PRIMARY KEY AUTOINCREMENT, "fecha" datetime NOT NULL, "detalle" text NOT NULL, "autor_id" integer NOT NULL REFERENCES "auth_user" ("id") DEFERRABLE INITIALLY DEFERRED, "escuela_id" bigint NOT NULL REFERENCES "app001_escuela" ("id") DEFERRABLE INITIALLY DEFERRED, "estado" varchar(100) NOT NULL, "imagen1" varchar(100) NOT NULL, "imagen2" varchar(100) NOT NULL, "imagen3" varchar(100) NOT NULL);
CREATE UNIQUE INDEX "auth_group_permissions_group_id_permission_id_0cd325b0_uniq" ON "auth_group_permissions" ("group_id", "permission_id");
CREATE INDEX IF NOT EXISTS "auth_group_permissions_group_id_b120cbf9" ON "auth_group_permissions" ("group_id");
CREATE INDEX IF NOT EXISTS "auth_group_permissions_permission_id_84c5c92e" ON "auth_group_permissions" ("permission_id");
CREATE UNIQUE INDEX "auth_user_groups_user_id_group_id_94350c0c_uniq" ON "auth_user_groups" ("user_id", "group_id");
CREATE INDEX IF NOT EXISTS "auth_user_groups_user_id_6a12ed8b" ON "auth_user_groups" ("user_id");
CREATE INDEX IF NOT EXISTS "auth_user_groups_group_id_97559544" ON "auth_user_groups" ("group_id");
CREATE UNIQUE INDEX "auth_user_user_permissions_user_id_permission_id_14a6b632_uniq" ON "auth_user_user_permissions" ("user_id", "permission_id");
CREATE INDEX IF NOT EXISTS "auth_user_user_permissions_user_id_a95ead1b" ON "auth_user_user_permissions" ("user_id");
CREATE INDEX IF NOT EXISTS "auth_user_user_permissions_permission_id_1fbb5f2c" ON "auth_user_user_permissions" ("permission_id");
CREATE INDEX IF NOT EXISTS "django_admin_log_content_type_id_c4bce8eb" ON "django_admin_log" ("content_type_id");
CREATE INDEX IF NOT EXISTS "django_admin_log_user_id_c564eba6" ON "django_admin_log" ("user_id");
CREATE INDEX IF NOT EXISTS "app001_actividad_autor_id_c30a0f48" ON "app001_actividad" ("autor_id");
CREATE UNIQUE INDEX "django_content_type_app_label_model_76bd3d3b_uniq" ON "django_content_type" ("app_label", "model");
CREATE UNIQUE INDEX "auth_permission_content_type_id_codename_01ab375a_uniq" ON "auth_permission" ("content_type_id", "codename");
CREATE INDEX IF NOT EXISTS "auth_permission_content_type_id_2f476e4b" ON "auth_permission" ("content_type_id");
CREATE INDEX IF NOT EXISTS "django_session_expire_date_a5c62663" ON "django_session" ("expire_date");
CREATE INDEX IF NOT EXISTS "app001_escuela_referente_id_f4579d25" ON "app001_escuela" ("referente_id");
CREATE INDEX IF NOT EXISTS "app001_directivo_escuela_id_8730a379" ON "app001_directivo" ("escuela_id");
CREATE INDEX IF NOT EXISTS "app002_netbook_escuela_id_2289ab8c" ON "app002_netbook" ("escuela_id");
CREATE INDEX IF NOT EXISTS "app002_directivo_escuela_id_9b14ae41" ON "app002_directivo" ("escuela_id");
CREATE INDEX IF NOT EXISTS "app001_netbook_escuela_id_04ca6ef1" ON "app001_netbook" ("escuela_id");
CREATE INDEX IF NOT EXISTS "app001_informe_autor_id_1b992dce" ON "app001_informe" ("autor_id");
CREATE INDEX IF NOT EXISTS "app001_informe_escuela_id_03023463" ON "app001_informe" ("escuela_id");
CREATE TABLE IF NOT EXISTS "app001_netbook" ("id" integer NOT NULL PRIMARY KEY AUTOINCREMENT, "identificador" integer NOT NULL, "serie" varchar(50) NOT NULL, "marca" varchar(50) NOT NULL, "imagen_win" varchar(50) NOT NULL, "modelo" varchar(50) NOT NULL, "estado_pila" varchar(20) NOT NULL, "arranques" integer NOT NULL, "fecha_expiracion" date NULL, "sn" varchar(30) NOT NULL, "hid" varchar(20) NOT NULL, "boottick" varchar(10) NOT NULL, "estado_disco" varchar(20) NOT NULL, "detalle" text NOT NULL, "imagen1" varchar(100) NOT NULL, "escuela_id" bigint NOT NULL REFERENCES "app001_escuela" ("id") DEFERRABLE INITIALLY DEFERRED, "estado" varchar(30) NOT NULL);
INSERT INTO "app001_netbook" VALUES(31,1,'EDU8414048','Coradir','','CDR Class g6','agotada',0,'2022-07-06','8D0E3CF8B25ECED0E300','F44D30F06089','7','sin flashear','lorem ipsum','',2,'bloqueada');
INSERT INTO "app001_netbook" VALUES(32,2,'EDU8412887','Coradir','','CDR Class g6','agotada',25000,'2022-07-06','','','','sin flashear','','',2,'ok');
INSERT INTO "app001_netbook" VALUES(33,3,'EDU8414181','Coradir','','CDR Class g6','agotada',0,'2022-07-06','','','','sin flashear','','',2,'ok');
INSERT INTO "app001_netbook" VALUES(34,4,'EDU8413702','Coradir','','CDR Class g6','agotada',0,'2022-07-06','06C1C25299AF2734AA92','F0038CBE9045','3','sin flashear','','',2,'pendiente migracion');
INSERT INTO "app001_netbook" VALUES(35,5,'EDU8414393','Coradir','','CDR Class g6','agotada',0,'2022-07-06','06C1C25299AF2734AA92','F44D30F00B05','4','sin flashear','','',2,'pendiente migracion');
INSERT INTO "app001_netbook" VALUES(36,6,'EDU8414309','Coradir','','CDR Class g6','agotada',0,'2022-07-06','06C1C25299AF2734AA92','F44D30F05D57','3','sin flashear','','',2,'pendiente migracion');
INSERT INTO "app001_netbook" VALUES(37,7,'EDU8401836','Coradir','','CDR Class g6','agotada',0,'2022-07-06','06C1C25299AF2734AA92','F44D30F04E4B','4','sin flashear','','',2,'pendiente migracion');
INSERT INTO "app001_netbook" VALUES(38,8,'EDU8414397','Coradir','','CDR Class g6','agotada',0,'2022-07-06','','','','sin flashear','','',2,'ok');
INSERT INTO "app001_netbook" VALUES(39,9,'EDU8414106','Coradir','','CDR Class g6','agotada',0,'2022-07-06','','','','sin flashear','','',2,'ok');
INSERT INTO "app001_netbook" VALUES(40,10,'EDU8414107','Coradir','','CDR Class g6','agotada',0,'2022-07-06','','','','sin flashear','','',2,'ok');
INSERT INTO "app001_netbook" VALUES(41,11,'EDU8414113','Coradir','','CDR Class g6','agotada',0,'2022-07-06','8D0E3CF8B25ECED0E300','F44D30F060C8','6','sin flashear','','',2,'bloqueada');
INSERT INTO "app001_netbook" VALUES(42,12,'EDU8401987','Coradir','','CDR Class g6','agotada',0,'2022-07-06','','','','sin flashear','','',2,'ok');
INSERT INTO "app001_netbook" VALUES(43,13,'EDU8414103','Coradir','','CDR Class g6','agotada',0,'2022-07-06','06C1C25299AF2734AA92','F44D30F00116','4','sin flashear','','',2,'pendiente migracion');
INSERT INTO "app001_netbook" VALUES(44,14,'EDU8414062','Coradir','','CDR Class g6','agotada',0,'2022-07-06','06C1C25299AF2734AA92','F44D30F02813','3','sin flashear','','',2,'pendiente migracion');
INSERT INTO "app001_netbook" VALUES(45,15,'EDU8414381','Coradir','','CDR Class g6','agotada',0,'2022-07-06','','','','sin flashear','','',2,'ok');
INSERT INTO "app001_netbook" VALUES(46,16,'EDU8414142','Coradir','','CDR Class g6','agotada',0,'2022-07-06','06C1C25299AF2734AA92','F44D30F0528B','5','sin flashear','','',2,'pendiente migracion');
INSERT INTO "app001_netbook" VALUES(47,17,'EDU8401824','Coradir','','CDR Class g6','agotada',0,'2022-07-06','06C1C25299AF2734AA92','F44D30F07B59','3','sin flashear','','',2,'pendiente migracion');
INSERT INTO "app001_netbook" VALUES(48,18,'EDU8401966','Coradir','','CDR Class g6','agotada',0,'2022-07-06','8D0E3CF8B25ECED0E300','F44D30F06241','7','sin flashear','','',2,'bloqueada');
INSERT INTO "app001_netbook" VALUES(49,19,'19-934','','','','agotada',0,'2022-07-06','','','','sin flashear','','',2,'robada');
INSERT INTO "app001_netbook" VALUES(50,20,'EDU8414173','Coradir','','CDR Class g6','agotada',0,'2022-07-06','','','','sin flashear','','',2,'ok');
INSERT INTO "app001_netbook" VALUES(51,21,'EDU8413627','Coradir','','CDR Class g6','agotada',0,'2022-07-06','06C1C25299AF2734AA92','F44D30F0786F','3','sin flashear','','',2,'pendiente migracion');
INSERT INTO "app001_netbook" VALUES(52,22,'22-934','','','','agotada',0,'2022-07-06','','','','sin flashear','','',2,'robada');
INSERT INTO "app001_netbook" VALUES(53,23,'23-934','','','','agotada',0,'2022-07-06','','','','sin flashear','','',2,'robada');
INSERT INTO "app001_netbook" VALUES(54,24,'24-934','','','','agotada',0,'2022-07-06','','','','sin flashear','','',2,'robada');
INSERT INTO "app001_netbook" VALUES(55,25,'EDU8414327','Coradir','','CDR Class g6','agotada',0,'2022-07-06','06C1C25299AF2734AA92','F44D30F07326','3','sin flashear','','',2,'pendiente migracion');
INSERT INTO "app001_netbook" VALUES(56,26,'EDU8414336','Coradir','','CDR Class g6','agotada',0,'2022-07-06','06C1C25299AF2734AA92','F44D30F07334','3','sin flashear','','',2,'pendiente migracion');
INSERT INTO "app001_netbook" VALUES(57,27,'EDU8414105','Coradir','','CDR Class g6','agotada',0,'2022-07-06','','','','sin flashear','','',2,'ok');
INSERT INTO "app001_netbook" VALUES(58,28,'EDU8412849','Coradir','','CDR Class g6','agotada',0,'2022-07-06','06C1C25299AF2734AA92','F44D30F06718','4','sin flashear','','',2,'pendiente migracion');
INSERT INTO "app001_netbook" VALUES(59,29,'EDU8414098','Coradir','','CDR Class g6','agotada',0,'2022-07-06','06C1C25299AF2734AA92','F44D30F02814','2','sin flashear','','',2,'pendiente migracion');
INSERT INTO "app001_netbook" VALUES(60,30,'EDU8414294','Coradir','','CDR Class g6','agotada',0,'2022-07-06','','','','sin flashear','','',2,'ok');
INSERT INTO "app001_netbook" VALUES(61,1,'1-912','','','','agotada',0,'2024-03-20','','','','sin flashear','','',3,'pendiente de revision');
INSERT INTO "app001_netbook" VALUES(62,2,'2-912','','','','agotada',0,'2024-03-20','','','','sin flashear','','',3,'pendiente de revision');
INSERT INTO "app001_netbook" VALUES(63,3,'3-912','','','','agotada',0,'2024-03-20','','','','sin flashear','','',3,'pendiente de revision');
INSERT INTO "app001_netbook" VALUES(64,4,'4-912','','','','agotada',0,'2024-03-20','','','','sin flashear','','',3,'pendiente de revision');
INSERT INTO "app001_netbook" VALUES(65,5,'5-912','','','','agotada',0,'2024-03-20','','','','sin flashear','','',3,'pendiente de revision');
INSERT INTO "app001_netbook" VALUES(66,6,'6-912','','','','agotada',0,'2024-03-20','','','','sin flashear','','',3,'pendiente de revision');
INSERT INTO "app001_netbook" VALUES(67,7,'7-912','','','','agotada',0,'2024-03-20','','','','sin flashear','','',3,'pendiente de revision');
INSERT INTO "app001_netbook" VALUES(68,8,'8-912','','','','agotada',0,'2024-03-20','','','','sin flashear','','',3,'pendiente de revision');
INSERT INTO "app001_netbook" VALUES(69,9,'9-912','','','','agotada',0,'2024-03-20','','','','sin flashear','','',3,'pendiente de revision');
INSERT INTO "app001_netbook" VALUES(70,10,'10-912','','','','agotada',0,'2024-03-20','','','','sin flashear','','',3,'pendiente de revision');
INSERT INTO "app001_netbook" VALUES(71,11,'11-912','','','','agotada',0,'2024-03-20','','','','sin flashear','','',3,'pendiente de revision');
INSERT INTO "app001_netbook" VALUES(72,12,'12-912','','','','agotada',0,'2024-03-20','','','','sin flashear','','',3,'pendiente de revision');
INSERT INTO "app001_netbook" VALUES(73,13,'13-912','','','','agotada',0,'2024-03-20','','','','sin flashear','','',3,'pendiente de revision');
INSERT INTO "app001_netbook" VALUES(74,14,'14-912','','','','agotada',0,'2024-03-20','','','','sin flashear','','',3,'pendiente de revision');
INSERT INTO "app001_netbook" VALUES(75,15,'15-912','','','','agotada',0,'2024-03-20','','','','sin flashear','','',3,'pendiente de revision');
INSERT INTO "app001_netbook" VALUES(76,16,'16-912','','','','agotada',0,'2024-03-20','','','','sin flashear','','',3,'pendiente de revision');
INSERT INTO "app001_netbook" VALUES(77,17,'17-912','','','','agotada',0,'2024-03-20','','','','sin flashear','','',3,'pendiente de revision');
INSERT INTO "app001_netbook" VALUES(78,18,'18-912','','','','agotada',0,'2024-03-20','','','','sin flashear','','',3,'pendiente de revision');
INSERT INTO "app001_netbook" VALUES(79,19,'19-912','','','','agotada',0,'2024-03-20','','','','sin flashear','','',3,'pendiente de revision');
INSERT INTO "app001_netbook" VALUES(80,20,'20-912','','','','agotada',0,'2024-03-20','','','','sin flashear','','',3,'pendiente de revision');
INSERT INTO "app001_netbook" VALUES(81,21,'21-912','','','','agotada',0,'2024-03-20','','','','sin flashear','','',3,'pendiente de revision');
INSERT INTO "app001_netbook" VALUES(82,22,'22-912','','','','agotada',0,'2024-03-20','','','','sin flashear','','',3,'pendiente de revision');
INSERT INTO "app001_netbook" VALUES(83,23,'23-912','','','','agotada',0,'2024-03-20','','','','sin flashear','','',3,'pendiente de revision');
INSERT INTO "app001_netbook" VALUES(84,24,'24-912','','','','agotada',0,'2024-03-20','','','','sin flashear','','',3,'pendiente de revision');
INSERT INTO "app001_netbook" VALUES(85,25,'25-912','','','','agotada',0,'2024-03-20','','','','sin flashear','','',3,'pendiente de revision');
INSERT INTO "app001_netbook" VALUES(86,26,'26-912','','','','agotada',0,'2024-03-20','','','','sin flashear','','',3,'pendiente de revision');
INSERT INTO "app001_netbook" VALUES(87,27,'27-912','','','','agotada',0,'2024-03-20','','','','sin flashear','','',3,'pendiente de revision');
INSERT INTO "app001_netbook" VALUES(88,28,'28-912','','','','agotada',0,'2024-03-20','','','','sin flashear','','',3,'pendiente de revision');
INSERT INTO "app001_netbook" VALUES(89,29,'29-912','','','','agotada',0,'2024-03-20','','','','sin flashear','','',3,'pendiente de revision');
INSERT INTO "app001_netbook" VALUES(90,30,'30-912','','','','agotada',0,'2024-03-20','','','','sin flashear','','',3,'pendiente de revision');
INSERT INTO "app001_netbook" VALUES(91,1,'1-893','coradir','05-04-2024','CDR Class','agotada',0,'2024-04-05','','','','flasheado','','',4,'ok');
INSERT INTO "app001_netbook" VALUES(92,2,'2-893','coradir','05-04-2024','CDR Class','agotada',0,'2024-04-05','','','','flasheado','','',4,'no funciona');
INSERT INTO "app001_netbook" VALUES(93,3,'3-893','coradir','05-04-2024','CDR Class','agotada',0,'2024-04-05','','','','flasheado','','',4,'ok');
INSERT INTO "app001_netbook" VALUES(94,4,'4-893','Coradir','05-04-2024','CDR Class','agotada',0,'2024-04-05','','','','flasheado','','',4,'ok');
INSERT INTO "app001_netbook" VALUES(95,5,'5-893','coradir','05-04-2024','CDR Class','agotada',0,'2024-04-05','','','','flasheado','NO ENCIENDE','',4,'no funciona');
INSERT INTO "app001_netbook" VALUES(96,6,'6-893','coradir','05-04-2024','CDR Class','agotada',0,'2024-04-05','','','','flasheado','no pasa de la pantalla de inicio','',4,'no funciona');
INSERT INTO "app001_netbook" VALUES(97,7,'7-893','coradir','05-04-2024','CDR Class','agotada',0,'2024-04-05','','','','flasheado','','',4,'no funciona');
INSERT INTO "app001_netbook" VALUES(98,8,'8-893','coradir','05-04-2024','CDR Class','agotada',0,'2024-04-05','','','','flasheado','','',4,'ok');
INSERT INTO "app001_netbook" VALUES(99,9,'9-893','coradir','05-04-2024','CDR Class','agotada',0,'2024-04-05','','','','flasheado','','',4,'ok');
INSERT INTO "app001_netbook" VALUES(100,10,'10-893','coradir','05-04-2024','CDR Class','agotada',0,'2024-04-05','','','','flasheado','','',4,'ok');
INSERT INTO "app001_netbook" VALUES(101,11,'11-893','coradir','05-04-2024','CDR Class','agotada',0,'2024-04-05','','','','flasheado','','',4,'ok');
INSERT INTO "app001_netbook" VALUES(102,12,'12-893','coradir','05-04-2024','CDR Class','agotada',0,'2024-04-05','','','','flasheado','','',4,'no funciona');
INSERT INTO "app001_netbook" VALUES(103,13,'13-893','coradir','05-04-2024','CDR Class','agotada',0,'2024-04-05','','','','sin flashear','','',4,'ok');
INSERT INTO "app001_netbook" VALUES(104,14,'14-893','coradir','05-04-2024','CDR Class','agotada',0,'2024-04-05','','','','flasheado','','',4,'ok');
INSERT INTO "app001_netbook" VALUES(105,15,'15-893','coradir','05-04-2024','CDR Class','agotada',0,'2024-04-05','','','','flasheado','','',4,'no funciona');
INSERT INTO "app001_netbook" VALUES(106,16,'16-893','coradir','05-04-2024','CDR Class','agotada',0,'2024-04-05','','','','sin flashear','se la llevó un alumno, hasta el dia 05-04-2024 no la devolvió.','',4,'robada');
INSERT INTO "app001_netbook" VALUES(107,17,'17-893','coradir','05-04-2024','CDR Class','agotada',0,'2024-04-05','8D0E3CF8B25ECED0E300','6C71D90157D5','81','flasheado','','',4,'bloqueada');
INSERT INTO "app001_netbook" VALUES(108,18,'18-893','coradir','original','CDR Class','agotada',0,'2024-04-05','','','','sin flashear','','',4,'ok');
INSERT INTO "app001_netbook" VALUES(109,19,'19-893','coradir','05-04-2024','CDR Class','agotada',0,'2024-04-05','','','','flasheado','','',4,'ok');
INSERT INTO "app001_netbook" VALUES(110,20,'20-893','coradir','original','CDR Class','agotada',0,'2024-04-05','','','','sin flashear','','',4,'ok');
INSERT INTO "app001_netbook" VALUES(111,21,'21-893','coradir','original','CDR Class','agotada',0,'2024-04-05','','','','sin flashear','','',4,'ok');
INSERT INTO "app001_netbook" VALUES(112,22,'22-893','coradir','05-04-2024','CDR Class','agotada',0,'2024-04-05','','','','flasheado','se apaga a los pococ segundos de prenderla.','',4,'no funciona');
INSERT INTO "app001_netbook" VALUES(113,23,'23-893','coradir','05-04-2024','CDR Class','agotada',0,'2024-04-05','','','','flasheado','','',4,'ok');
INSERT INTO "app001_netbook" VALUES(114,24,'24-893','coradir','05-04-2024','CDR Class','agotada',0,'2024-04-05','8D0E3CF8B25ECED0E300','6C71D901585A','63','flasheado','','',4,'bloqueada');
INSERT INTO "app001_netbook" VALUES(115,25,'25-893','coradir','05-04-2024','CDR Class','agotada',0,'2024-04-05','','','','flasheado','','',4,'ok');
INSERT INTO "app001_netbook" VALUES(116,26,'26-893','coradir','05-04-2024','CDR Class','agotada',0,'2024-04-05','','','','flasheado','no prende','',4,'no funciona');
INSERT INTO "app001_netbook" VALUES(117,27,'27-893','coradir','05-04-2024','CDR Class','agotada',0,'2024-04-05','','','','flasheado','no prende','',4,'no funciona');
INSERT INTO "app001_netbook" VALUES(118,28,'28-893','coradir','05-04-2024','CDR Class','agotada',0,'2024-04-05','','','','flasheado','no enciende','',4,'no funciona');
INSERT INTO "app001_netbook" VALUES(119,29,'29-893','coradir','05-04-2024','CDR Class','agotada',0,'2024-04-05','','','','flasheado','no enciende','',4,'no funciona');
INSERT INTO "app001_netbook" VALUES(120,30,'30-893','coradir','05-04-2024','CDR Class','agotada',0,'2024-04-05','','','','flasheado','no enciende','',4,'no funciona');
INSERT INTO "app001_netbook" VALUES(121,1,'EDU8048428','coradir','original','CDR Class','ok',0,'2024-04-09','','','','sin flashear','','',5,'ok');
INSERT INTO "app001_netbook" VALUES(122,2,'EDU8048415','coradir','original','CDR Class','agotada',0,'2024-04-09','','','','sin flashear','','',5,'ok');
INSERT INTO "app001_netbook" VALUES(123,3,'EDU8037205','coradir','original','CDR Class','agotada',0,'2024-04-09','','','','sin flashear','','',5,'ok');
INSERT INTO "app001_netbook" VALUES(124,4,'EDU8048422','coradir','original','CDR Class','agotada',0,'2024-04-09','','','','sin flashear','','',5,'ok');
INSERT INTO "app001_netbook" VALUES(125,5,'EDU8048455','coradir','original','CDR Class','agotada',0,'2024-04-09','','','','sin flashear','','',5,'ok');
INSERT INTO "app001_netbook" VALUES(126,6,'EDU8048299','coradir','original','CDR Class','agotada',0,'2024-04-09','','','','sin flashear','','',5,'ok');
INSERT INTO "app001_netbook" VALUES(127,7,'EDU8048462','coradir','original','CDR Class','agotada',0,'2024-04-09','','','','sin flashear','','',5,'ok');
INSERT INTO "app001_netbook" VALUES(128,8,'EDU8048449','coradir','original','CDR Class','agotada',0,'2024-04-09','','','','sin flashear','no funciona la tecla direccional arriba.','',5,'ok');
INSERT INTO "app001_netbook" VALUES(129,9,'EDU8048427','coradir','original','CDR Class','agotada',0,'2024-04-09','','','','sin flashear','','',5,'ok');
INSERT INTO "app001_netbook" VALUES(130,10,'EDU8048314','coradir','original','CDR Class','agotada',0,'2024-04-09','','','','sin flashear','','',5,'ok');
INSERT INTO "app001_netbook" VALUES(131,11,'EDU8048456','coradir','original','CDR Class','agotada',0,'2024-04-09','','','','sin flashear','','',5,'ok');
INSERT INTO "app001_netbook" VALUES(132,12,'EDU8048307','coradir','original','CDR Class','agotada',0,'2024-04-09','','','','sin flashear','','',5,'ok');
INSERT INTO "app001_netbook" VALUES(133,13,'EDU8048420','coradir','original','CDR Class','agotada',0,'2024-04-09','','','','sin flashear','','',5,'ok');
INSERT INTO "app001_netbook" VALUES(134,14,'EDU8048292','coradir','original','CDR Class','agotada',0,'2024-04-09','','','','sin flashear','','',5,'ok');
INSERT INTO "app001_netbook" VALUES(135,15,'EDU8048421','coradir','original','CDR Class','agotada',0,'2024-04-09','','','','sin flashear','','',5,'ok');
INSERT INTO "app001_netbook" VALUES(136,16,'EDU8048414','coradir','original','CDR Class','agotada',0,'2024-04-09','','','','sin flashear','','',5,'ok');
INSERT INTO "app001_netbook" VALUES(137,17,'EDU8048293','coradir','original','CDR Class','agotada',0,'2024-04-09','','','','sin flashear','','',5,'ok');
INSERT INTO "app001_netbook" VALUES(138,18,'EDU8048328','coradir','original','CDR Class','agotada',0,'2024-04-09','','','','sin flashear','','',5,'ok');
INSERT INTO "app001_netbook" VALUES(139,19,'EDU8048463','coradir','original','CDR Class','agotada',0,'2024-04-09','','','','sin flashear','','',5,'ok');
INSERT INTO "app001_netbook" VALUES(140,20,'EDU8048448','coradir','original','CDR Class','agotada',0,'2024-04-09','','','','sin flashear','','',5,'ok');
INSERT INTO "app001_netbook" VALUES(141,21,'EDU8048435','coradir','original','CDR Class','agotada',0,'2024-04-09','','','','sin flashear','','',5,'ok');
INSERT INTO "app001_netbook" VALUES(142,22,'EDU8048442','coradir','original','CDR Class','agotada',0,'2024-04-09','','','','sin flashear','','',5,'ok');
INSERT INTO "app001_netbook" VALUES(143,23,'EDU8048407','coradir','original','CDR Class','agotada',0,'2024-04-09','','','','sin flashear','','',5,'ok');
INSERT INTO "app001_netbook" VALUES(144,24,'EDU8048285','coradir','original','CDR Class','agotada',0,'2024-04-09','','','','sin flashear','','',5,'ok');
INSERT INTO "app001_netbook" VALUES(145,25,'EDU8048441','coradir','original','CDR Class','agotada',0,'2024-04-09','','','','sin flashear','','',5,'ok');
INSERT INTO "app001_netbook" VALUES(146,26,'EDU8048300','coradir','original','CDR Class','agotada',0,'2024-04-09','','','','sin flashear','','',5,'ok');
INSERT INTO "app001_netbook" VALUES(147,27,'EDU8048413','coradir','original','CDR Class','agotada',0,'2024-04-09','','','','sin flashear','','',5,'ok');
INSERT INTO "app001_netbook" VALUES(148,28,'EDU8048434','coradir','original','CDR Class','agotada',0,'2024-04-09','','','','sin flashear','','',5,'ok');
INSERT INTO "app001_netbook" VALUES(149,29,'EDU8048321','coradir','original','CDR Class','agotada',0,'2024-04-09','','','','sin flashear','','',5,'ok');
INSERT INTO "app001_netbook" VALUES(150,30,'EDU8048286','coradir','original','CDR Class','agotada',0,'2024-04-09','','','','sin flashear','','',5,'ok');
INSERT INTO "app001_netbook" VALUES(151,1,'EDU8401957','coradir','original','CDR Class G6','agotada',0,'2024-04-23','','','','sin flashear','','',6,'ok');
INSERT INTO "app001_netbook" VALUES(152,2,'2-930','coradir','original','CDR Class G6','agotada',0,'2024-04-23','','','','sin flashear','','',6,'robada');
INSERT INTO "app001_netbook" VALUES(153,3,'3-930','coradir','original','CDR Class G6','agotada',0,'2024-04-23','','','','sin flashear','','',6,'robada');
INSERT INTO "app001_netbook" VALUES(154,4,'4-930','coradir','original','CDR Class G6','agotada',0,'2024-04-23','','','','sin flashear','','',6,'robada');
INSERT INTO "app001_netbook" VALUES(155,5,'5-930','coradir','original','CDR Class G6','agotada',0,'2024-04-23','','','','sin flashear','','',6,'robada');
INSERT INTO "app001_netbook" VALUES(156,6,'6-930','coradir','original','CDR Class G6','agotada',0,'2024-04-23','','','','sin flashear','','',6,'robada');
INSERT INTO "app001_netbook" VALUES(157,7,'EDU8401964','coradir','original','CDR Class G6','agotada',0,'2024-04-23','','','','sin flashear','','',6,'ok');
INSERT INTO "app001_netbook" VALUES(158,8,'EDU8401994','coradir','original','CDR Class G6','agotada',0,'2024-04-23','','','','sin flashear','','',6,'ok');
INSERT INTO "app001_netbook" VALUES(159,9,'EDU8414398','coradir','original','CDR Class G6','agotada',0,'2024-04-23','','','','sin flashear','','',6,'ok');
INSERT INTO "app001_netbook" VALUES(160,10,'EDU8410831','coradir','original','CDR Class G6','agotada',0,'2024-04-23','','','','sin flashear','','',6,'ok');
INSERT INTO "app001_netbook" VALUES(161,11,'EDU8410812','coradir','original','CDR Class G6','agotada',0,'2024-04-23','','','','sin flashear','','',6,'ok');
INSERT INTO "app001_netbook" VALUES(162,12,'CDREDS1718008777','coradir','original','CDR Class G6','agotada',0,'2024-04-23','','','','sin flashear','','',6,'ok');
INSERT INTO "app001_netbook" VALUES(163,13,'EDU8408076','coradir','original','CDR Class G6','agotada',0,'2024-04-23','','','','sin flashear','','',6,'ok');
INSERT INTO "app001_netbook" VALUES(164,14,'EDU8401972','coradir','original','CDR Class G6','agotada',0,'2024-04-23','','','','sin flashear','','',6,'ok');
INSERT INTO "app001_netbook" VALUES(165,15,'EDU8407997','coradir','original','CDR Class G6','agotada',0,'2024-04-23','','','','sin flashear','','',6,'ok');
INSERT INTO "app001_netbook" VALUES(166,16,'EDU8408289','coradir','original','CDR Class G6','agotada',0,'2024-04-23','','','','sin flashear','','',6,'ok');
INSERT INTO "app001_netbook" VALUES(167,17,'EDU8401817','coradir','original','CDR Class G6','agotada',0,'2024-04-23','','','','sin flashear','','',6,'ok');
INSERT INTO "app001_netbook" VALUES(168,18,'EDU8413614','coradir','original','CDR Class G6','agotada',0,'2024-04-23','','','','sin flashear','','',6,'ok');
INSERT INTO "app001_netbook" VALUES(169,19,'EDU8413630','coradir','original','CDR Class G6','agotada',0,'2024-04-23','','','','sin flashear','','',6,'ok');
INSERT INTO "app001_netbook" VALUES(170,20,'EDU8401996','coradir','original','CDR Class G6','agotada',0,'2024-04-23','','','','sin flashear','','',6,'ok');
INSERT INTO "app001_netbook" VALUES(171,21,'EDU8414402','coradir','original','CDR Class G6','agotada',0,'2024-04-23','','','','sin flashear','','',6,'ok');
INSERT INTO "app001_netbook" VALUES(172,22,'EDU8421394','coradir','original','CDR Class G6','agotada',0,'2024-04-23','','','','sin flashear','','',6,'ok');
INSERT INTO "app001_netbook" VALUES(173,23,'CDREDS1718019700','coradir','original','CDR Class G6','agotada',0,'2024-04-23','','','','sin flashear','','',6,'ok');
INSERT INTO "app001_netbook" VALUES(174,24,'EDU8408004','coradir','original','CDR Class G6','agotada',0,'2024-04-23','','','','sin flashear','','',6,'ok');
INSERT INTO "app001_netbook" VALUES(175,25,'EDU8401805','coradir','original','CDR Class G6','agotada',0,'2024-04-23','','','','sin flashear','','',6,'ok');
INSERT INTO "app001_netbook" VALUES(176,26,'EDU8401978','coradir','original','CDR Class G6','agotada',0,'2024-04-23','','','','sin flashear','','',6,'ok');
INSERT INTO "app001_netbook" VALUES(177,27,'EDU8401976','coradir','original','CDR Class G6','agotada',0,'2024-04-23','','','','sin flashear','imagen de disco','',6,'no funciona');
INSERT INTO "app001_netbook" VALUES(178,28,'EDU8413570','coradir','original','CDR Class G6','agotada',0,'2024-04-23','','','','sin flashear','','',6,'ok');
INSERT INTO "app001_netbook" VALUES(179,29,'29-930','coradir','original','CDR Class G6','agotada',0,'2024-04-23','','','','sin flashear','','',6,'robada');
INSERT INTO "app001_netbook" VALUES(180,30,'30-930','coradir','original','CDR Class G6','agotada',0,'2024-04-23','','','','sin flashear','','',6,'robada');
INSERT INTO "app001_netbook" VALUES(181,1,'EDU8356098','coradir','original','CDR Class','cambiada',0,'2024-04-25','8D0E3CF8B25ECED0E300','80A589223A27','A','sin flashear','','',7,'bloqueada');
INSERT INTO "app001_netbook" VALUES(182,2,'EDU8356086','coradir','original','CDR Class','cambiada',0,'2024-04-25','8D0E3CF8B25ECED0E300','80A5892241C3','C','sin flashear','','',7,'bloqueada');
INSERT INTO "app001_netbook" VALUES(183,3,'3-166','','','','agotada',0,'2024-04-25','','','','sin flashear','','',7,'robada');
INSERT INTO "app001_netbook" VALUES(184,4,'4-166','','','','agotada',0,'2024-04-25','','','','sin flashear','','',7,'robada');
INSERT INTO "app001_netbook" VALUES(185,5,'EDU8356067','coradir','original','CDR Class','cambiada',0,'2024-04-25','','','','sin flashear','no enciende','',7,'no funciona');
INSERT INTO "app001_netbook" VALUES(186,6,'EDU8340611','coradir','original','CDR Class','cambiada',0,'2024-04-25','','','','sin flashear','no enciende','',7,'no funciona');
INSERT INTO "app001_netbook" VALUES(187,7,'EDU8356728','coradir','original','CDR Class','cambiada',0,'2024-04-25','8D0E3CF8B25ECED0E300','80A589223DA5','9','sin flashear','','',7,'bloqueada');
INSERT INTO "app001_netbook" VALUES(188,8,'8-166','','','','agotada',0,'2024-04-25','','','','sin flashear','','',7,'robada');
INSERT INTO "app001_netbook" VALUES(189,9,'EDU8356727','coradir','original','CDR Class','cambiada',0,'2024-04-25','8D0E3CF8B25ECED0E300','80A589222449','C','sin flashear','','',7,'bloqueada');
INSERT INTO "app001_netbook" VALUES(190,10,'10-166','','','','agotada',0,'2024-04-25','','','','sin flashear','','',7,'robada');
INSERT INTO "app001_netbook" VALUES(191,11,'11-166','','','','agotada',0,'2024-04-25','','','','sin flashear','','',7,'robada');
INSERT INTO "app001_netbook" VALUES(192,12,'12-166','','','','agotada',0,'2024-04-25','','','','sin flashear','','',7,'pendiente de revision');
INSERT INTO "app001_netbook" VALUES(193,13,'13-166','','','','agotada',0,'2024-04-25','','','','sin flashear','','',7,'pendiente de revision');
INSERT INTO "app001_netbook" VALUES(194,14,'14-166','','','','agotada',0,'2024-04-25','','','','sin flashear','','',7,'robada');
INSERT INTO "app001_netbook" VALUES(195,15,'15-166','','','','agotada',0,'2024-04-25','','','','sin flashear','','',7,'pendiente de revision');
INSERT INTO "app001_netbook" VALUES(196,16,'16-166','','','','agotada',0,'2024-04-25','','','','sin flashear','','',7,'robada');
INSERT INTO "app001_netbook" VALUES(197,17,'17-166','','','','agotada',0,'2024-04-25','','','','sin flashear','','',7,'pendiente de revision');
INSERT INTO "app001_netbook" VALUES(198,18,'18-166','','','','agotada',0,'2024-04-25','','','','sin flashear','','',7,'pendiente de revision');
INSERT INTO "app001_netbook" VALUES(199,19,'19-166','','','','agotada',0,'2024-04-25','','','','sin flashear','','',7,'robada');
INSERT INTO "app001_netbook" VALUES(200,20,'20-166','','','','agotada',0,'2024-04-25','','','','sin flashear','','',7,'pendiente de revision');
INSERT INTO "app001_netbook" VALUES(201,21,'21-166','','','','agotada',0,'2024-04-25','','','','sin flashear','','',7,'robada');
INSERT INTO "app001_netbook" VALUES(202,22,'22-166','','','','agotada',0,'2024-04-25','','','','sin flashear','','',7,'robada');
INSERT INTO "app001_netbook" VALUES(203,23,'23-166','','','','agotada',0,'2024-04-25','','','','sin flashear','','',7,'robada');
INSERT INTO "app001_netbook" VALUES(204,24,'24-166','','','','agotada',0,'2024-04-25','','','','sin flashear','','',7,'robada');
INSERT INTO "app001_netbook" VALUES(205,25,'25-166','','','','agotada',0,'2024-04-25','','','','sin flashear','','',7,'robada');
INSERT INTO "app001_netbook" VALUES(206,26,'26-166','','','','agotada',0,'2024-04-25','','','','sin flashear','','',7,'robada');
INSERT INTO "app001_netbook" VALUES(207,27,'27-166','','','','agotada',0,'2024-04-25','','','','sin flashear','','',7,'robada');
INSERT INTO "app001_netbook" VALUES(208,28,'28-166','','','','agotada',0,'2024-04-25','','','','sin flashear','','',7,'robada');
INSERT INTO "app001_netbook" VALUES(209,29,'29-166','','','','agotada',0,'2024-04-25','','','','sin flashear','','',7,'robada');
INSERT INTO "app001_netbook" VALUES(210,30,'30-166','','','','agotada',0,'2024-04-25','','','','sin flashear','','',7,'robada');
CREATE UNIQUE INDEX "auth_group_permissions_group_id_permission_id_0cd325b0_uniq" ON "auth_group_permissions" ("group_id", "permission_id");
CREATE INDEX IF NOT EXISTS "auth_group_permissions_group_id_b120cbf9" ON "auth_group_permissions" ("group_id");
CREATE INDEX IF NOT EXISTS "auth_group_permissions_permission_id_84c5c92e" ON "auth_group_permissions" ("permission_id");
CREATE UNIQUE INDEX "auth_user_groups_user_id_group_id_94350c0c_uniq" ON "auth_user_groups" ("user_id", "group_id");
CREATE INDEX IF NOT EXISTS "auth_user_groups_user_id_6a12ed8b" ON "auth_user_groups" ("user_id");
CREATE INDEX IF NOT EXISTS "auth_user_groups_group_id_97559544" ON "auth_user_groups" ("group_id");
CREATE UNIQUE INDEX "auth_user_user_permissions_user_id_permission_id_14a6b632_uniq" ON "auth_user_user_permissions" ("user_id", "permission_id");
CREATE INDEX IF NOT EXISTS "auth_user_user_permissions_user_id_a95ead1b" ON "auth_user_user_permissions" ("user_id");
CREATE INDEX IF NOT EXISTS "auth_user_user_permissions_permission_id_1fbb5f2c" ON "auth_user_user_permissions" ("permission_id");
CREATE INDEX IF NOT EXISTS "django_admin_log_content_type_id_c4bce8eb" ON "django_admin_log" ("content_type_id");
CREATE INDEX IF NOT EXISTS "django_admin_log_user_id_c564eba6" ON "django_admin_log" ("user_id");
CREATE INDEX IF NOT EXISTS "app001_actividad_autor_id_c30a0f48" ON "app001_actividad" ("autor_id");
CREATE UNIQUE INDEX "django_content_type_app_label_model_76bd3d3b_uniq" ON "django_content_type" ("app_label", "model");
CREATE UNIQUE INDEX "auth_permission_content_type_id_codename_01ab375a_uniq" ON "auth_permission" ("content_type_id", "codename");
CREATE INDEX IF NOT EXISTS "auth_permission_content_type_id_2f476e4b" ON "auth_permission" ("content_type_id");
CREATE INDEX IF NOT EXISTS "django_session_expire_date_a5c62663" ON "django_session" ("expire_date");
CREATE INDEX IF NOT EXISTS "app001_escuela_referente_id_f4579d25" ON "app001_escuela" ("referente_id");
CREATE INDEX IF NOT EXISTS "app001_directivo_escuela_id_8730a379" ON "app001_directivo" ("escuela_id");
CREATE INDEX IF NOT EXISTS "app002_netbook_escuela_id_2289ab8c" ON "app002_netbook" ("escuela_id");
CREATE INDEX IF NOT EXISTS "app002_directivo_escuela_id_9b14ae41" ON "app002_directivo" ("escuela_id");
CREATE INDEX IF NOT EXISTS "app001_netbook_escuela_id_04ca6ef1" ON "app001_netbook" ("escuela_id");
CREATE INDEX IF NOT EXISTS "app001_informe_autor_id_1b992dce" ON "app001_informe" ("autor_id");
CREATE INDEX IF NOT EXISTS "app001_informe_escuela_id_03023463" ON "app001_informe" ("escuela_id");
CREATE TABLE IF NOT EXISTS "app002_directivo" ("id" integer NOT NULL PRIMARY KEY AUTOINCREMENT, "nombre" varchar(100) NOT NULL, "apellido" varchar(100) NOT NULL, "dni" varchar(100) NOT NULL, "telefono" varchar(100) NOT NULL, "email" varchar(254) NOT NULL, "escuela_id" bigint NOT NULL REFERENCES "app002_escuela" ("id") DEFERRABLE INITIALLY DEFERRED);
CREATE UNIQUE INDEX "auth_group_permissions_group_id_permission_id_0cd325b0_uniq" ON "auth_group_permissions" ("group_id", "permission_id");
CREATE INDEX IF NOT EXISTS "auth_group_permissions_group_id_b120cbf9" ON "auth_group_permissions" ("group_id");
CREATE INDEX IF NOT EXISTS "auth_group_permissions_permission_id_84c5c92e" ON "auth_group_permissions" ("permission_id");
CREATE UNIQUE INDEX "auth_user_groups_user_id_group_id_94350c0c_uniq" ON "auth_user_groups" ("user_id", "group_id");
CREATE INDEX IF NOT EXISTS "auth_user_groups_user_id_6a12ed8b" ON "auth_user_groups" ("user_id");
CREATE INDEX IF NOT EXISTS "auth_user_groups_group_id_97559544" ON "auth_user_groups" ("group_id");
CREATE UNIQUE INDEX "auth_user_user_permissions_user_id_permission_id_14a6b632_uniq" ON "auth_user_user_permissions" ("user_id", "permission_id");
CREATE INDEX IF NOT EXISTS "auth_user_user_permissions_user_id_a95ead1b" ON "auth_user_user_permissions" ("user_id");
CREATE INDEX IF NOT EXISTS "auth_user_user_permissions_permission_id_1fbb5f2c" ON "auth_user_user_permissions" ("permission_id");
CREATE INDEX IF NOT EXISTS "django_admin_log_content_type_id_c4bce8eb" ON "django_admin_log" ("content_type_id");
CREATE INDEX IF NOT EXISTS "django_admin_log_user_id_c564eba6" ON "django_admin_log" ("user_id");
CREATE INDEX IF NOT EXISTS "app001_actividad_autor_id_c30a0f48" ON "app001_actividad" ("autor_id");
CREATE UNIQUE INDEX "django_content_type_app_label_model_76bd3d3b_uniq" ON "django_content_type" ("app_label", "model");
CREATE UNIQUE INDEX "auth_permission_content_type_id_codename_01ab375a_uniq" ON "auth_permission" ("content_type_id", "codename");
CREATE INDEX IF NOT EXISTS "auth_permission_content_type_id_2f476e4b" ON "auth_permission" ("content_type_id");
CREATE INDEX IF NOT EXISTS "django_session_expire_date_a5c62663" ON "django_session" ("expire_date");
CREATE INDEX IF NOT EXISTS "app001_escuela_referente_id_f4579d25" ON "app001_escuela" ("referente_id");
CREATE INDEX IF NOT EXISTS "app001_directivo_escuela_id_8730a379" ON "app001_directivo" ("escuela_id");
CREATE INDEX IF NOT EXISTS "app002_netbook_escuela_id_2289ab8c" ON "app002_netbook" ("escuela_id");
CREATE INDEX IF NOT EXISTS "app002_directivo_escuela_id_9b14ae41" ON "app002_directivo" ("escuela_id");
CREATE INDEX IF NOT EXISTS "app001_netbook_escuela_id_04ca6ef1" ON "app001_netbook" ("escuela_id");
CREATE INDEX IF NOT EXISTS "app001_informe_autor_id_1b992dce" ON "app001_informe" ("autor_id");
CREATE INDEX IF NOT EXISTS "app001_informe_escuela_id_03023463" ON "app001_informe" ("escuela_id");
CREATE TABLE IF NOT EXISTS "app002_escuela" ("id" integer NOT NULL PRIMARY KEY AUTOINCREMENT, "nombre" varchar(200) NOT NULL, "cue" integer NOT NULL, "cuise" integer NOT NULL, "direccion" varchar(200) NOT NULL, "localidad" varchar(200) NOT NULL, "departamento" varchar(200) NOT NULL, "detalle" text NOT NULL);
CREATE UNIQUE INDEX "auth_group_permissions_group_id_permission_id_0cd325b0_uniq" ON "auth_group_permissions" ("group_id", "permission_id");
CREATE INDEX IF NOT EXISTS "auth_group_permissions_group_id_b120cbf9" ON "auth_group_permissions" ("group_id");
CREATE INDEX IF NOT EXISTS "auth_group_permissions_permission_id_84c5c92e" ON "auth_group_permissions" ("permission_id");
CREATE UNIQUE INDEX "auth_user_groups_user_id_group_id_94350c0c_uniq" ON "auth_user_groups" ("user_id", "group_id");
CREATE INDEX IF NOT EXISTS "auth_user_groups_user_id_6a12ed8b" ON "auth_user_groups" ("user_id");
CREATE INDEX IF NOT EXISTS "auth_user_groups_group_id_97559544" ON "auth_user_groups" ("group_id");
CREATE UNIQUE INDEX "auth_user_user_permissions_user_id_permission_id_14a6b632_uniq" ON "auth_user_user_permissions" ("user_id", "permission_id");
CREATE INDEX IF NOT EXISTS "auth_user_user_permissions_user_id_a95ead1b" ON "auth_user_user_permissions" ("user_id");
CREATE INDEX IF NOT EXISTS "auth_user_user_permissions_permission_id_1fbb5f2c" ON "auth_user_user_permissions" ("permission_id");
CREATE INDEX IF NOT EXISTS "django_admin_log_content_type_id_c4bce8eb" ON "django_admin_log" ("content_type_id");
CREATE INDEX IF NOT EXISTS "django_admin_log_user_id_c564eba6" ON "django_admin_log" ("user_id");
CREATE INDEX IF NOT EXISTS "app001_actividad_autor_id_c30a0f48" ON "app001_actividad" ("autor_id");
CREATE UNIQUE INDEX "django_content_type_app_label_model_76bd3d3b_uniq" ON "django_content_type" ("app_label", "model");
CREATE UNIQUE INDEX "auth_permission_content_type_id_codename_01ab375a_uniq" ON "auth_permission" ("content_type_id", "codename");
CREATE INDEX IF NOT EXISTS "auth_permission_content_type_id_2f476e4b" ON "auth_permission" ("content_type_id");
CREATE INDEX IF NOT EXISTS "django_session_expire_date_a5c62663" ON "django_session" ("expire_date");
CREATE INDEX IF NOT EXISTS "app001_escuela_referente_id_f4579d25" ON "app001_escuela" ("referente_id");
CREATE INDEX IF NOT EXISTS "app001_directivo_escuela_id_8730a379" ON "app001_directivo" ("escuela_id");
CREATE INDEX IF NOT EXISTS "app002_netbook_escuela_id_2289ab8c" ON "app002_netbook" ("escuela_id");
CREATE INDEX IF NOT EXISTS "app002_directivo_escuela_id_9b14ae41" ON "app002_directivo" ("escuela_id");
CREATE INDEX IF NOT EXISTS "app001_netbook_escuela_id_04ca6ef1" ON "app001_netbook" ("escuela_id");
CREATE INDEX IF NOT EXISTS "app001_informe_autor_id_1b992dce" ON "app001_informe" ("autor_id");
CREATE INDEX IF NOT EXISTS "app001_informe_escuela_id_03023463" ON "app001_informe" ("escuela_id");
CREATE TABLE IF NOT EXISTS "app002_netbook" ("id" integer NOT NULL PRIMARY KEY AUTOINCREMENT, "identificador" integer NOT NULL, "serie" varchar(50) NOT NULL, "marca" varchar(50) NOT NULL, "imagen_win" varchar(50) NOT NULL, "modelo" varchar(50) NOT NULL, "estado_pila" varchar(20) NOT NULL, "arranques" integer NOT NULL, "fecha_expiracion" date NULL, "sn" varchar(30) NOT NULL, "hid" varchar(20) NOT NULL, "boottick" varchar(10) NOT NULL, "estado_disco" varchar(20) NOT NULL, "estado" varchar(30) NOT NULL, "detalle" text NOT NULL, "imagen1" varchar(100) NOT NULL, "escuela_id" bigint NOT NULL REFERENCES "app002_escuela" ("id") DEFERRABLE INITIALLY DEFERRED);
CREATE UNIQUE INDEX "auth_group_permissions_group_id_permission_id_0cd325b0_uniq" ON "auth_group_permissions" ("group_id", "permission_id");
CREATE INDEX IF NOT EXISTS "auth_group_permissions_group_id_b120cbf9" ON "auth_group_permissions" ("group_id");
CREATE INDEX IF NOT EXISTS "auth_group_permissions_permission_id_84c5c92e" ON "auth_group_permissions" ("permission_id");
CREATE UNIQUE INDEX "auth_user_groups_user_id_group_id_94350c0c_uniq" ON "auth_user_groups" ("user_id", "group_id");
CREATE INDEX IF NOT EXISTS "auth_user_groups_user_id_6a12ed8b" ON "auth_user_groups" ("user_id");
CREATE INDEX IF NOT EXISTS "auth_user_groups_group_id_97559544" ON "auth_user_groups" ("group_id");
CREATE UNIQUE INDEX "auth_user_user_permissions_user_id_permission_id_14a6b632_uniq" ON "auth_user_user_permissions" ("user_id", "permission_id");
CREATE INDEX IF NOT EXISTS "auth_user_user_permissions_user_id_a95ead1b" ON "auth_user_user_permissions" ("user_id");
CREATE INDEX IF NOT EXISTS "auth_user_user_permissions_permission_id_1fbb5f2c" ON "auth_user_user_permissions" ("permission_id");
CREATE INDEX IF NOT EXISTS "django_admin_log_content_type_id_c4bce8eb" ON "django_admin_log" ("content_type_id");
CREATE INDEX IF NOT EXISTS "django_admin_log_user_id_c564eba6" ON "django_admin_log" ("user_id");
CREATE INDEX IF NOT EXISTS "app001_actividad_autor_id_c30a0f48" ON "app001_actividad" ("autor_id");
CREATE UNIQUE INDEX "django_content_type_app_label_model_76bd3d3b_uniq" ON "django_content_type" ("app_label", "model");
CREATE UNIQUE INDEX "auth_permission_content_type_id_codename_01ab375a_uniq" ON "auth_permission" ("content_type_id", "codename");
CREATE INDEX IF NOT EXISTS "auth_permission_content_type_id_2f476e4b" ON "auth_permission" ("content_type_id");
CREATE INDEX IF NOT EXISTS "django_session_expire_date_a5c62663" ON "django_session" ("expire_date");
CREATE INDEX IF NOT EXISTS "app001_escuela_referente_id_f4579d25" ON "app001_escuela" ("referente_id");
CREATE INDEX IF NOT EXISTS "app001_directivo_escuela_id_8730a379" ON "app001_directivo" ("escuela_id");
CREATE INDEX IF NOT EXISTS "app002_netbook_escuela_id_2289ab8c" ON "app002_netbook" ("escuela_id");
CREATE INDEX IF NOT EXISTS "app002_directivo_escuela_id_9b14ae41" ON "app002_directivo" ("escuela_id");
CREATE INDEX IF NOT EXISTS "app001_netbook_escuela_id_04ca6ef1" ON "app001_netbook" ("escuela_id");
CREATE INDEX IF NOT EXISTS "app001_informe_autor_id_1b992dce" ON "app001_informe" ("autor_id");
CREATE INDEX IF NOT EXISTS "app001_informe_escuela_id_03023463" ON "app001_informe" ("escuela_id");
CREATE TABLE IF NOT EXISTS "auth_group" ("id" integer NOT NULL PRIMARY KEY AUTOINCREMENT, "name" varchar(150) NOT NULL UNIQUE);
INSERT INTO "auth_group" VALUES(1,'referentes');
INSERT INTO "auth_group" VALUES(2,'administradores');
CREATE UNIQUE INDEX "auth_group_permissions_group_id_permission_id_0cd325b0_uniq" ON "auth_group_permissions" ("group_id", "permission_id");
CREATE INDEX IF NOT EXISTS "auth_group_permissions_group_id_b120cbf9" ON "auth_group_permissions" ("group_id");
CREATE INDEX IF NOT EXISTS "auth_group_permissions_permission_id_84c5c92e" ON "auth_group_permissions" ("permission_id");
CREATE UNIQUE INDEX "auth_user_groups_user_id_group_id_94350c0c_uniq" ON "auth_user_groups" ("user_id", "group_id");
CREATE INDEX IF NOT EXISTS "auth_user_groups_user_id_6a12ed8b" ON "auth_user_groups" ("user_id");
CREATE INDEX IF NOT EXISTS "auth_user_groups_group_id_97559544" ON "auth_user_groups" ("group_id");
CREATE UNIQUE INDEX "auth_user_user_permissions_user_id_permission_id_14a6b632_uniq" ON "auth_user_user_permissions" ("user_id", "permission_id");
CREATE INDEX IF NOT EXISTS "auth_user_user_permissions_user_id_a95ead1b" ON "auth_user_user_permissions" ("user_id");
CREATE INDEX IF NOT EXISTS "auth_user_user_permissions_permission_id_1fbb5f2c" ON "auth_user_user_permissions" ("permission_id");
CREATE INDEX IF NOT EXISTS "django_admin_log_content_type_id_c4bce8eb" ON "django_admin_log" ("content_type_id");
CREATE INDEX IF NOT EXISTS "django_admin_log_user_id_c564eba6" ON "django_admin_log" ("user_id");
CREATE INDEX IF NOT EXISTS "app001_actividad_autor_id_c30a0f48" ON "app001_actividad" ("autor_id");
CREATE UNIQUE INDEX "django_content_type_app_label_model_76bd3d3b_uniq" ON "django_content_type" ("app_label", "model");
CREATE UNIQUE INDEX "auth_permission_content_type_id_codename_01ab375a_uniq" ON "auth_permission" ("content_type_id", "codename");
CREATE INDEX IF NOT EXISTS "auth_permission_content_type_id_2f476e4b" ON "auth_permission" ("content_type_id");
CREATE INDEX IF NOT EXISTS "django_session_expire_date_a5c62663" ON "django_session" ("expire_date");
CREATE INDEX IF NOT EXISTS "app001_escuela_referente_id_f4579d25" ON "app001_escuela" ("referente_id");
CREATE INDEX IF NOT EXISTS "app001_directivo_escuela_id_8730a379" ON "app001_directivo" ("escuela_id");
CREATE INDEX IF NOT EXISTS "app002_netbook_escuela_id_2289ab8c" ON "app002_netbook" ("escuela_id");
CREATE INDEX IF NOT EXISTS "app002_directivo_escuela_id_9b14ae41" ON "app002_directivo" ("escuela_id");
CREATE INDEX IF NOT EXISTS "app001_netbook_escuela_id_04ca6ef1" ON "app001_netbook" ("escuela_id");
CREATE INDEX IF NOT EXISTS "app001_informe_autor_id_1b992dce" ON "app001_informe" ("autor_id");
CREATE INDEX IF NOT EXISTS "app001_informe_escuela_id_03023463" ON "app001_informe" ("escuela_id");
CREATE TABLE IF NOT EXISTS "auth_group_permissions" ("id" integer NOT NULL PRIMARY KEY AUTOINCREMENT, "group_id" integer NOT NULL REFERENCES "auth_group" ("id") DEFERRABLE INITIALLY DEFERRED, "permission_id" integer NOT NULL REFERENCES "auth_permission" ("id") DEFERRABLE INITIALLY DEFERRED);
INSERT INTO "auth_group_permissions" VALUES(1,1,32);
INSERT INTO "auth_group_permissions" VALUES(2,1,36);
INSERT INTO "auth_group_permissions" VALUES(3,1,37);
INSERT INTO "auth_group_permissions" VALUES(4,1,38);
INSERT INTO "auth_group_permissions" VALUES(5,1,40);
INSERT INTO "auth_group_permissions" VALUES(6,1,41);
INSERT INTO "auth_group_permissions" VALUES(7,1,44);
INSERT INTO "auth_group_permissions" VALUES(8,1,45);
INSERT INTO "auth_group_permissions" VALUES(9,1,48);
INSERT INTO "auth_group_permissions" VALUES(10,1,29);
INSERT INTO "auth_group_permissions" VALUES(11,1,30);
INSERT INTO "auth_group_permissions" VALUES(12,2,32);
INSERT INTO "auth_group_permissions" VALUES(13,2,33);
INSERT INTO "auth_group_permissions" VALUES(14,2,34);
INSERT INTO "auth_group_permissions" VALUES(15,2,35);
INSERT INTO "auth_group_permissions" VALUES(16,2,36);
INSERT INTO "auth_group_permissions" VALUES(17,2,37);
INSERT INTO "auth_group_permissions" VALUES(18,2,38);
INSERT INTO "auth_group_permissions" VALUES(19,2,39);
INSERT INTO "auth_group_permissions" VALUES(20,2,40);
INSERT INTO "auth_group_permissions" VALUES(21,2,41);
INSERT INTO "auth_group_permissions" VALUES(22,2,42);
INSERT INTO "auth_group_permissions" VALUES(23,2,43);
INSERT INTO "auth_group_permissions" VALUES(24,2,44);
INSERT INTO "auth_group_permissions" VALUES(25,2,45);
INSERT INTO "auth_group_permissions" VALUES(26,2,48);
INSERT INTO "auth_group_permissions" VALUES(27,2,29);
INSERT INTO "auth_group_permissions" VALUES(28,2,30);
INSERT INTO "auth_group_permissions" VALUES(29,2,31);
INSERT INTO "auth_group_permissions" VALUES(30,2,9);
INSERT INTO "auth_group_permissions" VALUES(31,2,10);
INSERT INTO "auth_group_permissions" VALUES(32,2,11);
INSERT INTO "auth_group_permissions" VALUES(33,2,12);
INSERT INTO "auth_group_permissions" VALUES(34,2,13);
INSERT INTO "auth_group_permissions" VALUES(35,2,14);
INSERT INTO "auth_group_permissions" VALUES(36,2,15);
INSERT INTO "auth_group_permissions" VALUES(37,2,16);
INSERT INTO "auth_group_permissions" VALUES(38,2,17);
INSERT INTO "auth_group_permissions" VALUES(39,2,18);
INSERT INTO "auth_group_permissions" VALUES(40,2,19);
INSERT INTO "auth_group_permissions" VALUES(41,2,20);
CREATE UNIQUE INDEX "auth_group_permissions_group_id_permission_id_0cd325b0_uniq" ON "auth_group_permissions" ("group_id", "permission_id");
CREATE INDEX IF NOT EXISTS "auth_group_permissions_group_id_b120cbf9" ON "auth_group_permissions" ("group_id");
CREATE INDEX IF NOT EXISTS "auth_group_permissions_permission_id_84c5c92e" ON "auth_group_permissions" ("permission_id");
CREATE UNIQUE INDEX "auth_user_groups_user_id_group_id_94350c0c_uniq" ON "auth_user_groups" ("user_id", "group_id");
CREATE INDEX IF NOT EXISTS "auth_user_groups_user_id_6a12ed8b" ON "auth_user_groups" ("user_id");
CREATE INDEX IF NOT EXISTS "auth_user_groups_group_id_97559544" ON "auth_user_groups" ("group_id");
CREATE UNIQUE INDEX "auth_user_user_permissions_user_id_permission_id_14a6b632_uniq" ON "auth_user_user_permissions" ("user_id", "permission_id");
CREATE INDEX IF NOT EXISTS "auth_user_user_permissions_user_id_a95ead1b" ON "auth_user_user_permissions" ("user_id");
CREATE INDEX IF NOT EXISTS "auth_user_user_permissions_permission_id_1fbb5f2c" ON "auth_user_user_permissions" ("permission_id");
CREATE INDEX IF NOT EXISTS "django_admin_log_content_type_id_c4bce8eb" ON "django_admin_log" ("content_type_id");
CREATE INDEX IF NOT EXISTS "django_admin_log_user_id_c564eba6" ON "django_admin_log" ("user_id");
CREATE INDEX IF NOT EXISTS "app001_actividad_autor_id_c30a0f48" ON "app001_actividad" ("autor_id");
CREATE UNIQUE INDEX "django_content_type_app_label_model_76bd3d3b_uniq" ON "django_content_type" ("app_label", "model");
CREATE UNIQUE INDEX "auth_permission_content_type_id_codename_01ab375a_uniq" ON "auth_permission" ("content_type_id", "codename");
CREATE INDEX IF NOT EXISTS "auth_permission_content_type_id_2f476e4b" ON "auth_permission" ("content_type_id");
CREATE INDEX IF NOT EXISTS "django_session_expire_date_a5c62663" ON "django_session" ("expire_date");
CREATE INDEX IF NOT EXISTS "app001_escuela_referente_id_f4579d25" ON "app001_escuela" ("referente_id");
CREATE INDEX IF NOT EXISTS "app001_directivo_escuela_id_8730a379" ON "app001_directivo" ("escuela_id");
CREATE INDEX IF NOT EXISTS "app002_netbook_escuela_id_2289ab8c" ON "app002_netbook" ("escuela_id");
CREATE INDEX IF NOT EXISTS "app002_directivo_escuela_id_9b14ae41" ON "app002_directivo" ("escuela_id");
CREATE INDEX IF NOT EXISTS "app001_netbook_escuela_id_04ca6ef1" ON "app001_netbook" ("escuela_id");
CREATE INDEX IF NOT EXISTS "app001_informe_autor_id_1b992dce" ON "app001_informe" ("autor_id");
CREATE INDEX IF NOT EXISTS "app001_informe_escuela_id_03023463" ON "app001_informe" ("escuela_id");
CREATE TABLE IF NOT EXISTS "auth_permission" ("id" integer NOT NULL PRIMARY KEY AUTOINCREMENT, "content_type_id" integer NOT NULL REFERENCES "django_content_type" ("id") DEFERRABLE INITIALLY DEFERRED, "codename" varchar(100) NOT NULL, "name" varchar(255) NOT NULL);
INSERT INTO "auth_permission" VALUES(1,1,'add_theme','Can add Theme');
INSERT INTO "auth_permission" VALUES(2,1,'change_theme','Can change Theme');
INSERT INTO "auth_permission" VALUES(3,1,'delete_theme','Can delete Theme');
INSERT INTO "auth_permission" VALUES(4,1,'view_theme','Can view Theme');
INSERT INTO "auth_permission" VALUES(5,2,'add_logentry','Can add log entry');
INSERT INTO "auth_permission" VALUES(6,2,'change_logentry','Can change log entry');
INSERT INTO "auth_permission" VALUES(7,2,'delete_logentry','Can delete log entry');
INSERT INTO "auth_permission" VALUES(8,2,'view_logentry','Can view log entry');
INSERT INTO "auth_permission" VALUES(9,3,'add_permission','Can add permission');
INSERT INTO "auth_permission" VALUES(10,3,'change_permission','Can change permission');
INSERT INTO "auth_permission" VALUES(11,3,'delete_permission','Can delete permission');
INSERT INTO "auth_permission" VALUES(12,3,'view_permission','Can view permission');
INSERT INTO "auth_permission" VALUES(13,4,'add_group','Can add group');
INSERT INTO "auth_permission" VALUES(14,4,'change_group','Can change group');
INSERT INTO "auth_permission" VALUES(15,4,'delete_group','Can delete group');
INSERT INTO "auth_permission" VALUES(16,4,'view_group','Can view group');
INSERT INTO "auth_permission" VALUES(17,5,'add_user','Can add user');
INSERT INTO "auth_permission" VALUES(18,5,'change_user','Can change user');
INSERT INTO "auth_permission" VALUES(19,5,'delete_user','Can delete user');
INSERT INTO "auth_permission" VALUES(20,5,'view_user','Can view user');
INSERT INTO "auth_permission" VALUES(21,6,'add_contenttype','Can add content type');
INSERT INTO "auth_permission" VALUES(22,6,'change_contenttype','Can change content type');
INSERT INTO "auth_permission" VALUES(23,6,'delete_contenttype','Can delete content type');
INSERT INTO "auth_permission" VALUES(24,6,'view_contenttype','Can view content type');
INSERT INTO "auth_permission" VALUES(25,7,'add_session','Can add session');
INSERT INTO "auth_permission" VALUES(26,7,'change_session','Can change session');
INSERT INTO "auth_permission" VALUES(27,7,'delete_session','Can delete session');
INSERT INTO "auth_permission" VALUES(28,7,'view_session','Can view session');
INSERT INTO "auth_permission" VALUES(29,8,'add_directivo','Can add directivo');
INSERT INTO "auth_permission" VALUES(30,8,'change_directivo','Can change directivo');
INSERT INTO "auth_permission" VALUES(31,8,'delete_directivo','Can delete directivo');
INSERT INTO "auth_permission" VALUES(32,8,'view_directivo','Can view directivo');
INSERT INTO "auth_permission" VALUES(33,9,'add_escuela','Can add escuela');
INSERT INTO "auth_permission" VALUES(34,9,'change_escuela','Can change escuela');
INSERT INTO "auth_permission" VALUES(35,9,'delete_escuela','Can delete escuela');
INSERT INTO "auth_permission" VALUES(36,9,'view_escuela','Can view escuela');
INSERT INTO "auth_permission" VALUES(37,10,'add_netbook','Can add netbook');
INSERT INTO "auth_permission" VALUES(38,10,'change_netbook','Can change netbook');
INSERT INTO "auth_permission" VALUES(39,10,'delete_netbook','Can delete netbook');
INSERT INTO "auth_permission" VALUES(40,10,'view_netbook','Can view netbook');
INSERT INTO "auth_permission" VALUES(41,11,'add_informe','Can add informe');
INSERT INTO "auth_permission" VALUES(42,11,'change_informe','Can change informe');
INSERT INTO "auth_permission" VALUES(43,11,'delete_informe','Can delete informe');
INSERT INTO "auth_permission" VALUES(44,11,'view_informe','Can view informe');
INSERT INTO "auth_permission" VALUES(45,12,'add_actividad','Can add actividad');
INSERT INTO "auth_permission" VALUES(46,12,'change_actividad','Can change actividad');
INSERT INTO "auth_permission" VALUES(47,12,'delete_actividad','Can delete actividad');
INSERT INTO "auth_permission" VALUES(48,12,'view_actividad','Can view actividad');
INSERT INTO "auth_permission" VALUES(49,13,'add_directivo','Can add directivo');
INSERT INTO "auth_permission" VALUES(50,13,'change_directivo','Can change directivo');
INSERT INTO "auth_permission" VALUES(51,13,'delete_directivo','Can delete directivo');
INSERT INTO "auth_permission" VALUES(52,13,'view_directivo','Can view directivo');
INSERT INTO "auth_permission" VALUES(53,14,'add_escuela','Can add escuela');
INSERT INTO "auth_permission" VALUES(54,14,'change_escuela','Can change escuela');
INSERT INTO "auth_permission" VALUES(55,14,'delete_escuela','Can delete escuela');
INSERT INTO "auth_permission" VALUES(56,14,'view_escuela','Can view escuela');
INSERT INTO "auth_permission" VALUES(57,15,'add_netbook','Can add netbook');
INSERT INTO "auth_permission" VALUES(58,15,'change_netbook','Can change netbook');
INSERT INTO "auth_permission" VALUES(59,15,'delete_netbook','Can delete netbook');
INSERT INTO "auth_permission" VALUES(60,15,'view_netbook','Can view netbook');
CREATE UNIQUE INDEX "auth_group_permissions_group_id_permission_id_0cd325b0_uniq" ON "auth_group_permissions" ("group_id", "permission_id");
CREATE INDEX IF NOT EXISTS "auth_group_permissions_group_id_b120cbf9" ON "auth_group_permissions" ("group_id");
CREATE INDEX IF NOT EXISTS "auth_group_permissions_permission_id_84c5c92e" ON "auth_group_permissions" ("permission_id");
CREATE UNIQUE INDEX "auth_user_groups_user_id_group_id_94350c0c_uniq" ON "auth_user_groups" ("user_id", "group_id");
CREATE INDEX IF NOT EXISTS "auth_user_groups_user_id_6a12ed8b" ON "auth_user_groups" ("user_id");
CREATE INDEX IF NOT EXISTS "auth_user_groups_group_id_97559544" ON "auth_user_groups" ("group_id");
CREATE UNIQUE INDEX "auth_user_user_permissions_user_id_permission_id_14a6b632_uniq" ON "auth_user_user_permissions" ("user_id", "permission_id");
CREATE INDEX IF NOT EXISTS "auth_user_user_permissions_user_id_a95ead1b" ON "auth_user_user_permissions" ("user_id");
CREATE INDEX IF NOT EXISTS "auth_user_user_permissions_permission_id_1fbb5f2c" ON "auth_user_user_permissions" ("permission_id");
CREATE INDEX IF NOT EXISTS "django_admin_log_content_type_id_c4bce8eb" ON "django_admin_log" ("content_type_id");
CREATE INDEX IF NOT EXISTS "django_admin_log_user_id_c564eba6" ON "django_admin_log" ("user_id");
CREATE INDEX IF NOT EXISTS "app001_actividad_autor_id_c30a0f48" ON "app001_actividad" ("autor_id");
CREATE UNIQUE INDEX "django_content_type_app_label_model_76bd3d3b_uniq" ON "django_content_type" ("app_label", "model");
CREATE UNIQUE INDEX "auth_permission_content_type_id_codename_01ab375a_uniq" ON "auth_permission" ("content_type_id", "codename");
CREATE INDEX IF NOT EXISTS "auth_permission_content_type_id_2f476e4b" ON "auth_permission" ("content_type_id");
CREATE INDEX IF NOT EXISTS "django_session_expire_date_a5c62663" ON "django_session" ("expire_date");
CREATE INDEX IF NOT EXISTS "app001_escuela_referente_id_f4579d25" ON "app001_escuela" ("referente_id");
CREATE INDEX IF NOT EXISTS "app001_directivo_escuela_id_8730a379" ON "app001_directivo" ("escuela_id");
CREATE INDEX IF NOT EXISTS "app002_netbook_escuela_id_2289ab8c" ON "app002_netbook" ("escuela_id");
CREATE INDEX IF NOT EXISTS "app002_directivo_escuela_id_9b14ae41" ON "app002_directivo" ("escuela_id");
CREATE INDEX IF NOT EXISTS "app001_netbook_escuela_id_04ca6ef1" ON "app001_netbook" ("escuela_id");
CREATE INDEX IF NOT EXISTS "app001_informe_autor_id_1b992dce" ON "app001_informe" ("autor_id");
CREATE INDEX IF NOT EXISTS "app001_informe_escuela_id_03023463" ON "app001_informe" ("escuela_id");
CREATE TABLE IF NOT EXISTS "auth_user" ("id" integer NOT NULL PRIMARY KEY AUTOINCREMENT, "password" varchar(128) NOT NULL, "last_login" datetime NULL, "is_superuser" bool NOT NULL, "username" varchar(150) NOT NULL UNIQUE, "last_name" varchar(150) NOT NULL, "email" varchar(254) NOT NULL, "is_staff" bool NOT NULL, "is_active" bool NOT NULL, "date_joined" datetime NOT NULL, "first_name" varchar(150) NOT NULL);
INSERT INTO "auth_user" VALUES(1,'pbkdf2_sha256$260000$ByjKGrNq3T5JCniDAE4kPI$KhK4DDnE/19TAQ03w98JCOgSW6PPCcRpXU8UulOnP54=','2024-05-14 12:26:43.752431',1,'marcelo','','bruzzone1804@gmail.com',1,1,'2022-06-22 20:40:40.811784','');
INSERT INTO "auth_user" VALUES(2,'pbkdf2_sha256$260000$1F5iBwokx8NArV2dvZW869$Q5mKPeSHktCVC11NplK6HFYlOl2kecVQop59cmT0iFg=','2022-07-13 21:28:38.381740',0,'alonso','','',0,1,'2022-07-13 12:40:29','');
INSERT INTO "auth_user" VALUES(3,'pbkdf2_sha256$260000$jmakEAAEk58FoutVtMMG9t$YqYe4ZLGwB9KKXExjTAKyR7IYtHD5oREjo51rnAyrS8=','2022-07-13 13:31:49.329353',0,'administrador','','',0,1,'2022-07-13 13:31:30','');
CREATE UNIQUE INDEX "auth_group_permissions_group_id_permission_id_0cd325b0_uniq" ON "auth_group_permissions" ("group_id", "permission_id");
CREATE INDEX IF NOT EXISTS "auth_group_permissions_group_id_b120cbf9" ON "auth_group_permissions" ("group_id");
CREATE INDEX IF NOT EXISTS "auth_group_permissions_permission_id_84c5c92e" ON "auth_group_permissions" ("permission_id");
CREATE UNIQUE INDEX "auth_user_groups_user_id_group_id_94350c0c_uniq" ON "auth_user_groups" ("user_id", "group_id");
CREATE INDEX IF NOT EXISTS "auth_user_groups_user_id_6a12ed8b" ON "auth_user_groups" ("user_id");
CREATE INDEX IF NOT EXISTS "auth_user_groups_group_id_97559544" ON "auth_user_groups" ("group_id");
CREATE UNIQUE INDEX "auth_user_user_permissions_user_id_permission_id_14a6b632_uniq" ON "auth_user_user_permissions" ("user_id", "permission_id");
CREATE INDEX IF NOT EXISTS "auth_user_user_permissions_user_id_a95ead1b" ON "auth_user_user_permissions" ("user_id");
CREATE INDEX IF NOT EXISTS "auth_user_user_permissions_permission_id_1fbb5f2c" ON "auth_user_user_permissions" ("permission_id");
CREATE INDEX IF NOT EXISTS "django_admin_log_content_type_id_c4bce8eb" ON "django_admin_log" ("content_type_id");
CREATE INDEX IF NOT EXISTS "django_admin_log_user_id_c564eba6" ON "django_admin_log" ("user_id");
CREATE INDEX IF NOT EXISTS "app001_actividad_autor_id_c30a0f48" ON "app001_actividad" ("autor_id");
CREATE UNIQUE INDEX "django_content_type_app_label_model_76bd3d3b_uniq" ON "django_content_type" ("app_label", "model");
CREATE UNIQUE INDEX "auth_permission_content_type_id_codename_01ab375a_uniq" ON "auth_permission" ("content_type_id", "codename");
CREATE INDEX IF NOT EXISTS "auth_permission_content_type_id_2f476e4b" ON "auth_permission" ("content_type_id");
CREATE INDEX IF NOT EXISTS "django_session_expire_date_a5c62663" ON "django_session" ("expire_date");
CREATE INDEX IF NOT EXISTS "app001_escuela_referente_id_f4579d25" ON "app001_escuela" ("referente_id");
CREATE INDEX IF NOT EXISTS "app001_directivo_escuela_id_8730a379" ON "app001_directivo" ("escuela_id");
CREATE INDEX IF NOT EXISTS "app002_netbook_escuela_id_2289ab8c" ON "app002_netbook" ("escuela_id");
CREATE INDEX IF NOT EXISTS "app002_directivo_escuela_id_9b14ae41" ON "app002_directivo" ("escuela_id");
CREATE INDEX IF NOT EXISTS "app001_netbook_escuela_id_04ca6ef1" ON "app001_netbook" ("escuela_id");
CREATE INDEX IF NOT EXISTS "app001_informe_autor_id_1b992dce" ON "app001_informe" ("autor_id");
CREATE INDEX IF NOT EXISTS "app001_informe_escuela_id_03023463" ON "app001_informe" ("escuela_id");
CREATE TABLE IF NOT EXISTS "auth_user_groups" ("id" integer NOT NULL PRIMARY KEY AUTOINCREMENT, "user_id" integer NOT NULL REFERENCES "auth_user" ("id") DEFERRABLE INITIALLY DEFERRED, "group_id" integer NOT NULL REFERENCES "auth_group" ("id") DEFERRABLE INITIALLY DEFERRED);
INSERT INTO "auth_user_groups" VALUES(1,2,1);
INSERT INTO "auth_user_groups" VALUES(2,3,2);
CREATE UNIQUE INDEX "auth_group_permissions_group_id_permission_id_0cd325b0_uniq" ON "auth_group_permissions" ("group_id", "permission_id");
CREATE INDEX IF NOT EXISTS "auth_group_permissions_group_id_b120cbf9" ON "auth_group_permissions" ("group_id");
CREATE INDEX IF NOT EXISTS "auth_group_permissions_permission_id_84c5c92e" ON "auth_group_permissions" ("permission_id");
CREATE UNIQUE INDEX "auth_user_groups_user_id_group_id_94350c0c_uniq" ON "auth_user_groups" ("user_id", "group_id");
CREATE INDEX IF NOT EXISTS "auth_user_groups_user_id_6a12ed8b" ON "auth_user_groups" ("user_id");
CREATE INDEX IF NOT EXISTS "auth_user_groups_group_id_97559544" ON "auth_user_groups" ("group_id");
CREATE UNIQUE INDEX "auth_user_user_permissions_user_id_permission_id_14a6b632_uniq" ON "auth_user_user_permissions" ("user_id", "permission_id");
CREATE INDEX IF NOT EXISTS "auth_user_user_permissions_user_id_a95ead1b" ON "auth_user_user_permissions" ("user_id");
CREATE INDEX IF NOT EXISTS "auth_user_user_permissions_permission_id_1fbb5f2c" ON "auth_user_user_permissions" ("permission_id");
CREATE INDEX IF NOT EXISTS "django_admin_log_content_type_id_c4bce8eb" ON "django_admin_log" ("content_type_id");
CREATE INDEX IF NOT EXISTS "django_admin_log_user_id_c564eba6" ON "django_admin_log" ("user_id");
CREATE INDEX IF NOT EXISTS "app001_actividad_autor_id_c30a0f48" ON "app001_actividad" ("autor_id");
CREATE UNIQUE INDEX "django_content_type_app_label_model_76bd3d3b_uniq" ON "django_content_type" ("app_label", "model");
CREATE UNIQUE INDEX "auth_permission_content_type_id_codename_01ab375a_uniq" ON "auth_permission" ("content_type_id", "codename");
CREATE INDEX IF NOT EXISTS "auth_permission_content_type_id_2f476e4b" ON "auth_permission" ("content_type_id");
CREATE INDEX IF NOT EXISTS "django_session_expire_date_a5c62663" ON "django_session" ("expire_date");
CREATE INDEX IF NOT EXISTS "app001_escuela_referente_id_f4579d25" ON "app001_escuela" ("referente_id");
CREATE INDEX IF NOT EXISTS "app001_directivo_escuela_id_8730a379" ON "app001_directivo" ("escuela_id");
CREATE INDEX IF NOT EXISTS "app002_netbook_escuela_id_2289ab8c" ON "app002_netbook" ("escuela_id");
CREATE INDEX IF NOT EXISTS "app002_directivo_escuela_id_9b14ae41" ON "app002_directivo" ("escuela_id");
CREATE INDEX IF NOT EXISTS "app001_netbook_escuela_id_04ca6ef1" ON "app001_netbook" ("escuela_id");
CREATE INDEX IF NOT EXISTS "app001_informe_autor_id_1b992dce" ON "app001_informe" ("autor_id");
CREATE INDEX IF NOT EXISTS "app001_informe_escuela_id_03023463" ON "app001_informe" ("escuela_id");
CREATE TABLE IF NOT EXISTS "auth_user_user_permissions" ("id" integer NOT NULL PRIMARY KEY AUTOINCREMENT, "user_id" integer NOT NULL REFERENCES "auth_user" ("id") DEFERRABLE INITIALLY DEFERRED, "permission_id" integer NOT NULL REFERENCES "auth_permission" ("id") DEFERRABLE INITIALLY DEFERRED);
CREATE UNIQUE INDEX "auth_group_permissions_group_id_permission_id_0cd325b0_uniq" ON "auth_group_permissions" ("group_id", "permission_id");
CREATE INDEX IF NOT EXISTS "auth_group_permissions_group_id_b120cbf9" ON "auth_group_permissions" ("group_id");
CREATE INDEX IF NOT EXISTS "auth_group_permissions_permission_id_84c5c92e" ON "auth_group_permissions" ("permission_id");
CREATE UNIQUE INDEX "auth_user_groups_user_id_group_id_94350c0c_uniq" ON "auth_user_groups" ("user_id", "group_id");
CREATE INDEX IF NOT EXISTS "auth_user_groups_user_id_6a12ed8b" ON "auth_user_groups" ("user_id");
CREATE INDEX IF NOT EXISTS "auth_user_groups_group_id_97559544" ON "auth_user_groups" ("group_id");
CREATE UNIQUE INDEX "auth_user_user_permissions_user_id_permission_id_14a6b632_uniq" ON "auth_user_user_permissions" ("user_id", "permission_id");
CREATE INDEX IF NOT EXISTS "auth_user_user_permissions_user_id_a95ead1b" ON "auth_user_user_permissions" ("user_id");
CREATE INDEX IF NOT EXISTS "auth_user_user_permissions_permission_id_1fbb5f2c" ON "auth_user_user_permissions" ("permission_id");
CREATE INDEX IF NOT EXISTS "django_admin_log_content_type_id_c4bce8eb" ON "django_admin_log" ("content_type_id");
CREATE INDEX IF NOT EXISTS "django_admin_log_user_id_c564eba6" ON "django_admin_log" ("user_id");
CREATE INDEX IF NOT EXISTS "app001_actividad_autor_id_c30a0f48" ON "app001_actividad" ("autor_id");
CREATE UNIQUE INDEX "django_content_type_app_label_model_76bd3d3b_uniq" ON "django_content_type" ("app_label", "model");
CREATE UNIQUE INDEX "auth_permission_content_type_id_codename_01ab375a_uniq" ON "auth_permission" ("content_type_id", "codename");
CREATE INDEX IF NOT EXISTS "auth_permission_content_type_id_2f476e4b" ON "auth_permission" ("content_type_id");
CREATE INDEX IF NOT EXISTS "django_session_expire_date_a5c62663" ON "django_session" ("expire_date");
CREATE INDEX IF NOT EXISTS "app001_escuela_referente_id_f4579d25" ON "app001_escuela" ("referente_id");
CREATE INDEX IF NOT EXISTS "app001_directivo_escuela_id_8730a379" ON "app001_directivo" ("escuela_id");
CREATE INDEX IF NOT EXISTS "app002_netbook_escuela_id_2289ab8c" ON "app002_netbook" ("escuela_id");
CREATE INDEX IF NOT EXISTS "app002_directivo_escuela_id_9b14ae41" ON "app002_directivo" ("escuela_id");
CREATE INDEX IF NOT EXISTS "app001_netbook_escuela_id_04ca6ef1" ON "app001_netbook" ("escuela_id");
CREATE INDEX IF NOT EXISTS "app001_informe_autor_id_1b992dce" ON "app001_informe" ("autor_id");
CREATE INDEX IF NOT EXISTS "app001_informe_escuela_id_03023463" ON "app001_informe" ("escuela_id");
CREATE TABLE IF NOT EXISTS "django_admin_log" ("id" integer NOT NULL PRIMARY KEY AUTOINCREMENT, "action_time" datetime NOT NULL, "object_id" text NULL, "object_repr" varchar(200) NOT NULL, "change_message" text NOT NULL, "content_type_id" integer NULL REFERENCES "django_content_type" ("id") DEFERRABLE INITIALLY DEFERRED, "user_id" integer NOT NULL REFERENCES "auth_user" ("id") DEFERRABLE INITIALLY DEFERRED, "action_flag" smallint unsigned NOT NULL CHECK ("action_flag" >= 0));
INSERT INTO "django_admin_log" VALUES(1,'2022-07-13 12:23:20.524289','1','referentes','[{"added": {}}]',4,1,1);
INSERT INTO "django_admin_log" VALUES(2,'2022-07-13 12:24:00.676878','2','administradores','[{"added": {}}]',4,1,1);
INSERT INTO "django_admin_log" VALUES(3,'2022-07-13 12:25:40.176929','2','administradores','[{"changed": {"fields": ["Permissions"]}}]',4,1,2);
INSERT INTO "django_admin_log" VALUES(4,'2022-07-13 12:40:29.681545','2','alonso','[{"added": {}}]',5,1,1);
INSERT INTO "django_admin_log" VALUES(5,'2022-07-13 12:41:23.898829','2','alonso','[{"changed": {"fields": ["Groups"]}}]',5,1,2);
INSERT INTO "django_admin_log" VALUES(6,'2022-07-13 13:31:30.576690','3','administrador','[{"added": {}}]',5,1,1);
INSERT INTO "django_admin_log" VALUES(7,'2022-07-13 13:31:39.206429','3','administrador','[{"changed": {"fields": ["Groups"]}}]',5,1,2);
INSERT INTO "django_admin_log" VALUES(8,'2024-04-05 14:20:38.851493','3','administrador','',5,1,3);
INSERT INTO "django_admin_log" VALUES(9,'2024-04-05 14:20:38.857052','2','alonso','',5,1,3);
CREATE UNIQUE INDEX "auth_group_permissions_group_id_permission_id_0cd325b0_uniq" ON "auth_group_permissions" ("group_id", "permission_id");
CREATE INDEX IF NOT EXISTS "auth_group_permissions_group_id_b120cbf9" ON "auth_group_permissions" ("group_id");
CREATE INDEX IF NOT EXISTS "auth_group_permissions_permission_id_84c5c92e" ON "auth_group_permissions" ("permission_id");
CREATE UNIQUE INDEX "auth_user_groups_user_id_group_id_94350c0c_uniq" ON "auth_user_groups" ("user_id", "group_id");
CREATE INDEX IF NOT EXISTS "auth_user_groups_user_id_6a12ed8b" ON "auth_user_groups" ("user_id");
CREATE INDEX IF NOT EXISTS "auth_user_groups_group_id_97559544" ON "auth_user_groups" ("group_id");
CREATE UNIQUE INDEX "auth_user_user_permissions_user_id_permission_id_14a6b632_uniq" ON "auth_user_user_permissions" ("user_id", "permission_id");
CREATE INDEX IF NOT EXISTS "auth_user_user_permissions_user_id_a95ead1b" ON "auth_user_user_permissions" ("user_id");
CREATE INDEX IF NOT EXISTS "auth_user_user_permissions_permission_id_1fbb5f2c" ON "auth_user_user_permissions" ("permission_id");
CREATE INDEX IF NOT EXISTS "django_admin_log_content_type_id_c4bce8eb" ON "django_admin_log" ("content_type_id");
CREATE INDEX IF NOT EXISTS "django_admin_log_user_id_c564eba6" ON "django_admin_log" ("user_id");
CREATE INDEX IF NOT EXISTS "app001_actividad_autor_id_c30a0f48" ON "app001_actividad" ("autor_id");
CREATE UNIQUE INDEX "django_content_type_app_label_model_76bd3d3b_uniq" ON "django_content_type" ("app_label", "model");
CREATE UNIQUE INDEX "auth_permission_content_type_id_codename_01ab375a_uniq" ON "auth_permission" ("content_type_id", "codename");
CREATE INDEX IF NOT EXISTS "auth_permission_content_type_id_2f476e4b" ON "auth_permission" ("content_type_id");
CREATE INDEX IF NOT EXISTS "django_session_expire_date_a5c62663" ON "django_session" ("expire_date");
CREATE INDEX IF NOT EXISTS "app001_escuela_referente_id_f4579d25" ON "app001_escuela" ("referente_id");
CREATE INDEX IF NOT EXISTS "app001_directivo_escuela_id_8730a379" ON "app001_directivo" ("escuela_id");
CREATE INDEX IF NOT EXISTS "app002_netbook_escuela_id_2289ab8c" ON "app002_netbook" ("escuela_id");
CREATE INDEX IF NOT EXISTS "app002_directivo_escuela_id_9b14ae41" ON "app002_directivo" ("escuela_id");
CREATE INDEX IF NOT EXISTS "app001_netbook_escuela_id_04ca6ef1" ON "app001_netbook" ("escuela_id");
CREATE INDEX IF NOT EXISTS "app001_informe_autor_id_1b992dce" ON "app001_informe" ("autor_id");
CREATE INDEX IF NOT EXISTS "app001_informe_escuela_id_03023463" ON "app001_informe" ("escuela_id");
CREATE TABLE IF NOT EXISTS "django_content_type" ("id" integer NOT NULL PRIMARY KEY AUTOINCREMENT, "app_label" varchar(100) NOT NULL, "model" varchar(100) NOT NULL);
INSERT INTO "django_content_type" VALUES(1,'admin_interface','theme');
INSERT INTO "django_content_type" VALUES(2,'admin','logentry');
INSERT INTO "django_content_type" VALUES(3,'auth','permission');
INSERT INTO "django_content_type" VALUES(4,'auth','group');
INSERT INTO "django_content_type" VALUES(5,'auth','user');
INSERT INTO "django_content_type" VALUES(6,'contenttypes','contenttype');
INSERT INTO "django_content_type" VALUES(7,'sessions','session');
INSERT INTO "django_content_type" VALUES(8,'app001','directivo');
INSERT INTO "django_content_type" VALUES(9,'app001','escuela');
INSERT INTO "django_content_type" VALUES(10,'app001','netbook');
INSERT INTO "django_content_type" VALUES(11,'app001','informe');
INSERT INTO "django_content_type" VALUES(12,'app001','actividad');
INSERT INTO "django_content_type" VALUES(13,'app002','directivo');
INSERT INTO "django_content_type" VALUES(14,'app002','escuela');
INSERT INTO "django_content_type" VALUES(15,'app002','netbook');
CREATE UNIQUE INDEX "auth_group_permissions_group_id_permission_id_0cd325b0_uniq" ON "auth_group_permissions" ("group_id", "permission_id");
CREATE INDEX IF NOT EXISTS "auth_group_permissions_group_id_b120cbf9" ON "auth_group_permissions" ("group_id");
CREATE INDEX IF NOT EXISTS "auth_group_permissions_permission_id_84c5c92e" ON "auth_group_permissions" ("permission_id");
CREATE UNIQUE INDEX "auth_user_groups_user_id_group_id_94350c0c_uniq" ON "auth_user_groups" ("user_id", "group_id");
CREATE INDEX IF NOT EXISTS "auth_user_groups_user_id_6a12ed8b" ON "auth_user_groups" ("user_id");
CREATE INDEX IF NOT EXISTS "auth_user_groups_group_id_97559544" ON "auth_user_groups" ("group_id");
CREATE UNIQUE INDEX "auth_user_user_permissions_user_id_permission_id_14a6b632_uniq" ON "auth_user_user_permissions" ("user_id", "permission_id");
CREATE INDEX IF NOT EXISTS "auth_user_user_permissions_user_id_a95ead1b" ON "auth_user_user_permissions" ("user_id");
CREATE INDEX IF NOT EXISTS "auth_user_user_permissions_permission_id_1fbb5f2c" ON "auth_user_user_permissions" ("permission_id");
CREATE INDEX IF NOT EXISTS "django_admin_log_content_type_id_c4bce8eb" ON "django_admin_log" ("content_type_id");
CREATE INDEX IF NOT EXISTS "django_admin_log_user_id_c564eba6" ON "django_admin_log" ("user_id");
CREATE INDEX IF NOT EXISTS "app001_actividad_autor_id_c30a0f48" ON "app001_actividad" ("autor_id");
CREATE UNIQUE INDEX "django_content_type_app_label_model_76bd3d3b_uniq" ON "django_content_type" ("app_label", "model");
CREATE UNIQUE INDEX "auth_permission_content_type_id_codename_01ab375a_uniq" ON "auth_permission" ("content_type_id", "codename");
CREATE INDEX IF NOT EXISTS "auth_permission_content_type_id_2f476e4b" ON "auth_permission" ("content_type_id");
CREATE INDEX IF NOT EXISTS "django_session_expire_date_a5c62663" ON "django_session" ("expire_date");
CREATE INDEX IF NOT EXISTS "app001_escuela_referente_id_f4579d25" ON "app001_escuela" ("referente_id");
CREATE INDEX IF NOT EXISTS "app001_directivo_escuela_id_8730a379" ON "app001_directivo" ("escuela_id");
CREATE INDEX IF NOT EXISTS "app002_netbook_escuela_id_2289ab8c" ON "app002_netbook" ("escuela_id");
CREATE INDEX IF NOT EXISTS "app002_directivo_escuela_id_9b14ae41" ON "app002_directivo" ("escuela_id");
CREATE INDEX IF NOT EXISTS "app001_netbook_escuela_id_04ca6ef1" ON "app001_netbook" ("escuela_id");
CREATE INDEX IF NOT EXISTS "app001_informe_autor_id_1b992dce" ON "app001_informe" ("autor_id");
CREATE INDEX IF NOT EXISTS "app001_informe_escuela_id_03023463" ON "app001_informe" ("escuela_id");
CREATE TABLE IF NOT EXISTS "django_migrations" ("id" integer NOT NULL PRIMARY KEY AUTOINCREMENT, "app" varchar(255) NOT NULL, "name" varchar(255) NOT NULL, "applied" datetime NOT NULL);
INSERT INTO "django_migrations" VALUES(1,'contenttypes','0001_initial','2022-06-22 20:40:15.329609');
INSERT INTO "django_migrations" VALUES(2,'auth','0001_initial','2022-06-22 20:40:15.387570');
INSERT INTO "django_migrations" VALUES(3,'admin','0001_initial','2022-06-22 20:40:15.422573');
INSERT INTO "django_migrations" VALUES(4,'admin','0002_logentry_remove_auto_add','2022-06-22 20:40:15.458575');
INSERT INTO "django_migrations" VALUES(5,'admin','0003_logentry_add_action_flag_choices','2022-06-22 20:40:15.498574');
INSERT INTO "django_migrations" VALUES(6,'admin_interface','0001_initial','2022-06-22 20:40:15.517573');
INSERT INTO "django_migrations" VALUES(7,'admin_interface','0002_add_related_modal','2022-06-22 20:40:15.588568');
INSERT INTO "django_migrations" VALUES(8,'admin_interface','0003_add_logo_color','2022-06-22 20:40:15.669569');
INSERT INTO "django_migrations" VALUES(9,'admin_interface','0004_rename_title_color','2022-06-22 20:40:15.692580');
INSERT INTO "django_migrations" VALUES(10,'admin_interface','0005_add_recent_actions_visible','2022-06-22 20:40:15.720577');
INSERT INTO "django_migrations" VALUES(11,'admin_interface','0006_bytes_to_str','2022-06-22 20:40:15.952017');
INSERT INTO "django_migrations" VALUES(12,'admin_interface','0007_add_favicon','2022-06-22 20:40:15.991071');
INSERT INTO "django_migrations" VALUES(13,'admin_interface','0008_change_related_modal_background_opacity_type','2022-06-22 20:40:16.033068');
INSERT INTO "django_migrations" VALUES(14,'admin_interface','0009_add_enviroment','2022-06-22 20:40:16.076794');
INSERT INTO "django_migrations" VALUES(15,'admin_interface','0010_add_localization','2022-06-22 20:40:16.119784');
INSERT INTO "django_migrations" VALUES(16,'admin_interface','0011_add_environment_options','2022-06-22 20:40:16.202782');
INSERT INTO "django_migrations" VALUES(17,'admin_interface','0012_update_verbose_names','2022-06-22 20:40:16.220788');
INSERT INTO "django_migrations" VALUES(18,'admin_interface','0013_add_related_modal_close_button','2022-06-22 20:40:16.253793');
INSERT INTO "django_migrations" VALUES(19,'admin_interface','0014_name_unique','2022-06-22 20:40:16.282791');
INSERT INTO "django_migrations" VALUES(20,'admin_interface','0015_add_language_chooser_active','2022-06-22 20:40:16.319790');
INSERT INTO "django_migrations" VALUES(21,'admin_interface','0016_add_language_chooser_display','2022-06-22 20:40:16.350790');
INSERT INTO "django_migrations" VALUES(22,'admin_interface','0017_change_list_filter_dropdown','2022-06-22 20:40:16.384790');
INSERT INTO "django_migrations" VALUES(23,'admin_interface','0018_theme_list_filter_sticky','2022-06-22 20:40:16.439791');
INSERT INTO "django_migrations" VALUES(24,'admin_interface','0019_add_form_sticky','2022-06-22 20:40:16.528790');
INSERT INTO "django_migrations" VALUES(25,'admin_interface','0020_module_selected_colors','2022-06-22 20:40:16.596785');
INSERT INTO "django_migrations" VALUES(26,'admin_interface','0021_file_extension_validator','2022-06-22 20:40:16.621787');
INSERT INTO "django_migrations" VALUES(27,'admin_interface','0022_add_logo_max_width_and_height','2022-06-22 20:40:16.669787');
INSERT INTO "django_migrations" VALUES(28,'admin_interface','0023_theme_foldable_apps','2022-06-22 20:40:16.714787');
INSERT INTO "django_migrations" VALUES(29,'admin_interface','0024_remove_theme_css','2022-06-22 20:40:16.747850');
INSERT INTO "django_migrations" VALUES(30,'app001','0001_initial','2022-06-22 20:40:16.859793');
INSERT INTO "django_migrations" VALUES(31,'app001','0002_remove_escuela_departamento','2022-06-22 20:40:16.903783');
INSERT INTO "django_migrations" VALUES(32,'app001','0003_auto_20220607_2224','2022-06-22 20:40:17.009235');
INSERT INTO "django_migrations" VALUES(33,'app001','0004_alter_directivo_email','2022-06-22 20:40:17.034234');
INSERT INTO "django_migrations" VALUES(34,'contenttypes','0002_remove_content_type_name','2022-06-22 20:40:17.136233');
INSERT INTO "django_migrations" VALUES(35,'auth','0002_alter_permission_name_max_length','2022-06-22 20:40:17.219230');
INSERT INTO "django_migrations" VALUES(36,'auth','0003_alter_user_email_max_length','2022-06-22 20:40:17.254234');
INSERT INTO "django_migrations" VALUES(37,'auth','0004_alter_user_username_opts','2022-06-22 20:40:17.294235');
INSERT INTO "django_migrations" VALUES(38,'auth','0005_alter_user_last_login_null','2022-06-22 20:40:17.333234');
INSERT INTO "django_migrations" VALUES(39,'auth','0006_require_contenttypes_0002','2022-06-22 20:40:17.345701');
INSERT INTO "django_migrations" VALUES(40,'auth','0007_alter_validators_add_error_messages','2022-06-22 20:40:17.383236');
INSERT INTO "django_migrations" VALUES(41,'auth','0008_alter_user_username_max_length','2022-06-22 20:40:17.426233');
INSERT INTO "django_migrations" VALUES(42,'auth','0009_alter_user_last_name_max_length','2022-06-22 20:40:17.471235');
INSERT INTO "django_migrations" VALUES(43,'auth','0010_alter_group_name_max_length','2022-06-22 20:40:17.511231');
INSERT INTO "django_migrations" VALUES(44,'auth','0011_update_proxy_permissions','2022-06-22 20:40:17.557238');
INSERT INTO "django_migrations" VALUES(45,'auth','0012_alter_user_first_name_max_length','2022-06-22 20:40:17.661245');
INSERT INTO "django_migrations" VALUES(46,'sessions','0001_initial','2022-06-22 20:40:17.693255');
INSERT INTO "django_migrations" VALUES(47,'app001','0005_alter_netbook_estado','2022-07-06 12:03:46.601841');
INSERT INTO "django_migrations" VALUES(48,'app001','0006_alter_netbook_estado','2022-07-06 12:04:06.088480');
INSERT INTO "django_migrations" VALUES(49,'app001','0007_informe_estado','2022-07-13 12:17:18.741121');
INSERT INTO "django_migrations" VALUES(50,'app001','0008_auto_20220713_1002','2022-07-13 13:02:42.164088');
INSERT INTO "django_migrations" VALUES(51,'admin_interface','0025_theme_language_chooser_control','2022-10-11 14:07:56.876146');
INSERT INTO "django_migrations" VALUES(52,'admin_interface','0026_theme_list_filter_highlight','2022-10-11 14:07:56.908598');
INSERT INTO "django_migrations" VALUES(53,'admin_interface','0027_theme_list_filter_removal_links','2024-03-20 22:12:58.902859');
INSERT INTO "django_migrations" VALUES(54,'admin_interface','0028_theme_show_fieldsets_as_tabs_and_more','2024-03-20 22:12:58.972797');
INSERT INTO "django_migrations" VALUES(55,'admin_interface','0029_theme_css_generic_link_active_color','2024-03-20 22:12:59.001099');
INSERT INTO "django_migrations" VALUES(56,'admin_interface','0030_theme_collapsible_stacked_inlines_and_more','2024-03-20 22:12:59.130010');
INSERT INTO "django_migrations" VALUES(57,'app002','0001_initial','2024-04-09 18:48:47.756330');
INSERT INTO "django_migrations" VALUES(58,'app001','0009_alter_netbook_estado','2024-05-14 13:35:44.349363');
INSERT INTO "django_migrations" VALUES(59,'app001','0010_auto_20240514_1040','2024-05-14 13:40:57.793635');
CREATE UNIQUE INDEX "auth_group_permissions_group_id_permission_id_0cd325b0_uniq" ON "auth_group_permissions" ("group_id", "permission_id");
CREATE INDEX IF NOT EXISTS "auth_group_permissions_group_id_b120cbf9" ON "auth_group_permissions" ("group_id");
CREATE INDEX IF NOT EXISTS "auth_group_permissions_permission_id_84c5c92e" ON "auth_group_permissions" ("permission_id");
CREATE UNIQUE INDEX "auth_user_groups_user_id_group_id_94350c0c_uniq" ON "auth_user_groups" ("user_id", "group_id");
CREATE INDEX IF NOT EXISTS "auth_user_groups_user_id_6a12ed8b" ON "auth_user_groups" ("user_id");
CREATE INDEX IF NOT EXISTS "auth_user_groups_group_id_97559544" ON "auth_user_groups" ("group_id");
CREATE UNIQUE INDEX "auth_user_user_permissions_user_id_permission_id_14a6b632_uniq" ON "auth_user_user_permissions" ("user_id", "permission_id");
CREATE INDEX IF NOT EXISTS "auth_user_user_permissions_user_id_a95ead1b" ON "auth_user_user_permissions" ("user_id");
CREATE INDEX IF NOT EXISTS "auth_user_user_permissions_permission_id_1fbb5f2c" ON "auth_user_user_permissions" ("permission_id");
CREATE INDEX IF NOT EXISTS "django_admin_log_content_type_id_c4bce8eb" ON "django_admin_log" ("content_type_id");
CREATE INDEX IF NOT EXISTS "django_admin_log_user_id_c564eba6" ON "django_admin_log" ("user_id");
CREATE INDEX IF NOT EXISTS "app001_actividad_autor_id_c30a0f48" ON "app001_actividad" ("autor_id");
CREATE UNIQUE INDEX "django_content_type_app_label_model_76bd3d3b_uniq" ON "django_content_type" ("app_label", "model");
CREATE UNIQUE INDEX "auth_permission_content_type_id_codename_01ab375a_uniq" ON "auth_permission" ("content_type_id", "codename");
CREATE INDEX IF NOT EXISTS "auth_permission_content_type_id_2f476e4b" ON "auth_permission" ("content_type_id");
CREATE INDEX IF NOT EXISTS "django_session_expire_date_a5c62663" ON "django_session" ("expire_date");
CREATE INDEX IF NOT EXISTS "app001_escuela_referente_id_f4579d25" ON "app001_escuela" ("referente_id");
CREATE INDEX IF NOT EXISTS "app001_directivo_escuela_id_8730a379" ON "app001_directivo" ("escuela_id");
CREATE INDEX IF NOT EXISTS "app002_netbook_escuela_id_2289ab8c" ON "app002_netbook" ("escuela_id");
CREATE INDEX IF NOT EXISTS "app002_directivo_escuela_id_9b14ae41" ON "app002_directivo" ("escuela_id");
CREATE INDEX IF NOT EXISTS "app001_netbook_escuela_id_04ca6ef1" ON "app001_netbook" ("escuela_id");
CREATE INDEX IF NOT EXISTS "app001_informe_autor_id_1b992dce" ON "app001_informe" ("autor_id");
CREATE INDEX IF NOT EXISTS "app001_informe_escuela_id_03023463" ON "app001_informe" ("escuela_id");
CREATE TABLE IF NOT EXISTS "django_session" ("session_key" varchar(40) NOT NULL PRIMARY KEY, "session_data" text NOT NULL, "expire_date" datetime NOT NULL);
INSERT INTO "django_session" VALUES('21sa18ag7jky6gmtjtpac1qvdvhzwsqk','.eJxVjMsOwiAQRf-FtSEDlJdL934DYWCQqoGktCvjv2uTLnR7zzn3xULc1hq2QUuYMzszwU6_G8b0oLaDfI_t1nnqbV1m5LvCDzr4tWd6Xg7376DGUb-1xmSACJwii7JYG8kbNKZ4EFAUOEhTAdLSgtU-oaMMRqhJa20QJLL3B92BNz4:1oBdI3:nW9FqhS8jh3IXd58z2HDPs7dEWRD1P_cmNx9hjSST_M','2022-07-27 14:24:35.058491');
INSERT INTO "django_session" VALUES('us9oz03f0xy6m3lyli2l9x7y38sv33ix','.eJxVjMsOwiAQRf-FtSEDlJdL934DYWCQqoGktCvjv2uTLnR7zzn3xULc1hq2QUuYMzszwU6_G8b0oLaDfI_t1nnqbV1m5LvCDzr4tWd6Xg7376DGUb-1xmSACJwii7JYG8kbNKZ4EFAUOEhTAdLSgtU-oaMMRqhJa20QJLL3B92BNz4:1oBhyt:crClOQPLO-8MQSV8cNaZnds_LJdK7kDjG5o4-JT0W-A','2022-07-27 19:25:07.134473');
INSERT INTO "django_session" VALUES('fsrsaitr5iiei7rofq4r5kdoqw86gk1n','.eJxVjMsOwiAQRf-FtSEDlJdL934DYWCQqoGktCvjv2uTLnR7zzn3xULc1hq2QUuYMzszwU6_G8b0oLaDfI_t1nnqbV1m5LvCDzr4tWd6Xg7376DGUb-1xmSACJwii7JYG8kbNKZ4EFAUOEhTAdLSgtU-oaMMRqhJa20QJLL3B92BNz4:1oBjv0:e6hDI3QLDXHMIi-xsz_62OXH2NbZKDk0KtRYcYvUjsc','2022-07-27 21:29:14.199576');
INSERT INTO "django_session" VALUES('ssq1wlm4hca61s3h00nmnf06zc09js70','.eJxVjMsOwiAQRf-FtSEDlJdL934DYWCQqoGktCvjv2uTLnR7zzn3xULc1hq2QUuYMzszwU6_G8b0oLaDfI_t1nnqbV1m5LvCDzr4tWd6Xg7376DGUb-1xmSACJwii7JYG8kbNKZ4EFAUOEhTAdLSgtU-oaMMRqhJa20QJLL3B92BNz4:1oiFva:_tOlVixRX2Cf-KgMUf-t20kq7poYz0dHsGYIOvMJrmo','2022-10-25 14:08:14.817440');
INSERT INTO "django_session" VALUES('ps194aorydsjt78jwjr6bpoz11zxooyk','.eJxVjMsOwiAQRf-FtSEDlJdL934DYWCQqoGktCvjv2uTLnR7zzn3xULc1hq2QUuYMzszwU6_G8b0oLaDfI_t1nnqbV1m5LvCDzr4tWd6Xg7376DGUb-1xmSACJwii7JYG8kbNKZ4EFAUOEhTAdLSgtU-oaMMRqhJa20QJLL3B92BNz4:1pAdSa:lka0IR0WMeLSrif-v5GcytzKZ92Tw2fsjAZj_GUVK98','2023-01-11 20:55:36.292286');
INSERT INTO "django_session" VALUES('5mghmv6n3qpehwe18fieaq21hyrxqyr6','.eJxVjMsOwiAQRf-FtSEDlJdL934DYWCQqoGktCvjv2uTLnR7zzn3xULc1hq2QUuYMzszwU6_G8b0oLaDfI_t1nnqbV1m5LvCDzr4tWd6Xg7376DGUb-1xmSACJwii7JYG8kbNKZ4EFAUOEhTAdLSgtU-oaMMRqhJa20QJLL3B92BNz4:1pGI3Q:hUhoAuJfftiJYwgD5S1BG0tg49Re1G682j8EmdAJVMg','2023-01-27 11:17:00.218917');
INSERT INTO "django_session" VALUES('z94x4s6oscg17fm556fb0y9662zf2ngi','.eJxVjMsOwiAQRf-FtSEDlJdL934DYWCQqoGktCvjv2uTLnR7zzn3xULc1hq2QUuYMzszwU6_G8b0oLaDfI_t1nnqbV1m5LvCDzr4tWd6Xg7376DGUb-1xmSACJwii7JYG8kbNKZ4EFAUOEhTAdLSgtU-oaMMRqhJa20QJLL3B92BNz4:1rn4PE:RUlp_DuAjqTwxBD3B2nRjTWbI1nZ37jmMIZzEal5naM','2024-04-03 22:27:32.839248');
INSERT INTO "django_session" VALUES('t5xdzz2z1dy7su2c35hf7c3kxadqxt6r','.eJxVjMsOwiAQRf-FtSEDlJdL934DYWCQqoGktCvjv2uTLnR7zzn3xULc1hq2QUuYMzszwU6_G8b0oLaDfI_t1nnqbV1m5LvCDzr4tWd6Xg7376DGUb-1xmSACJwii7JYG8kbNKZ4EFAUOEhTAdLSgtU-oaMMRqhJa20QJLL3B92BNz4:1rsviH:dcx6unv5N8PFGtk7Q4T0oLyhojx5GGnSsVIoNsjXZcc','2024-04-20 02:23:25.249675');
INSERT INTO "django_session" VALUES('av955h6glzjpugawtjf5fzou07v11chb','.eJxVjMsOwiAQRf-FtSEDlJdL934DYWCQqoGktCvjv2uTLnR7zzn3xULc1hq2QUuYMzszwU6_G8b0oLaDfI_t1nnqbV1m5LvCDzr4tWd6Xg7376DGUb-1xmSACJwii7JYG8kbNKZ4EFAUOEhTAdLSgtU-oaMMRqhJa20QJLL3B92BNz4:1ruH6K:YqQLj88ov9UsG0Sg9zVPj4oYMd4HdZ0Pi4RkdOkemTw','2024-04-23 19:25:48.220455');
INSERT INTO "django_session" VALUES('uz25zmxi2orz9jnw6fjv17hra7a1ao3g','.eJxVjMsOwiAQRf-FtSEDlJdL934DYWCQqoGktCvjv2uTLnR7zzn3xULc1hq2QUuYMzszwU6_G8b0oLaDfI_t1nnqbV1m5LvCDzr4tWd6Xg7376DGUb-1xmSACJwii7JYG8kbNKZ4EFAUOEhTAdLSgtU-oaMMRqhJa20QJLL3B92BNz4:1ryt3T:W8OgrP2KHBYEXD30eWtEZJ9LwxHlmI6c2ASZpxvoDoU','2024-05-06 12:45:55.068393');
INSERT INTO "django_session" VALUES('yb359c9fxvhp4dogbekv2pvhoqdae11v','.eJxVjMsOwiAQRf-FtSEDlJdL934DYWCQqoGktCvjv2uTLnR7zzn3xULc1hq2QUuYMzszwU6_G8b0oLaDfI_t1nnqbV1m5LvCDzr4tWd6Xg7376DGUb-1xmSACJwii7JYG8kbNKZ4EFAUOEhTAdLSgtU-oaMMRqhJa20QJLL3B92BNz4:1s3xU1:j58IZjQzHDWwHcakoTnLAWduKKy9lh0nTbev0PZAU5o','2024-05-20 12:30:17.378584');
INSERT INTO "django_session" VALUES('8b3so07anys21e8pgyrqnui2o80lwszz','.eJxVjMsOwiAQRf-FtSEDlJdL934DYWCQqoGktCvjv2uTLnR7zzn3xULc1hq2QUuYMzszwU6_G8b0oLaDfI_t1nnqbV1m5LvCDzr4tWd6Xg7376DGUb-1xmSACJwii7JYG8kbNKZ4EFAUOEhTAdLSgtU-oaMMRqhJa20QJLL3B92BNz4:1s3xlK:UbnRDEKVe9LEaJThsOxQ_7un6cOv71FoTM6NTwMrMIM','2024-05-20 12:48:10.101414');
INSERT INTO "django_session" VALUES('k2s7iycrbn8ep4qxx5wdt4uo6jcm2223','.eJxVjMsOwiAQRf-FtSEDlJdL934DYWCQqoGktCvjv2uTLnR7zzn3xULc1hq2QUuYMzszwU6_G8b0oLaDfI_t1nnqbV1m5LvCDzr4tWd6Xg7376DGUb-1xmSACJwii7JYG8kbNKZ4EFAUOEhTAdLSgtU-oaMMRqhJa20QJLL3B92BNz4:1s6rEx:ELQItgjRVXNWyx6rXR5XjYcVasPezww0Ja74_Vh9xGo','2024-05-28 12:26:43.759955');
CREATE UNIQUE INDEX "auth_group_permissions_group_id_permission_id_0cd325b0_uniq" ON "auth_group_permissions" ("group_id", "permission_id");
CREATE INDEX IF NOT EXISTS "auth_group_permissions_group_id_b120cbf9" ON "auth_group_permissions" ("group_id");
CREATE INDEX IF NOT EXISTS "auth_group_permissions_permission_id_84c5c92e" ON "auth_group_permissions" ("permission_id");
CREATE UNIQUE INDEX "auth_user_groups_user_id_group_id_94350c0c_uniq" ON "auth_user_groups" ("user_id", "group_id");
CREATE INDEX IF NOT EXISTS "auth_user_groups_user_id_6a12ed8b" ON "auth_user_groups" ("user_id");
CREATE INDEX IF NOT EXISTS "auth_user_groups_group_id_97559544" ON "auth_user_groups" ("group_id");
CREATE UNIQUE INDEX "auth_user_user_permissions_user_id_permission_id_14a6b632_uniq" ON "auth_user_user_permissions" ("user_id", "permission_id");
CREATE INDEX IF NOT EXISTS "auth_user_user_permissions_user_id_a95ead1b" ON "auth_user_user_permissions" ("user_id");
CREATE INDEX IF NOT EXISTS "auth_user_user_permissions_permission_id_1fbb5f2c" ON "auth_user_user_permissions" ("permission_id");
CREATE INDEX IF NOT EXISTS "django_admin_log_content_type_id_c4bce8eb" ON "django_admin_log" ("content_type_id");
CREATE INDEX IF NOT EXISTS "django_admin_log_user_id_c564eba6" ON "django_admin_log" ("user_id");
CREATE INDEX IF NOT EXISTS "app001_actividad_autor_id_c30a0f48" ON "app001_actividad" ("autor_id");
CREATE UNIQUE INDEX "django_content_type_app_label_model_76bd3d3b_uniq" ON "django_content_type" ("app_label", "model");
CREATE UNIQUE INDEX "auth_permission_content_type_id_codename_01ab375a_uniq" ON "auth_permission" ("content_type_id", "codename");
CREATE INDEX IF NOT EXISTS "auth_permission_content_type_id_2f476e4b" ON "auth_permission" ("content_type_id");
CREATE INDEX IF NOT EXISTS "django_session_expire_date_a5c62663" ON "django_session" ("expire_date");
CREATE INDEX IF NOT EXISTS "app001_escuela_referente_id_f4579d25" ON "app001_escuela" ("referente_id");
CREATE INDEX IF NOT EXISTS "app001_directivo_escuela_id_8730a379" ON "app001_directivo" ("escuela_id");
CREATE INDEX IF NOT EXISTS "app002_netbook_escuela_id_2289ab8c" ON "app002_netbook" ("escuela_id");
CREATE INDEX IF NOT EXISTS "app002_directivo_escuela_id_9b14ae41" ON "app002_directivo" ("escuela_id");
CREATE INDEX IF NOT EXISTS "app001_netbook_escuela_id_04ca6ef1" ON "app001_netbook" ("escuela_id");
CREATE INDEX IF NOT EXISTS "app001_informe_autor_id_1b992dce" ON "app001_informe" ("autor_id");
CREATE INDEX IF NOT EXISTS "app001_informe_escuela_id_03023463" ON "app001_informe" ("escuela_id");
